-4.760286017407940662e+00,-2.043629745917624252e+00,3.478410552899930508e+00,5.361949999999999772e-01,3.538499999999999979e-02,-8.433519999999999905e-01,0.000000000000000000e+00
-4.449306750639384411e+00,-8.789032132469817293e-01,4.184617817981545862e+00,5.361950305424767471e-01,3.538500201558301972e-02,-8.433520480386031970e-01,7.018510348650269570e+00
-4.141940966764388499e+00,2.849226733414532142e-01,4.846670065833450280e+00,5.361950305424767471e-01,3.538500201558301972e-02,-8.433520480386030860e-01,1.403702069730053914e+01
-3.859985031650667864e+00,1.452628964074827334e+00,5.420655855886762353e+00,5.361950305424767471e-01,3.538500201558301972e-02,-8.433520480386031970e-01,2.105553104595080782e+01
-3.810120238180690677e+00,1.703827963457985595e+00,5.517787999260959531e+00,5.343620778281288342e-01,3.464780167129476174e-02,-8.445326504574989235e-01,2.255518117952281187e+01
-3.631027638784475986e+00,2.878785784854431373e+00,5.845497483883101530e+00,5.328223709586704659e-01,3.403252374503031030e-02,-8.454981220330118896e-01,2.957369152817308233e+01
-3.500424138784799410e+00,4.028695091301557341e+00,6.053111510380849047e+00,5.307089156917256245e-01,3.319113279502055452e-02,-8.468025181924406786e-01,3.659220187682335279e+01
-3.420538791525308486e+00,5.124644677839304663e+00,6.150429513489393152e+00,5.282321860769501054e-01,3.220905429323474983e-02,-8.483051668560724901e-01,4.361071222547361970e+01
-3.407709901353188631e+00,5.698366860462352967e+00,6.148132467224790787e+00,5.253322712261462302e-01,3.106308601965296692e-02,-8.500387646550390253e-01,4.757140132920569187e+01
-3.441474483158853737e+00,6.621352323159338304e+00,6.055881716077337273e+00,5.215809273214662145e-01,3.031042932325714312e-02,-8.522271375527824544e-01,5.458991167785595877e+01
-3.520525358810107974e+00,7.448614014650955184e+00,5.900620503699238739e+00,5.174957374353176265e-01,2.955470290606034001e-02,-8.545575402364820050e-01,6.160842202650622568e+01
-3.633427450355095178e+00,8.182621109619583777e+00,5.714283017073938709e+00,5.367556482007044272e-01,2.941974543956224833e-02,-8.422968947233275827e-01,6.862693237515649969e+01
-3.768696329570988990e+00,8.825438318890990175e+00,5.528807664821108858e+00,5.581516894179282540e-01,2.934764251950785011e-02,-8.235842342477966982e-01,7.564544272380676659e+01
-3.805876484217910249e+00,8.960983438217045460e+00,5.489906645573165989e+00,5.803378710366441373e-01,2.932292985476225855e-02,-7.984264112501020527e-01,7.736520942755934982e+01
-3.967250395620129932e+00,9.425485565279974054e+00,5.377744123110366203e+00,6.024665856468544023e-01,2.935473979910123085e-02,-7.675135074555181625e-01,8.438371977620961673e+01
-4.126165012773629570e+00,9.802201216410825424e+00,5.338137343922699785e+00,6.086561603619869976e-01,1.124650680195740833e-02,-7.659962642210916828e-01,9.140223012485988363e+01
-4.241767894690490870e+00,1.014013677160163773e+01,5.406100082810954000e+00,6.126909096246034858e-01,-1.120209710754576683e-02,-7.631809674590774861e-01,9.842074047351015054e+01
-4.243926004789513762e+00,1.027557491158069070e+01,5.473776394825407010e+00,6.103332774314891296e-01,-3.754166405484522101e-02,-7.601287921131939518e-01,1.008117364049098370e+02
-4.107633549947739660e+00,1.079525512735542847e+01,5.780821933379250765e+00,6.010315604814432389e-01,-6.692241625320045906e-02,-7.569474074854994905e-01,1.078302467535601039e+02
-3.824960062448189202e+00,1.146693743791670350e+01,6.130167324406491147e+00,5.850103607829298946e-01,-9.863871359726744670e-02,-7.543521775523432948e-01,1.148487571022103708e+02
-3.602927553100450542e+00,1.188207883457538117e+01,6.296410989058116137e+00,5.627563615653344842e-01,-1.325225367288663525e-01,-7.536997348590398493e-01,1.184275233763773514e+02
-2.985021671485780903e+00,1.269889712261244874e+01,6.554692301870503002e+00,5.515187573958129086e-01,-1.459127998972841178e-01,-7.612100760550305489e-01,1.254460337250276183e+02
-2.166073452376540587e+00,1.328024304051348459e+01,6.707239528083215774e+00,5.369428951836338060e-01,-1.561377244203025205e-01,-7.700994488365006108e-01,1.324645440736778994e+02
-1.555781165498884233e+00,1.339113508057844726e+01,6.720262447464820710e+00,5.195165635386046477e-01,-1.620971915455638179e-01,-7.801942836866033737e-01,1.368998017739878037e+02
-5.530179005350401855e-01,1.319530334205393807e+01,6.612822104692682501e+00,4.999752754955728573e-01,-1.628197948240815707e-01,-7.912524467849276766e-01,1.439183121226380706e+02
3.683288555652595719e-01,1.279278676742309528e+01,6.418915086280495785e+00,4.792255805763783183e-01,-1.574626829352862856e-01,-8.029326619667922493e-01,1.509368224712883375e+02
1.039938424644427206e+00,1.232755956362739447e+01,6.228435938433705132e+00,4.583194791516806421e-01,-1.451968022757896548e-01,-8.147561992150543775e-01,1.572944390548497609e+02
1.516001550946694643e+00,1.172401500696974708e+01,6.080044249605099260e+00,4.356518291866888770e-01,-1.288701514023242178e-01,-8.253269652942089030e-01,1.643129494035000278e+02
1.534827696161540800e+00,1.164449381771881420e+01,6.076482038724193124e+00,4.117400803687966682e-01,-1.088573158714229577e-01,-8.343448226809475621e-01,1.651430091368838191e+02
1.396431040688252745e+00,1.089947879347374560e+01,6.169980520818315384e+00,3.870648190481704165e-01,-8.564572412152617054e-02,-8.416351168676565742e-01,1.721615194855340860e+02
1.061686712448155490e+00,1.005120662334512893e+01,6.345346178578969543e+00,3.620002980552858296e-01,-5.980513248911206725e-02,-8.471060565472923187e-01,1.791800298341843529e+02
8.236801049863241575e-01,9.457846153667373912e+00,6.467751995725287806e+00,3.424627509684370907e-01,-1.023405173201284851e-01,-8.599154836599248730e-01,1.833994686236469818e+02
4.519510693092031461e-01,8.315552415608337355e+00,6.664597909025961719e+00,3.231532962712298507e-01,-9.519780316085162120e-02,-8.674420310674033630e-01,1.904179789722972487e+02
1.386095839522034079e-01,7.030736019365231293e+00,6.839169513473088102e+00,3.044035407853199482e-01,-8.178278722784450283e-02,-8.749480926072231712e-01,1.974364893209475156e+02
-8.069224300846851439e-02,5.708275781303919771e+00,6.974633961618220468e+00,2.865141175214072078e-01,-6.945316129156103857e-02,-8.818357258078169947e-01,2.040470072003405733e+02
-2.211904640428964397e-01,4.215844160644857119e+00,7.081630496325956869e+00,2.697556672669466082e-01,-6.675445637182948755e-02,-8.885358277452084508e-01,2.110655175489908402e+02
-2.768647775392761856e-01,2.683387271964670084e+00,7.150132169599072718e+00,2.543815621355567935e-01,-6.791273257087880599e-02,-8.954407900588740032e-01,2.180840278976411071e+02
-2.625237858261906809e-01,1.168430401751987313e+00,7.180643947302241870e+00,2.397013639967433829e-01,-6.217482399793405196e-02,-9.013616749060266997e-01,2.251025382462913740e+02
-2.218728623934454747e-01,4.406344676671950511e-01,7.176339881302363111e+00,2.257927086176623188e-01,-5.667096080628961086e-02,-9.070149486107360604e-01,2.286335005360879222e+02
-7.563357726946888515e-02,-8.936749686940953508e-01,7.122380804314857095e+00,2.126909032563860380e-01,-5.248562307153912393e-02,-9.123594243429206108e-01,2.356520108847381891e+02
1.347255074360227678e-01,-2.064059336860403882e+00,7.011570902910650993e+00,2.003870342122158477e-01,-4.965766670371096064e-02,-9.174467071636965843e-01,2.426705212333884560e+02
4.158407504085961937e-01,-3.011350138519472974e+00,6.831032272803691185e+00,1.888255953697607348e-01,-4.680816842786684334e-02,-9.222651867983636675e-01,2.496890315820387229e+02
7.502074443640431856e-01,-3.628642292111257994e+00,6.587435030180142093e+00,1.778996009087947250e-01,-4.329070773954066254e-02,-9.267359193198574374e-01,2.561927709839462750e+02
1.180387078618921448e+00,-3.972942054030542458e+00,6.239061634673445766e+00,1.619247446919696021e-01,-4.564206843591123858e-02,-9.308218655860457380e-01,2.632112813325965703e+02
1.629220517684450087e+00,-3.984816409137561966e+00,5.820251611831649186e+00,1.455387470058480681e-01,-4.937042027668917671e-02,-9.342622318775742896e-01,2.702297916812468657e+02
1.819556971511197663e+00,-3.834890882390216138e+00,5.600630786734653199e+00,1.285778187304053855e-01,-5.444760083820516378e-02,-9.369909872673325424e-01,2.735219638801244173e+02
2.159004968025858506e+00,-3.210463716843711346e+00,5.105102096227101427e+00,1.108540654507890189e-01,-6.083255898592038885e-02,-9.389305619962783345e-01,2.805404742287747126e+02
2.455089143018561515e+00,-2.361743021436537138e+00,4.616134371503436640e+00,9.215782671601902010e-02,-6.870686510129675462e-02,-9.400008132625713442e-01,2.875589845774250080e+02
2.743714785455010130e+00,-1.395960532544518795e+00,4.175339739547137441e+00,7.226116883854147299e-02,-7.839114590848811348e-02,-9.401296843802778858e-01,2.945774949260753033e+02
3.057214186432149372e+00,-4.214424862660375304e-01,3.824323730698864221e+00,5.184300110765135278e-02,-8.917241302138556591e-02,-9.392469497701673165e-01,3.015960052747255986e+02
3.268248524118854803e+00,9.683699197362866107e-02,3.693389014121373659e+00,3.091866583650082489e-02,-1.009710794002296463e-01,-9.373207673751120517e-01,3.056984539786553228e+02
3.675346859093897134e+00,8.236402709868663186e-01,3.612885278514687659e+00,-1.608536740453524530e-02,-9.900871632568719605e-02,-9.274207346203681146e-01,3.127169643273056181e+02
4.087188006572008980e+00,1.336391168514927896e+00,3.663818077286015384e+00,-6.740189664814243142e-02,-9.316081219370782318e-02,-9.077333311251337689e-01,3.197354746759559134e+02
4.284258558969516351e+00,1.478985354839553068e+00,3.752529025328534384e+00,-1.189142664284532219e-01,-8.401386895609767869e-02,-8.782999502883210852e-01,3.236072408917680150e+02
4.534808819774989175e+00,1.448064482920903950e+00,4.004388420431491902e+00,-1.678451542249433937e-01,-7.259714795928008668e-02,-8.416559608689543337e-01,3.306257512404183103e+02
4.566090554599675500e+00,1.341815891524171800e+00,4.106256598462794116e+00,-2.036958735181957081e-01,-6.963076946465508732e-02,-8.268336437052576926e-01,3.328217155200702564e+02
4.493685032138539981e+00,7.152474706895184386e-01,4.488216575930054297e+00,-2.351600842307495220e-01,-6.403300305466981535e-02,-8.213413963979209198e-01,3.398402258687205517e+02
4.246568314072986183e+00,-1.408593618448008011e-01,4.901576362648964569e+00,-2.626612564259439009e-01,-5.786778902293963217e-02,-8.161487911903065884e-01,3.468587362173708470e+02
3.830528904923454991e+00,-1.157148787110522825e+00,5.315204663166888999e+00,-2.849861846502446672e-01,-5.169902709857419204e-02,-8.125844787548044401e-01,3.538772465660211424e+02
3.726615073908084774e+00,-1.361509417055261295e+00,5.386118315346275942e+00,-3.015024805424795784e-01,-4.608334100984350784e-02,-8.122430868382877200e-01,3.551547044580041756e+02
3.005899626790621504e+00,-2.549479947882010933e+00,5.733313494407375366e+00,-3.119993485131171695e-01,-4.149415250385883602e-02,-8.166514484677365182e-01,3.621732148066544710e+02
2.138848035727774821e+00,-3.747095599651641074e+00,6.014170976823213444e+00,-3.398380301560217642e-01,-4.023955300272956392e-02,-8.074694991664098653e-01,3.691917251553047663e+02
1.148877282509742415e+00,-4.891284330974047023e+00,6.201520974778051531e+00,-3.256088494923302101e-01,-3.677413478815078074e-02,-8.261034047340224395e-01,3.762102355039550616e+02
5.402304156062569529e-01,-5.475998915883746321e+00,6.241423160827234362e+00,-2.983779629777646991e-01,-3.394439488347376910e-02,-8.415033538032360427e-01,3.801537196123343278e+02
-6.122329655071034882e-01,-6.366306953344684771e+00,6.175937549080364519e+00,-2.628877786136188943e-01,-3.174692994720808986e-02,-8.506563931756437880e-01,3.871722299609846232e+02
-1.798210639607437766e+00,-7.045110980619037733e+00,5.969103953424068187e+00,-2.264481777918326555e-01,-2.875163580389345983e-02,-8.543295101049097617e-01,3.941907403096349185e+02
-2.952158180055131087e+00,-7.441559234846551796e+00,5.650104006841208282e+00,-1.810289282427384461e-01,-2.604760460483886500e-02,-8.516940701102483358e-01,4.012092506582852138e+02
-2.989827763172392405e+00,-7.447098961599377454e+00,5.636723939903320435e+00,-1.257138135924963374e-01,-2.319765222028691634e-02,-8.442855660907246929e-01,4.014541580934391050e+02
-3.894778019086079013e+00,-7.353863269190359375e+00,5.244475325326676263e+00,-6.861961921960979538e-02,-2.058636984299024031e-02,-8.288088059017061360e-01,4.079308790662713591e+02
-4.757869130128132618e+00,-6.917855217310425076e+00,4.789450369521920159e+00,-3.047608015536630924e-02,-1.254353427033884881e-02,-8.265330284172546227e-01,4.149493894149216544e+02
-5.522316280743416073e+00,-6.239682228871858527e+00,4.322645435117092205e+00,2.004884251098833572e-02,-3.092306139073140118e-03,-8.096021163781811358e-01,4.219678997635719497e+02
-5.608501817955497515e+00,-6.139317315355428128e+00,4.264260791013221308e+00,8.015456590024473693e-02,-6.591244565013744568e-03,-7.762675972529082813e-01,4.228373710671287995e+02
-6.247862861011848068e+00,-5.271681475219900825e+00,3.781196996339287963e+00,1.081692071698359126e-01,-3.237368007868707872e-03,-7.862383991448297360e-01,4.298558814157790948e+02
-6.836942247997852995e+00,-4.443264749529355129e+00,3.261185812256615080e+00,1.275727255998221343e-01,-1.466433908853722287e-05,-7.967785283023302023e-01,4.368743917644293902e+02
-7.170661213199031714e+00,-4.045011101161627209e+00,2.911279914775496636e+00,1.382393901941206538e-01,3.103314903904720850e-03,-8.076692999319399213e-01,4.410677709640517037e+02
-7.619640874473998515e+00,-3.695101628182127840e+00,2.352252419690341601e+00,1.658324271413347539e-01,-1.636711358503741129e-03,-8.050381107955441040e-01,4.469065079916737773e+02
-8.132471661240709082e+00,-3.534852679167269862e+00,1.588036587793255183e+00,2.116863818703897948e-01,-1.394417175032681066e-03,-7.886329730041667929e-01,4.539250183403240726e+02
-8.593937571734377556e+00,-3.573526615886438940e+00,7.444227669961684946e-01,2.540087262622947595e-01,-5.286622754986553029e-04,-7.698847560996487926e-01,4.609435286889743679e+02
-8.971427013389693172e+00,-3.717784990376569176e+00,-1.571887545695246913e-01,2.952411389040185408e-01,-7.764867140030660682e-05,-7.422894595182172317e-01,4.679620390376246633e+02
-9.036879635882073103e+00,-3.761656862383563560e+00,-3.908684218573044711e-01,3.350595394381440939e-01,-8.859699955337168925e-05,-7.065957202751094179e-01,4.697030094220715455e+02
-9.163636643588924713e+00,-3.914609889403598331e+00,-1.360007074766218738e+00,3.745078270180977609e-01,-6.210060799981259724e-04,-6.639569959938020904e-01,4.767215197707218408e+02
-9.133155725338738762e+00,-3.967287044913417660e+00,-2.130394332613720021e+00,4.105022020800125904e-01,-4.517218669138568158e-04,-6.322544295983659746e-01,4.822949598108953637e+02
-8.897113596262240520e+00,-3.889471681773046363e+00,-3.049766274982026903e+00,4.444451716071840530e-01,-2.946059822273860442e-04,-5.979520553365782476e-01,4.893134701595456590e+02
-8.726847277308333872e+00,-3.791060102995088776e+00,-3.354021701312682957e+00,4.554979421443161591e-01,-2.555966000155078977e-04,-6.383922949428024740e-01,4.919358046918497962e+02
-8.050945565232121126e+00,-3.313656408978531864e+00,-4.024249985536604513e+00,4.342646321334533988e-01,-2.852545881180413852e-04,-6.749616081884982632e-01,4.989543150405000915e+02
-7.182618738839273043e+00,-2.619605388148448011e+00,-4.530291784799058696e+00,4.238708284330651721e-01,-3.563168938718531270e-02,-6.813403652786256259e-01,5.059728253891503869e+02
-6.184094494037297274e+00,-1.743414258771949443e+00,-4.886061428853517796e+00,3.967640580194642941e-01,-7.678045311471000389e-02,-6.842522381916117391e-01,5.129913357378006822e+02
-5.465704312449149782e+00,-1.046873646503390098e+00,-5.047866621337739446e+00,3.591404387229138462e-01,-1.164144211622159947e-01,-6.812932435353618033e-01,5.177964010943760513e+02
-4.428485502531518847e+00,8.511239433740906690e-02,-5.189740080891753315e+00,3.420855368484283510e-01,-1.787252243707756205e-01,-6.496515045762670804e-01,5.248149114430262898e+02
-3.447065442776606314e+00,1.312462791274783269e+00,-5.259747024669310100e+00,3.203460218045664498e-01,-2.334378933989154081e-01,-5.810708558660268030e-01,5.318334217916765283e+02
-2.862974098333360473e+00,2.180405340916318213e+00,-5.272385057861463942e+00,2.998476452163958972e-01,-2.676109936247519916e-01,-5.029538553217894892e-01,5.364701734136885989e+02
-2.094387374364722110e+00,3.559704294805126512e+00,-5.253994978801206805e+00,2.729537366229274897e-01,-2.900086105736874864e-01,-4.345997086609916238e-01,5.434886837623388374e+02
-1.427417549228771732e+00,4.957123993868512990e+00,-5.202065673592008110e+00,2.590237902175357987e-01,-2.005308333350447336e-02,-4.322862934751213193e-01,5.505071941109890759e+02
-8.405875777221250011e-01,6.314276304065939982e+00,-5.116980496904976583e+00,2.490427884516423218e-01,1.689743535923660112e-03,-4.322313693313588057e-01,5.575257044596393143e+02
-4.495756859496177205e-01,7.254210562360264625e+00,-5.029457503844401600e+00,2.335356637188446827e-01,-1.324588052080363787e-01,-2.305416106073804039e-01,5.627246685012754597e+02
5.377058148846242114e-02,8.402691497491185046e+00,-4.877467129112146971e+00,2.190672707045576983e-01,-1.156286239144817124e-01,-1.721200746200839127e-01,5.697431788499256982e+02
2.117618912908261763e-01,8.714376564049958418e+00,-4.819776292141930263e+00,1.935929015623791827e-01,-1.114739083128257618e-01,-1.184551595444748723e-01,5.719118072143065774e+02
7.442199691619554303e-01,9.558992990361243614e+00,-4.604424547598328310e+00,1.677363734360513836e-01,-1.040431319816321060e-01,-7.129872453675699384e-02,5.789303175629568159e+02
1.290009205578360296e+00,1.019633937706123206e+01,-4.380016159035135637e+00,1.402014618097447429e-01,-1.398840128918511228e-01,-2.092298754228744118e-02,5.859488279116070544e+02
1.825731827159047915e+00,1.057778470287375505e+01,-4.173111365701589470e+00,1.109784060059556959e-01,-1.831942481934432099e-01,3.432244417386237645e-02,5.929673382602572929e+02
1.996167432692394383e+00,1.060825836373147979e+01,-4.116482110886548362e+00,8.131475127791826241e-02,-2.081454603996562847e-01,6.305804980443813212e-02,5.953434600765066307e+02
2.454897662936639247e+00,1.040556797544200229e+01,-3.993426945176175469e+00,5.181666561136382548e-02,-2.009034332720630589e-01,1.147608773841921476e-01,6.023619704251568692e+02
2.865141791906068214e+00,9.957511392393600502e+00,-3.897209012917161264e+00,2.305603988443820015e-02,-1.897216769270537728e-01,1.631204179457446946e-01,6.093804807738071077e+02
3.226337331369210304e+00,9.339839241522000179e+00,-3.801891300224866654e+00,-4.210462079340587804e-03,-1.764699873812861641e-01,2.075741537962348671e-01,6.163797405699006049e+02
3.543301811078122920e+00,8.623046885241993920e+00,-3.680767797740910119e+00,-2.935861746992164331e-02,-1.559184667774562161e-01,2.468296931555020723e-01,6.233982509185508434e+02
3.796330575393430440e+00,7.865358088990404006e+00,-3.528032515936356805e+00,-8.345728171026493836e-02,-1.505952577006378912e-01,2.627982853718349721e-01,6.304167612672010819e+02
3.889873450575470404e+00,7.317466575648669647e+00,-3.419167334629633626e+00,-1.378702873210916335e-01,-1.404225100640901502e-01,2.689521669232712298e-01,6.353740428898266828e+02
3.826299571293636070e+00,6.530485945805732051e+00,-3.309969495857747024e+00,-1.887284659496745454e-01,-1.300426486707341178e-01,2.638039678703862356e-01,6.423925532384769213e+02
3.511991329226963110e+00,5.742903391181255479e+00,-3.267574524741685416e+00,-2.111750217608596991e-01,-1.202078933557995527e-01,3.027448179203762746e-01,6.494110635871271597e+02
2.945528791417916015e+00,4.969889676076442164e+00,-3.261027025451967543e+00,-2.286491166003652431e-01,-1.110853397844529938e-01,3.395111461694379495e-01,6.564295739357773982e+02
2.937793158060930665e+00,4.961525837122730209e+00,-3.260969532731636811e+00,-2.416989711812991548e-01,-1.040013703844011594e-01,3.728454296176654803e-01,6.565067645609104829e+02
2.111627150856818513e+00,4.221112548739782255e+00,-3.227047756108030629e+00,-2.464784917233970585e-01,-9.671929292143925661e-02,4.049596154123621949e-01,6.635252749095607214e+02
1.099441469806124339e+00,3.525934579822449066e+00,-3.137063337279557551e+00,-2.673252466357688983e-01,-1.308453232650165221e-01,4.213644753642193375e-01,6.705437852582109599e+02
-4.068742830816977907e-02,2.886174751584354770e+00,-3.014121404328906184e+00,-2.743783812543403866e-01,-1.903326120690422840e-01,4.200966823067598388e-01,6.775622956068611984e+02
-1.240601971555607363e+00,2.308809379220962299e+00,-2.908821297108759474e+00,-2.617995792661726440e-01,-2.535617996499152649e-01,3.825525867890939846e-01,6.845808059555114369e+02
-1.542594028252440852e+00,2.178346911897996119e+00,-2.897043110919627740e+00,-2.391874192679963318e-01,-2.941843517910561201e-01,3.327993569452245004e-01,6.863459153387550487e+02
-2.701294177425399567e+00,1.720162307899499421e+00,-2.964077812668699519e+00,-2.186228534991349337e-01,-3.232752504292323303e-01,2.893977813972345992e-01,6.933644256874052871e+02
-3.754367012045648710e+00,1.328853983194594024e+00,-3.233673999687675771e+00,-1.001858319048923723e-01,-3.194097686356255905e-01,3.408623906836785178e-01,7.003829360360555256e+02
-4.032187570750941141e+00,1.220539379233861910e+00,-3.406295036097858109e+00,-3.650616503870496299e-02,-2.236752965431625662e-01,3.746721399059499968e-01,7.026406468746947667e+02
-4.664601002320559076e+00,9.251205472360756188e-01,-4.213177867456034953e+00,-3.599755004182506740e-02,-3.527129038372335823e-01,3.386088791257232944e-01,7.096591572233450051e+02
-5.015042558666912065e+00,6.899679869879271621e-01,-5.105282224195992313e+00,-1.050833032920922699e-01,-4.186074944668281561e-01,2.699287542610195878e-01,7.157224089935780285e+02
-5.218084141965865896e+00,4.039835633579746399e-01,-6.287880127484260839e+00,-8.273261729610827120e-02,-4.395462469441424047e-01,2.641790816304628864e-01,7.227409193422282669e+02
-5.259760014902052028e+00,4.670450684912838546e-02,-7.518810689732087660e+00,-6.008424459560382513e-02,-4.589919517378320823e-01,2.647085409344724360e-01,7.297594296908785054e+02
-5.199765425032319754e+00,-3.458124304025053108e-01,-8.500593549682980310e+00,-5.657138698691510648e-02,-4.790190935981186726e-01,2.845481076305695356e-01,7.355654455436230137e+02
-5.058048643676372969e+00,-9.373558804477485351e-01,-9.595906929714043798e+00,-6.397525041699374249e-02,-5.072174742312199891e-01,3.111796469588007374e-01,7.425839558922732522e+02
-4.893656155192812385e+00,-1.620475699816397830e+00,-1.057304087074319909e+01,-7.284006601061270014e-02,-5.017481617707642005e-01,3.497193543031794083e-01,7.496024662409234907e+02
-4.753406883239664538e+00,-2.366839842479519618e+00,-1.140419115652682436e+01,-7.049472589186102367e-02,-4.722894085647578177e-01,3.940906099534139950e-01,7.566209765895737291e+02
-4.683171505756854813e+00,-3.146601556544854184e+00,-1.206157346809736985e+01,-6.984797740345982664e-02,-4.358970311473089887e-01,4.300337211865709608e-01,7.636394869382239676e+02
-4.719360607337514502e+00,-3.819034729139840323e+00,-1.245399828087576388e+01,-7.178923118017871419e-02,-3.993618615520282966e-01,4.608092064401432264e-01,7.696673601813268988e+02
-4.892167864415410072e+00,-4.579560640859002163e+00,-1.269235775349598505e+01,-6.895902392091213251e-02,-3.806624230853796198e-01,4.905332833367776479e-01,7.766858705299771373e+02
-5.073798887176169892e+00,-5.047821437532237887e+00,-1.270274647127453882e+01,-6.438907889828000830e-02,-3.541466805412122887e-01,5.204233428675225648e-01,7.812348674731907749e+02
-5.422282979900475475e+00,-5.721591697028954648e+00,-1.249896236086762968e+01,-5.758000621578194395e-02,-3.241574001016048201e-01,5.485223679204861424e-01,7.882533778218410134e+02
-5.796412189579727148e+00,-6.333897780572060654e+00,-1.208457447310946620e+01,-3.443458953945812556e-02,-2.666042398237489786e-01,5.662675239522835247e-01,7.952718881704912519e+02
-6.144248101061300815e+00,-6.870543795838064405e+00,-1.148265111293046914e+01,-2.354073433402751551e-03,-1.988629355773104679e-01,5.641268758704572894e-01,8.022903985191414904e+02
-6.405015406966345637e+00,-7.305526436447946637e+00,-1.074353661868900289e+01,3.280407124457442036e-02,-1.319845373758306295e-01,5.370017285800038342e-01,8.091169046551120800e+02
-6.539946990412486727e+00,-7.651304338464704813e+00,-9.855013616558977674e+00,6.297955801052516900e-02,-7.417518952577205338e-02,4.955270998775191393e-01,8.161354150037623185e+02
-6.487557252438951316e+00,-7.885232702436503871e+00,-8.867438828283413343e+00,8.845914396766735299e-02,-2.456240944793057143e-02,4.519075993667916458e-01,8.231539253524125570e+02
-6.235014831535486302e+00,-7.999453517332650421e+00,-7.805681206563050978e+00,1.015481370654411908e-01,2.883006654917854086e-02,4.063410769417384327e-01,8.301724357010627955e+02
-5.853580462728817047e+00,-7.987658946089710277e+00,-6.684761247032087184e+00,1.078471187202276055e-01,7.555677719045741925e-02,3.471735241100199487e-01,8.371909460497130340e+02
-5.845396999670435356e+00,-7.985887576759520989e+00,-6.662254655646890456e+00,1.058664381972042184e-01,1.112855693681040620e-01,2.800260253635653562e-01,8.373275260892681899e+02
-5.443536687156364628e+00,-7.810398069133324128e+00,-5.475195442939697621e+00,9.671631728534978156e-02,1.358043327868609651e-01,2.123062972537328175e-01,8.443460364379184284e+02
-5.273089722701590709e+00,-7.654273422876083366e+00,-4.848698930905375626e+00,8.302735921633028204e-02,1.523088867355430753e-01,1.480210908587425434e-01,8.479258966730147904e+02
-5.016916455665876740e+00,-7.263716413269814431e+00,-3.580607030136627067e+00,8.223077722987427729e-02,2.122555154135561117e-01,1.259202566902894727e-01,8.549444070216650289e+02
-4.803599135334329695e+00,-6.870823392363663018e+00,-2.269581827129108831e+00,7.914627620116036766e-02,2.664920183512511920e-01,1.171137487813195266e-01,8.619629173703152674e+02
-4.667790548087211278e+00,-6.663758094094651696e+00,-1.370207866783826445e+00,7.449786135498649708e-02,3.105616571661672376e-01,1.186857474913483729e-01,8.666128459480917172e+02
-4.454497652997576829e+00,-6.471198657234432439e+00,2.358001806257980365e-02,2.058415772961487422e-01,1.855769008075645321e-01,2.156818420100431177e-01,8.736313562967419557e+02
-4.239462559206494063e+00,-6.373126809728468345e+00,1.416951902376797134e+00,1.317429868870008958e-01,2.466360119000257922e-01,-2.863759176994453218e-02,8.806498666453921942e+02
-4.028980818245258000e+00,-6.310570348701931565e+00,2.760483492431976771e+00,1.409136130799024944e-01,2.543174330806582395e-01,-6.068648560131939540e-02,8.876247268566925186e+02
-3.801468984330107048e+00,-6.215942518873171174e+00,4.047632637744613682e+00,1.517750161731667158e-01,2.517419377853309936e-01,-9.433458129042678053e-02,8.946432372053427571e+02
-3.526011072584080086e+00,-6.019727256495145618e+00,5.255433006708418731e+00,1.649397060860757491e-01,2.378023921542197494e-01,-1.318650058160163729e-01,9.016617475539929956e+02
-3.321453466533884846e+00,-5.814330766564493658e+00,5.914904682468312913e+00,1.809616426679256929e-01,2.119121821596239019e-01,-1.753220079539460630e-01,9.058064787510287488e+02
-2.901759203170140022e+00,-5.307808850092222031e+00,6.933457277007870623e+00,1.775013299183606785e-01,1.998895505740655720e-01,-2.410730434331904704e-01,9.128249890996789873e+02
-2.418739628427952759e+00,-4.659761975277144863e+00,7.848017059809343721e+00,1.853235477696152100e-01,1.728262791670146792e-01,-2.751851881692184976e-01,9.198434994483292257e+02
-1.885613580172963211e+00,-3.887684462395852858e+00,8.652268527977954093e+00,1.921249254655925665e-01,1.372813360019809192e-01,-3.067893721407795593e-01,9.268620097969794642e+02
-1.316138619619968253e+00,-3.008589340136698098e+00,9.339911214677481865e+00,1.971244296903482962e-01,9.437767956517800760e-02,-3.342162910343124960e-01,9.338805201456297027e+02
-7.246047080256555750e-01,-2.038995146176806550e+00,9.904660545412657058e+00,1.994141891973996439e-01,4.639218018171142877e-02,-3.555581686403552211e-01,9.408990304942799412e+02
-1.258277573384053993e-01,-9.949128512588959472e-01,1.034024869285374848e+01,1.981057900965621787e-01,-3.448232970817514346e-03,-3.691493431572174799e-01,9.479175408429301797e+02
4.648569441970406002e-01,1.081670909828147398e-01,1.064042543016901377e+01,1.962031892336391914e-01,-5.595371088073047838e-02,-3.713203598441154329e-01,9.549360511915804182e+02
1.031601430683952270e+00,1.255287566133920452e+00,1.079895898261827725e+01,1.922687430597216085e-01,-1.081932652373289727e-01,-3.672855180216183513e-01,9.619545615402306566e+02
1.558051880767450381e+00,2.432037490463963447e+00,1.080963687719061994e+01,1.866429722998584895e-01,-1.588697781237133622e-01,-3.580636267718157462e-01,9.689730718888808951e+02
2.027355562563707636e+00,3.624564369424489563e+00,1.066626679018163060e+01,1.796819461509552296e-01,-2.072799875833555294e-01,-3.445032351782200131e-01,9.759915822375311336e+02
2.422167900416097641e+00,4.819586720945278735e+00,1.036267739269375987e+01,1.717684948641845788e-01,-2.531394595520694568e-01,-3.273000677129603297e-01,9.830100925861813721e+02
2.724659662394652404e+00,6.004406361272612180e+00,9.892719194141879058e+00,1.633680975865551277e-01,-2.965375213617671979e-01,-3.071358944313455908e-01,9.900286029348316106e+02
2.891403007756240484e+00,7.018812354213362248e+00,9.332659593128505904e+00,1.544543934803333518e-01,-3.372418291396537815e-01,-2.852148089872654224e-01,9.961494440131456258e+02
2.953742593633496227e+00,8.149659544156310886e+00,8.512508863400185533e+00,1.452093050834214472e-01,-3.752817117293994476e-01,-2.620040051345561838e-01,1.003167954361795864e+03
2.869876664338107730e+00,9.237479647617483636e+00,7.508458581908207030e+00,1.357842062104802905e-01,-4.107633240232853589e-01,-2.378798280404417209e-01,1.010186464710446103e+03
2.641027772921320960e+00,1.026838098725917447e+01,6.326709125560845415e+00,9.429397126082668390e-02,-4.306792220413452887e-01,-2.961999574269356672e-01,1.017204975059096341e+03
2.309529931581723705e+00,1.122106279757613123e+01,4.997996851907443805e+00,5.599884744406965348e-02,-4.071649040110765227e-01,-3.517557115815116986e-01,1.024223485407746693e+03
1.937732382039850432e+00,1.206902068862597766e+01,3.565334036387246996e+00,4.831610157613306505e-02,-4.544845846792816002e-01,-3.340122021320556800e-01,1.031241995756397046e+03
1.587042764076752599e+00,1.278367573996107787e+01,2.071747133536307572e+00,4.579696031915275051e-02,-4.982475388210474421e-01,-3.065861407617576639e-01,1.038260506105047398e+03
1.317901272671475388e+00,1.333439820996856895e+01,5.602709064509556747e-01,4.695659722286973231e-02,-5.315864801180724131e-01,-2.739910337268541829e-01,1.045279016453697750e+03
1.201692298173686613e+00,1.365122468198088157e+01,-7.676315246670698533e-01,4.859757965341397062e-02,-5.528770274073817603e-01,-2.439443337379029464e-01,1.051544555969296880e+03
1.240167409604881366e+00,1.378979390844158104e+01,-2.195058194732421253e+00,2.602844862796737865e-02,-5.687947616071576951e-01,-2.129218441102574966e-01,1.058563066317947232e+03
1.427352614084970162e+00,1.371445295852811341e+01,-3.534513014307218093e+00,2.515719820566373558e-03,-5.837729426809173949e-01,-1.627937143895111516e-01,1.065581576666597584e+03
1.719429284840633620e+00,1.343984170326163508e+01,-4.761601243155736185e+00,-2.536057302052134241e-02,-5.823852559402402651e-01,-1.057368958562811961e-01,1.072600087015247937e+03
2.073158109451586295e+00,1.298198483632391387e+01,-5.851943475981308040e+00,-5.512923853773094018e-02,-5.630407759919270339e-01,-4.833352336579699315e-02,1.079618597363898289e+03
2.445895738340554626e+00,1.235827711078999869e+01,-6.781178966668785613e+00,-8.421310737720553996e-02,-5.310157045619321448e-01,3.928660975313820643e-03,1.086637107712548641e+03
2.795611288202608069e+00,1.158746825711086004e+01,-7.524968950268748458e+00,-1.124005817964485870e-01,-4.935544642185811792e-01,5.107993102115201273e-02,1.093655618061198993e+03
2.913245812452118777e+00,1.122953007912357215e+01,-7.739286610169229697e+00,-1.374786544896311469e-01,-4.538645225463646127e-01,9.542694663507482467e-02,1.096450310686425610e+03
3.137722940486745493e+00,1.021615173700315360e+01,-8.067041964270460497e+00,-1.608110502079974358e-01,-4.322131191906057324e-01,1.384637234725058230e-01,1.103468821035075962e+03
3.289183239613520104e+00,9.101261405381492864e+00,-8.199335633496502851e+00,-1.833861297392434253e-01,-4.071844297323332640e-01,1.791638266939703517e-01,1.110487331383726314e+03
3.377026721845710178e+00,7.901345552986006382e+00,-8.160163441637498849e+00,-2.047622782728288071e-01,-3.812083720224010430e-01,2.170800517039315480e-01,1.117505841732376666e+03
3.411153346037816281e+00,6.632548963975257728e+00,-7.973544598300402519e+00,-2.248538067554327335e-01,-3.562404832658125353e-01,2.526052834920344825e-01,1.124524352081027018e+03
3.401958535802461547e+00,5.310662499827753180e+00,-7.663518418576188651e+00,-2.435960109152634223e-01,-3.333548197736844187e-01,2.861928422371816105e-01,1.131542862429677371e+03
3.360328581079053745e+00,3.951110948820908852e+00,-7.254141040550446284e+00,-2.612822369862021210e-01,-3.132698693115710253e-01,3.179871581708660355e-01,1.138561372778327723e+03
3.297635923635694688e+00,2.568940965648827568e+00,-6.769482140841831530e+00,-2.780274347825695824e-01,-2.934459943317319075e-01,3.479077306205927145e-01,1.145579883126978075e+03
3.225734326980735922e+00,1.178809103479924403e+00,-6.233621648895293355e+00,-2.938009856231239003e-01,-2.744895884316316814e-01,3.760317146083630990e-01,1.152598393475628427e+03
3.156953931445521278e+00,-2.050300596954302279e-01,-5.670646460304749503e+00,-3.086407701815064297e-01,-2.567031244998367323e-01,4.025236584257683714e-01,1.159616903824278779e+03
3.104096195214204101e+00,-1.568735698383589172e+00,-5.104647149336529743e+00,-3.226052640858520504e-01,-2.401135647055074873e-01,4.275100542480574362e-01,1.166635414172929131e+03
3.089577017749491894e+00,-2.475698122755832120e+00,-4.732143341380902868e+00,-3.357734729476168911e-01,-2.245733555274780080e-01,4.510629229165366572e-01,1.171416650261072618e+03
3.111352399982737271e+00,-3.763863539616339793e+00,-4.224771057920573725e+00,-3.481886789411860472e-01,-2.097906032301291857e-01,4.732422170408152051e-01,1.178435160609722971e+03
3.175327138839409979e+00,-4.984067320047518734e+00,-3.775868467980637355e+00,-3.958252851287046847e-01,-1.690257644610034526e-01,4.573486375925113201e-01,1.185453670958373323e+03
3.238616048723232943e+00,-5.721237338397422434e+00,-3.524759541067596036e+00,-4.349482993675077291e-01,-1.253944779132770693e-01,4.131568402450433997e-01,1.190133528200938372e+03
3.343473842342314484e+00,-6.657424446069971857e+00,-3.230223889407958904e+00,-4.556025874626630778e-01,-8.846216639512326230e-02,3.589137847630828326e-01,1.197152038549588724e+03
3.390393334019608851e+00,-7.033092305349057050e+00,-3.127301205887503155e+00,-4.809791109325888825e-01,-9.048743756045436737e-02,4.079837601130071323e-01,1.200828234387649445e+03
3.421374829343057478e+00,-7.492221815619804381e+00,-3.063951992947877123e+00,-4.841311861853849763e-01,-1.027090727327604203e-01,4.535117266420936044e-01,1.207846744736299797e+03
3.378358810917094335e+00,-7.583184629330686377e+00,-3.122939312843662663e+00,-4.868589398844891947e-01,-7.470898109489389205e-02,4.704154892206113270e-01,1.211313378967863855e+03
3.131032049776652393e+00,-7.534717592086968452e+00,-3.454611966755029684e+00,-4.981140394340287103e-01,-6.592921775909037219e-02,4.770496676372141809e-01,1.218331889316514207e+03
2.852724225012162051e+00,-7.412695273113933503e+00,-3.809570005264368842e+00,-5.044012916027512672e-01,-6.300114728277711462e-02,4.917755473761083462e-01,1.222970356361650374e+03
2.365142926211725172e+00,-7.222548058119220293e+00,-4.389869456700478345e+00,-5.584067065297210197e-01,6.855497135561984708e-03,3.957563606499981401e-01,1.228714490883405915e+03
1.611461408583243937e+00,-6.991931774435381719e+00,-5.203448601752681313e+00,-5.598061918771186640e-01,3.096258392185112160e-02,4.287671962904842649e-01,1.235733001232056267e+03
7.455127366025883218e-01,-6.787185450385869068e+00,-6.024892119072164931e+00,-5.477625142238590206e-01,5.725062726603902252e-02,4.654169729878285255e-01,1.242751511580706619e+03
-1.739894021082284969e-01,-6.626057256013158536e+00,-6.750113363083491969e+00,-5.202231202716927072e-01,7.560463196640809791e-02,5.008799121957169254e-01,1.249770021929356972e+03
-1.088987721817758381e+00,-6.528239622629222083e+00,-7.275038808998664841e+00,-4.829533934523104199e-01,8.884894370327593716e-02,5.272618984021711919e-01,1.256788532278007324e+03
-1.654347458458048203e+00,-6.520043249347827086e+00,-7.426361248346994515e+00,-4.449336543501936636e-01,1.018371809916219090e-01,5.423783021762101919e-01,1.261412351612740167e+03
-1.912479127594873152e+00,-6.550159946743777439e+00,-7.384392009071747864e+00,-4.272951456304616147e-01,1.160721585446723852e-01,5.673992060806630766e-01,1.263778699238164108e+03
-2.570447060599429179e+00,-6.736037914980335550e+00,-6.914475782963287465e+00,-3.943503795248746724e-01,1.623225034409319367e-01,5.744481953735366409e-01,1.270797209586814461e+03
-3.116923360844921387e+00,-6.997614169068682166e+00,-6.175460661873288792e+00,-3.571169149627785866e-01,2.105754380764088551e-01,5.659850728593506242e-01,1.277815719935464813e+03
-3.549086091070374316e+00,-7.312517721188895869e+00,-5.270486648530061657e+00,-3.196327128451488808e-01,2.560898271234011703e-01,5.428576561173726889e-01,1.284834230284115165e+03
-3.753408162266780312e+00,-7.539932051627695309e+00,-4.634095416911274690e+00,-2.849713064832080089e-01,2.966908303226896693e-01,5.110103992798510353e-01,1.289407388658835544e+03
-3.944896962544900187e+00,-7.905035174044557245e+00,-3.670898999499145443e+00,-1.928400763823908404e-01,1.842749596042743410e-01,5.897730885233253284e-01,1.296425899007485896e+03
-3.975455954063086050e+00,-8.100571189876758282e+00,-3.207428355701406275e+00,-1.473694659632365511e-01,2.631478705446472777e-01,5.609491388785107224e-01,1.300178890579697281e+03
-3.863297410713347091e+00,-8.458794062295709182e+00,-2.519838369081691454e+00,-1.332261865568521164e-01,3.440487915181214551e-01,4.846961431764424399e-01,1.307197400928347633e+03
-3.798479643326262867e+00,-8.528562112614309854e+00,-2.432504710745448051e+00,-1.366903044222126107e-01,3.803546657262046882e-01,4.095284160750109481e-01,1.308597515293951574e+03
-3.256614955236769138e+00,-8.885788400551112076e+00,-2.262145292146462872e+00,-1.291727099938182188e-01,4.037160607047418082e-01,3.800791511599267980e-01,1.315616025642601926e+03
-2.548848945680158185e+00,-9.286287077066742057e+00,-2.316183689276996915e+00,-1.266019571445479441e-01,4.208448878342787580e-01,3.519998241277735307e-01,1.322634535991252278e+03
-2.305401677895796642e+00,-9.425290035417878798e+00,-2.380030342228917295e+00,-1.153424363676421455e-01,4.656470245430806010e-01,3.960624534288675336e-01,1.324714947361491113e+03
-1.405512148215697810e+00,-9.977861284526037267e+00,-2.690069493883294527e+00,-1.080234600776674575e-01,4.224389194945507575e-01,4.794148721562690452e-01,1.331733457710141465e+03
-4.730194243558999423e-01,-1.063012582876962497e+01,-3.014447447767897081e+00,-1.021144779419161236e-01,3.552222604372733961e-01,5.027241382640756928e-01,1.338751968058791817e+03
-3.703595734236132114e-02,-1.098658015986159953e+01,-3.143631375730265187e+00,-9.465921372183618010e-02,3.707028970406218704e-01,5.163154812044641329e-01,1.342083702606275665e+03
8.207109841791805360e-01,-1.181547751805945623e+01,-3.340519001130570764e+00,-8.716843930697887322e-02,3.853988967834884871e-01,5.344897447342580321e-01,1.349102212954926017e+03
1.557248680397576024e+00,-1.268381840535257687e+01,-3.460539475648710006e+00,-7.889292475735093513e-02,3.992748779733655273e-01,5.577543443817666313e-01,1.356120723303576369e+03
2.108310632276964469e+00,-1.354068566886336811e+01,-3.502003062254695820e+00,-7.123002482519787126e-02,4.066525452469234581e-01,5.752699247726106302e-01,1.363139233652226721e+03
2.399767773442663898e+00,-1.430121582829923632e+01,-3.464831347675579210e+00,-6.368617845062142513e-02,4.204082653716111895e-01,5.801552973290773352e-01,1.369872217111204918e+03
2.400332178008317996e+00,-1.498226393798464429e+01,-3.357204016455507034e+00,-6.156964267435591220e-02,4.482282185183484313e-01,5.784633913528690607e-01,1.376890727459855270e+03
2.165660642998449514e+00,-1.534583351361888681e+01,-3.259884426702429394e+00,-6.042453500241749126e-02,4.759035252629200130e-01,5.720234945747280086e-01,1.381659299153875736e+03
1.471895629745948675e+00,-1.572452442122337857e+01,-3.108121823118460192e+00,-8.157960942658228076e-02,4.822500208593628046e-01,5.858398865023407565e-01,1.388677809502526088e+03
4.903167903434392239e-01,-1.596831279626084132e+01,-2.948747880210867311e+00,-1.076397816099303739e-01,4.834030438353593695e-01,5.950810440547955604e-01,1.395696319851176440e+03
-6.879640622802797312e-01,-1.611778400142753043e+01,-2.771665117105846399e+00,-1.371036554813438446e-01,4.806772186500838373e-01,5.995478997110029740e-01,1.402714830199826793e+03
-1.194883280818130000e+00,-1.615260592091956227e+01,-2.693121204045033856e+00,-1.281496238066831550e-01,5.095823019313793223e-01,5.971735307794049374e-01,1.405450117634733260e+03
-2.568122113979011800e+00,-1.617348856843348770e+01,-2.467885572147643813e+00,-1.148316883180138942e-01,5.361457652086581982e-01,5.906865413000034204e-01,1.412468627983383612e+03
-3.961460014364369897e+00,-1.608358260656683569e+01,-2.225096402058955647e+00,-9.848712784813123955e-02,5.580243179326855874e-01,5.807845644295650533e-01,1.419487138332033965e+03
-5.311304969804173659e+00,-1.584293096329269268e+01,-1.972132664551347947e+00,-7.740430739455823883e-02,5.772909813483829700e-01,5.650804491617681391e-01,1.426505648680684317e+03
-6.168458172959081054e+00,-1.556328094800138651e+01,-1.795827228609042647e+00,-4.943081838970819070e-02,5.886279181416550488e-01,5.587466433947848587e-01,1.431299089696804913e+03
-7.300147871062801386e+00,-1.500080784789510702e+01,-1.532390685390150775e+00,-7.530842811943272430e-03,5.972932511498543207e-01,5.483757417960820613e-01,1.438317600045455265e+03
-8.289415797502933003e+00,-1.432138528396940913e+01,-1.260599375649965159e+00,4.225911087279905082e-02,5.954210796816753470e-01,5.333594208910779066e-01,1.445336110394105617e+03
-9.118039096037231062e+00,-1.356821170711627467e+01,-9.771506996027654601e-01,9.619225474452053337e-02,5.810885910540563026e-01,5.132126314830024461e-01,1.452354620742755969e+03
-9.772074436592362190e+00,-1.278502817445926354e+01,-6.787475513981191533e-01,1.496253506344218109e-01,5.556996394330150357e-01,4.887773091076386134e-01,1.459373131091406322e+03
-1.024481323949289013e+01,-1.201593516235247527e+01,-3.621026677930556659e-01,1.996795066661678775e-01,5.226423291652900760e-01,4.625108511403668299e-01,1.466391641440056674e+03
-1.036637177691184597e+01,-1.171858831922173572e+01,-2.217836372148039303e-01,2.460839241385435194e-01,4.856901708466825340e-01,4.343536100747165118e-01,1.469308409524450553e+03
-1.047783212235494510e+01,-1.108858561507527973e+01,1.391840201254477549e-01,2.886229833237620168e-01,4.459556377049016529e-01,4.053688037828416246e-01,1.476326919873100906e+03
-1.043019422899786974e+01,-1.074944039423407816e+01,3.984582684087012439e-01,3.268196492371365225e-01,3.992712357216701702e-01,3.840365223775801251e-01,1.480989963168976146e+03
-1.017499573072816688e+01,-1.039748886292603913e+01,8.326260297435252866e-01,3.594279970321870299e-01,3.473874408057628926e-01,3.625066619444890503e-01,1.488008473517626499e+03
-9.735477004298761727e+00,-1.024809643790511160e+01,1.332484547656889395e+00,3.859063555393655864e-01,2.924146296503117304e-01,3.414610748865300471e-01,1.495026983866276851e+03
-9.116227502453659426e+00,-1.031725366822146306e+01,1.907281557883182987e+00,4.213843678314604380e-01,2.663346996654640808e-01,3.030112487676476785e-01,1.502045494214927203e+03
-8.332714525513036818e+00,-1.055795155451094836e+01,2.537287021858865899e+00,4.522607808683845598e-01,2.444627212377944725e-01,2.615754735872959924e-01,1.509064004563577555e+03
-7.410293217939925015e+00,-1.089114166081717272e+01,3.188302739692274290e+00,4.776737191364983093e-01,2.273601549990965920e-01,2.180190002470244470e-01,1.516082514912227907e+03
-6.684610900504728725e+00,-1.113562779821544524e+01,3.636370916033808243e+00,4.973182738185220053e-01,2.159220164821388233e-01,1.721202244659065517e-01,1.520992770319711099e+03
-5.553395109726618983e+00,-1.143300893888892666e+01,4.237207963420754453e+00,5.117768559162603204e-01,2.107533280736532122e-01,1.246555159908635940e-01,1.528011280668361451e+03
-4.349626468117200773e+00,-1.160576161359840697e+01,4.766774448366386530e+00,5.222898968610217851e-01,2.124424958222539683e-01,7.582602555385033194e-02,1.535029791017011803e+03
-3.087963962077636015e+00,-1.159539412224107124e+01,5.191256578407795530e+00,5.144391151183395072e-01,2.013164158013543703e-01,1.297843997766767732e-02,1.542048301365662155e+03
-2.874511674530043415e+00,-1.156111829247882028e+01,5.239145236584502818e+00,4.920228199653505219e-01,1.909061552652535354e-01,-4.942237103202930942e-02,1.543187414487395245e+03
-1.503729806028652805e+00,-1.115610919930913880e+01,5.385772683745692291e+00,4.577142186192326156e-01,1.809010813293544795e-01,-1.067303558914153711e-01,1.550205924836045597e+03
-7.317338867439059091e-02,-1.057043280973218913e+01,5.356215729929020064e+00,4.163738177467008472e-01,1.710959136348421117e-01,-1.570391546112661074e-01,1.557224435184695949e+03
1.411841091523950098e+00,-9.840405223733664997e+00,5.153626421742064423e+00,4.004733113851075554e-01,1.274687275112686147e-01,-2.009686224936304555e-01,1.564242945533346301e+03
2.930872083671569595e+00,-9.051310728425752572e+00,4.852840344794473459e+00,3.801705471391218505e-01,7.358104868400415499e-02,-2.339857857289003584e-01,1.571261455881996653e+03
4.453573256561439209e+00,-8.312255743635482474e+00,4.564536441315620863e+00,3.577924524759188984e-01,1.708386422773296512e-02,-2.525518916708957562e-01,1.578279966230647005e+03
5.281129334910989570e+00,-7.980554210779342128e+00,4.466185970962386342e+00,3.354207245610136834e-01,-3.754754849606271178e-02,-2.595566257148558265e-01,1.582168065685727697e+03
5.931804822238045283e+00,-7.797609352988557063e+00,4.464668070794917121e+00,3.150398088849238332e-01,-7.395436024539280007e-02,-2.850293679156527538e-01,1.585342279374474174e+03
7.290107890581045247e+00,-7.610472795502642995e+00,4.650899832936687517e+00,2.784085327945761690e-01,-1.126731962916914659e-01,-3.071923970139944227e-01,1.592360789723124526e+03
8.527259684398826423e+00,-7.632107279055885485e+00,5.000649059620818626e+00,2.373129720250594932e-01,-1.483869730543837806e-01,-3.241864415328031268e-01,1.599379300071774878e+03
9.593521162175646211e+00,-7.834470608701360028e+00,5.471880224636171519e+00,1.927255303471106240e-01,-1.787736701424330332e-01,-3.367621685282522481e-01,1.606397810420425230e+03
1.043999022416933542e+01,-8.187936240798796561e+00,6.022541187824986153e+00,1.454984206940453662e-01,-2.027370568896914860e-01,-3.466293159893631959e-01,1.613416320769075583e+03
1.101862087780348354e+01,-8.661313830370412248e+00,6.610568936974805077e+00,9.612060678963263438e-02,-2.200529620519642293e-01,-3.555559646515412120e-01,1.620434831117725935e+03
1.109644541288333919e+01,-8.820553230182122562e+00,6.777692015392881686e+00,4.447046016031439702e-02,-2.333476826247580516e-01,-3.607677509945271255e-01,1.622419288190083535e+03
1.106475848335011491e+01,-9.453171691647160202e+00,7.341941899638868563e+00,1.944835224713209465e-02,-2.419662644546294594e-01,-3.954812561863008114e-01,1.629437798538733887e+03
1.076439184781144576e+01,-1.013602972184665774e+01,7.835975040005842551e+00,3.522448530116665481e-03,-2.409696347125277471e-01,-4.321395978039104246e-01,1.636456308887384239e+03
1.025636867230645066e+01,-1.084685647832104571e+01,8.206180344080147293e+00,-2.568316579470329101e-03,-2.307891299887065983e-01,-4.673353783471710376e-01,1.643474819236034591e+03
1.000769216107731729e+01,-1.111955046977520034e+01,8.282118303777714630e+00,-4.231037963094985699e-04,-2.139350543472942900e-01,-4.984861496703557049e-01,1.646117232088457740e+03
9.237288786725232015e+00,-1.184396777819487490e+01,8.278439612567535022e+00,7.954140593030557121e-03,-1.933707943780326455e-01,-5.256783256450658914e-01,1.653135742437108092e+03
8.411670058902316782e+00,-1.254857961840542657e+01,8.045049786302842065e+00,2.264486387660987528e-03,-1.693879739919293692e-01,-5.522534587907028669e-01,1.660154252785758445e+03
7.609776792386256261e+00,-1.321300468646314918e+01,7.592726666354551845e+00,-1.559291047285579562e-04,-1.393302979788756113e-01,-5.754984094057751243e-01,1.667172763134408797e+03
6.916563085512911435e+00,-1.381777605648774099e+01,6.953710496807428143e+00,-2.902573636914427754e-04,-1.044186154220019119e-01,-5.944210605237690848e-01,1.674191273483059149e+03
6.417656602682741074e+00,-1.434623146335806432e+01,6.160266991901612421e+00,5.865509242941913419e-04,-6.605370234670872309e-02,-6.086540654025849317e-01,1.681209783831709501e+03
6.385144002235598748e+00,-1.440711232502857619e+01,6.034874777898043163e+00,1.251573145896438992e-03,-2.537847337126456979e-02,-6.184149800852934975e-01,1.682166101446910034e+03
6.456381215187343869e+00,-1.476666616024589018e+01,5.006127009022327101e+00,6.134040000486581370e-04,1.694086853490415698e-02,-6.240905556821347844e-01,1.689184611795560386e+03
6.856216570816852318e+00,-1.502353896711818670e+01,3.896458410760780922e+00,1.595217564847057213e-04,8.384605570716750778e-02,-5.985918035856427899e-01,1.696203122144210738e+03
7.516839017393800226e+00,-1.515482337411069658e+01,2.751711448739202925e+00,-3.122749906519844618e-06,1.482313885208481896e-01,-5.366349301634827373e-01,1.703221632492861090e+03
8.319630846158231563e+00,-1.513048674160992846e+01,1.622239796633816677e+00,-9.932233248029032427e-05,1.875837173606609565e-01,-4.558555695195757873e-01,1.710240142841511442e+03
8.827061313114496599e+00,-1.500177564460615542e+01,9.753314912487380806e-01,-2.579912792922540955e-04,2.091758200830935721e-01,-3.828317679546324181e-01,1.714488048499634942e+03
9.596681682372878441e+00,-1.458745327754206578e+01,-6.293541196803619994e-03,-1.632075671536412824e-03,2.314686196652913919e-01,-3.214714363882001380e-01,1.721506558848285295e+03
1.016033551678499158e+01,-1.398620718171581778e+01,-8.967511058713041328e-01,-3.435536853411992001e-03,2.393135934278582955e-01,-2.463088112053448686e-01,1.728525069196935647e+03
1.041699853453646618e+01,-1.321901488171790895e+01,-1.701053536828178503e+00,-5.601479744650032094e-03,2.234917291481476331e-01,-1.663115698394653508e-01,1.735543579545585999e+03
1.038689694625391446e+01,-1.230590373458346498e+01,-2.424364891194901617e+00,-7.818607367602268057e-03,1.856379217297640938e-01,-9.561387051919739699e-02,1.742562089894236351e+03
1.015042783846399921e+01,-1.126907545504080588e+01,-3.071930261024324427e+00,-9.787424213538916881e-03,1.387764561797305563e-01,-4.113358766290867857e-02,1.749580600242886703e+03
9.837428071142037211e+00,-1.030186837473156025e+01,-3.562948796644831440e+00,-1.154325902265456762e-02,9.228121659611715488e-02,2.253615926804156903e-03,1.755554245541648470e+03
9.411212022217805284e+00,-9.091000336660336245e+00,-4.074065681887860890e+00,-1.309754755663587733e-02,4.565704079695401957e-02,4.127672443416065956e-02,1.762572755890298822e+03
8.983401126335630593e+00,-7.826758114530024457e+00,-4.523482974489460240e+00,-2.552761307061865784e-02,1.918312469912064611e-02,9.246937680149931726e-02,1.769591266238949174e+03
8.572526483104896400e+00,-6.519642867366540528e+00,-4.913592364068260387e+00,-4.162503466030002125e-02,-7.221987985114530773e-03,1.384593596729728204e-01,1.776609776587599526e+03
8.177364917297808233e+00,-5.173617909237295365e+00,-5.245830258123024947e+00,-6.215507244016698490e-02,-2.930880272342086326e-02,1.793810112166073500e-01,1.783628286936249879e+03
7.796568912741884461e+00,-3.792594822157336232e+00,-5.521640947761285112e+00,-8.778268095118806069e-02,-4.427853355418548409e-02,2.162597822110995105e-01,1.790646797284900231e+03
7.428667345089196239e+00,-2.380430376280993965e+00,-5.742476408626595585e+00,-1.187560022132338328e-01,-5.063988831597124318e-02,2.491956576421594238e-01,1.797665307633550583e+03
7.072066244203305097e+00,-9.409234644744477460e-01,-5.909796101140055491e+00,-1.546624645574463663e-01,-4.714686168939231231e-02,2.772233741064513701e-01,1.804683817982200935e+03
6.725049585747232328e+00,5.221879480679005869e-01,-6.025066770381628523e+00,-1.926464551647485701e-01,-3.660900494078114104e-02,2.970508516645726793e-01,1.811702328330851287e+03
6.385780112091639538e+00,2.005229858633366558e+00,-6.089762245813946429e+00,-2.307237038210108171e-01,-1.970274913031499001e-02,3.088044894169091337e-01,1.818720838679501639e+03
6.052300183087887753e+00,3.504595245620746535e+00,-6.105363239992771085e+00,-2.673643781829769250e-01,2.020246486589346354e-03,3.135628631314251180e-01,1.825739349028151992e+03
5.722532656362293579e+00,5.016747070321255997e+00,-6.073357146062950740e+00,-3.017774952094374186e-01,2.695446213320416839e-02,3.126480450414062529e-01,1.832757859376802344e+03
5.394281796779279325e+00,6.538221261347296753e+00,-5.995237834484067996e+00,-3.336610460821325397e-01,5.385363231760776498e-02,3.071362189184933533e-01,1.839776369725452696e+03
5.065234214984977612e+00,8.065629681170625176e+00,-5.872505449254592058e+00,-3.628353629081647047e-01,8.166791101577390577e-02,2.977813144906387710e-01,1.846794880074103048e+03
5.059624854989911213e+00,8.091275429994881918e+00,-5.869976067331871938e+00,-3.893607444960928698e-01,1.098956314069856194e-01,2.854936012732494643e-01,1.846912573571727080e+03
4.718392859876026968e+00,9.620977187322498736e+00,-5.691800909839201950e+00,-4.133666668046725445e-01,1.380851443111964783e-01,2.710243398996083353e-01,1.853931083920377432e+03
4.358696182296021959e+00,1.113247978880871969e+01,-5.476528394642358855e+00,-4.618087909217076792e-01,1.060815891260406679e-01,2.608622623112132888e-01,1.860949594269027784e+03
3.939165506933385963e+00,1.257013399989740066e+01,-5.239090194683010182e+00,-4.901322683134152758e-01,4.950875568550997669e-02,2.461784165329238550e-01,1.867968104617678136e+03
3.443715775115169020e+00,1.376706935022433953e+01,-5.016421670139683542e+00,-4.947101195048402289e-01,-6.680149428549220225e-03,2.295341553894525433e-01,1.874465003808173833e+03
2.756281676454630070e+00,1.485871688580134808e+01,-4.786009241406445014e+00,-4.947966962840024130e-01,-4.959493761907993875e-02,2.177874852714147547e-01,1.881483514156824185e+03
1.934735116375043251e+00,1.569567858085405199e+01,-4.572956208265059885e+00,-4.849772473977247422e-01,-9.905791864114649181e-02,2.060267763816010511e-01,1.888356515473016316e+03
9.719144421048305782e-01,1.629900340477542642e+01,-4.370148860388778367e+00,-4.685278522177233618e-01,-1.537943980604172534e-01,1.932492093747635586e-01,1.895375025821666668e+03
-6.718992281736332894e-02,1.665993923175321711e+01,-4.192499097776055450e+00,-4.375858632520954750e-01,-2.068091566899706857e-01,1.799643469738856361e-01,1.902393536170317020e+03
-3.395703008406871226e-01,1.669312293105059553e+01,-4.156687661314704130e+00,-3.967662964427310368e-01,-2.526075770104689866e-01,1.670724959608891058e-01,1.904180209260391848e+03
-1.404678804345727672e+00,1.661259147648022960e+01,-4.043581257445496568e+00,-3.503171112098691364e-01,-2.908915226550711219e-01,1.591383613262768171e-01,1.911198719609042200e+03
-2.416656402492218358e+00,1.636379989781320177e+01,-3.914300248149212624e+00,-2.961119652607044905e-01,-3.225849191824821660e-01,1.519800789566191357e-01,1.918217229957692552e+03
-2.701498992477247452e+00,1.624399251708104330e+01,-3.853209392869505034e+00,-2.375588551105809465e-01,-3.463607508148179304e-01,1.454644151445041167e-01,1.920421004952668000e+03
-3.477493888170063219e+00,1.575870482943540374e+01,-3.565227817338049388e+00,-1.911135542318088965e-01,-3.726801254673521857e-01,1.210264664503085813e-01,1.927439515301318352e+03
-4.114031959768132296e+00,1.520772279996440446e+01,-3.167257922070632947e+00,-1.424389750005249367e-01,-3.914325819257412076e-01,9.243165699482010222e-02,1.934458025649968704e+03
-4.140761055632506071e+00,1.517643592114091966e+01,-3.140110165398208419e+00,-9.368721674926623610e-02,-4.019255792726352250e-01,5.959725194884493010e-02,1.934833548937181376e+03
-4.498368033209126260e+00,1.457854320971918050e+01,-2.515212465026153588e+00,-4.676946063457523145e-02,-4.039399409426793208e-01,2.230418949337219583e-02,1.941852059285831729e+03
-4.711062175112281203e+00,1.398901710768000939e+01,-1.762980975421524210e+00,-4.004301835448235806e-03,-3.979254835144541147e-01,-1.861068544406256978e-02,1.948870569634482081e+03
-4.809256669771071913e+00,1.342807081318050422e+01,-9.105801017263447372e-01,3.309657518349170408e-02,-3.854016638292625530e-01,-6.234143800558845233e-02,1.955889079983132433e+03
-4.820964620070439466e+00,1.313271434160289708e+01,-3.902750553596481264e-01,6.617155125386610381e-02,-3.666196343515183975e-01,-1.055901331942442622e-01,1.959877252758428313e+03
-4.797791599333566914e+00,1.266628909105780032e+01,5.562098973155269466e-01,9.508508110188361451e-02,-3.431691069349591672e-01,-1.476385608169508701e-01,1.966895763107078665e+03
-4.770883261191552371e+00,1.226843938951452628e+01,1.496685413548028754e+00,1.200027224110922219e-01,-3.163699715582555805e-01,-1.881695785300373513e-01,1.973914273455729017e+03
-4.758907194213367831e+00,1.194009723503156728e+01,2.374251917296371417e+00,1.479250629739529976e-01,-2.832933233126429529e-01,-2.219247761772583372e-01,1.980932783804379369e+03
-4.745502920265031399e+00,1.176223440021267130e+01,2.830233437463419488e+00,1.717660058479048291e-01,-2.417226131866135053e-01,-2.518839475482388401e-01,1.985277154095042533e+03
-4.672941594463392079e+00,1.147396476328123960e+01,3.342179270368255573e+00,1.907013687664561863e-01,-1.916164794745689459e-01,-2.754265227580941500e-01,1.992295664443692885e+03
-4.643700351571300011e+00,1.141378633282104005e+01,3.384385015856254064e+00,2.034609607728294633e-01,-1.343743196253842642e-01,-2.901155852362770626e-01,1.993595744716590161e+03
-4.383408280059395423e+00,1.102647868220496719e+01,3.360065353725064430e+00,2.093227985861677853e-01,-7.306959009372425429e-02,-2.944116327316370629e-01,2.000614255065240513e+03
-4.014472501759867029e+00,1.055123474143987572e+01,3.226464145404146056e+00,2.088944352990212694e-01,-1.139239129510919747e-02,-2.886919925553439459e-01,2.007632765413890866e+03
-3.991308353298833378e+00,1.052395748417540666e+01,3.221050594866984529e+00,2.028284030068663590e-01,4.778187762204316735e-02,-2.756912458755936268e-01,2.007974849643522475e+03
-3.419004132489842807e+00,9.888667112304228013e+00,3.181775163278020013e+00,1.928811316502545559e-01,1.032841855271797726e-01,-2.576317591430896115e-01,2.014993359992172827e+03
-2.772338484865057850e+00,9.198499981765781541e+00,3.229828049302084114e+00,1.802534924329681765e-01,1.550206441377184607e-01,-2.360420799391623747e-01,2.022011870340823180e+03
-2.180846755647549706e+00,8.594984032441452371e+00,3.374562486610393819e+00,1.656967101625463623e-01,2.030551698505380365e-01,-2.118954477314135554e-01,2.028168003686437260e+03
-1.540850913134473199e+00,7.962282265408910931e+00,3.714347754389715650e+00,1.584256954252761251e-01,2.490759631745817215e-01,-1.981427502313762856e-01,2.035186514035087612e+03
-1.265302882407990381e+00,7.698571084857233515e+00,3.995870651108923255e+00,1.500142387796519206e-01,2.924873555861968732e-01,-1.830512098440484070e-01,2.038704497407914459e+03
-8.352898292415484871e-01,7.314766900339870759e+00,4.788113622102678768e+00,1.412118780751161762e-01,3.336281700307905385e-01,-1.731215435373597566e-01,2.045723007756564812e+03
-8.186834185236528949e-01,7.301597371845717888e+00,4.839680143775187737e+00,1.326003358125931175e-01,3.722008117737086175e-01,-1.651798228756758136e-01,2.046090226308928550e+03
-6.374900341295159922e-01,7.205806307290588464e+00,5.816649275583064771e+00,1.246581430425306031e-01,4.083528575621289680e-01,-1.595152943105308252e-01,2.052038275786038866e+03
-5.170549675966884529e-01,7.258674781819992816e+00,7.109898611600796947e+00,1.178183818558613399e-01,4.424962793286062457e-01,-1.530302872412035720e-01,2.059056786134688991e+03
-4.560424754085854460e-01,7.473270928579923478e+00,8.475482420947781037e+00,1.110504962609588642e-01,4.746298684216727626e-01,-1.477557836527508550e-01,2.066075296483339116e+03
-4.185679296761621870e-01,7.838300336284654612e+00,9.825826806297337512e+00,1.045565391745100076e-01,5.048536090829620626e-01,-1.441154515977604300e-01,2.073011912868362742e+03
-3.693186462322135544e-01,8.343299468442582523e+00,1.112431120395228135e+01,9.844731602440898177e-02,5.259739781520197388e-01,-1.785981153585459447e-01,2.080030423217012867e+03
-2.780572888546997690e-01,8.941839666907252848e+00,1.229212481358818465e+01,9.275514605971163506e-02,5.270526713117869022e-01,-2.291529364271121805e-01,2.087048933565662992e+03
-1.171092013699051859e-01,9.579861173547268294e+00,1.326913201574079260e+01,8.743797989590847142e-02,5.020576824629040535e-01,-2.826697474817009281e-01,2.094067443914313117e+03
1.394433521288584166e-01,1.020242996132008528e+01,1.399522319939827675e+01,8.237457956924966462e-02,4.621492480170198980e-01,-3.255794725765290831e-01,2.101085954262963241e+03
5.157506529300927012e-01,1.075378124893853915e+01,1.441032296772566035e+01,7.759526012063146239e-02,4.203478648377821369e-01,-3.600192872402747657e-01,2.108104464611613366e+03
5.516106093880265293e-01,1.078630030812973928e+01,1.441621740742646729e+01,4.613018481100567003e-02,4.062635741302522141e-01,-3.938063910523204036e-01,2.108606706054075858e+03
1.165073596026625191e+00,1.113409188881748513e+01,1.416755277594011808e+01,4.289894010366011694e-03,3.863118401266241730e-01,-4.206610430859427652e-01,2.115625216402725982e+03
1.853785118607639948e+00,1.137184290240588069e+01,1.361048489216368651e+01,-4.647681818006123983e-02,3.628550349290970978e-01,-4.332833074585189514e-01,2.122643726751376107e+03
2.556962382235371312e+00,1.151940898152825099e+01,1.280349743451095890e+01,-1.008342107318469516e-01,3.396545936734625681e-01,-4.287827452805190731e-01,2.129662237100026232e+03
3.214521118526646681e+00,1.159862050575239678e+01,1.180510815743460640e+01,-1.534466693266105797e-01,3.192388179495363465e-01,-4.115954578227282723e-01,2.136680747448676357e+03
3.269763781645434353e+00,1.160210410613800036e+01,1.169433382363246210e+01,-2.035520756178930968e-01,3.023873101348287240e-01,-3.878851024190339558e-01,2.137362902931098688e+03
3.395723313144674904e+00,1.160345260656578148e+01,1.134955185556452051e+01,-2.494837757336714479e-01,2.850745994689248275e-01,-3.601841063707119095e-01,2.139284793278920461e+03
3.723050877562506411e+00,1.158120008794622535e+01,1.006106753129193265e+01,-2.917793873576776664e-01,2.682017260259748626e-01,-3.501046169181734613e-01,2.145918129657789450e+03
3.962189391956921547e+00,1.154066863760461459e+01,8.627827085098806137e+00,-3.328236755750339504e-01,2.524261745421211844e-01,-3.340255040861706548e-01,2.152936640006439575e+03
4.096105390532357227e+00,1.150154374240294430e+01,7.284996956691951908e+00,-3.714885645620092380e-01,2.378881046868976668e-01,-3.182329624525286893e-01,2.159368698519512236e+03
4.147700633310936524e+00,1.147599132036895497e+01,6.145941306527229031e+00,-4.081336529921466005e-01,2.243296524764578914e-01,-2.959912172423461718e-01,2.164828206078095263e+03
4.144878049494298722e+00,1.147118882250370042e+01,5.590139105793610064e+00,-3.554439891213569402e-01,1.730688859029073656e-01,-4.176408653568079998e-01,2.167542399258043133e+03
4.074696429530053621e+00,1.149122625876361425e+01,4.420078058626924822e+00,-4.598906181191364517e-01,1.926524239390598192e-01,-2.902516962105809450e-01,2.173479490817127498e+03
4.011127721181598993e+00,1.152152124567771807e+01,3.924453843638132877e+00,-4.877739240238931906e-01,1.800608735912406499e-01,-2.680783738765467050e-01,2.176167386328740577e+03
3.816372152656550831e+00,1.163948089841893641e+01,3.046444212422823483e+00,-5.135989654320364250e-01,1.679999900994272322e-01,-2.570871855082760837e-01,2.181470140147130678e+03
3.459172439414291311e+00,1.190439256343837116e+01,2.081752421662271146e+00,-5.369326936871814393e-01,1.563519710015154884e-01,-2.414257228650638076e-01,2.188488650495780803e+03
3.316370396641064922e+00,1.202815442332712159e+01,1.867073832879089901e+00,-5.555526157863962533e-01,1.450223574223584444e-01,-2.123158242174837118e-01,2.190654836731767773e+03
2.939790660549276513e+00,1.239362050887746669e+01,1.613217145006426989e+00,-5.216226246142370293e-01,1.403479360089336103e-01,-3.477696173725781659e-01,2.195335977119677864e+03
2.299130986292739820e+00,1.307431802236979834e+01,1.558934111055637839e+00,-5.305213572691099833e-01,9.070039442126735796e-02,-3.520778599989071722e-01,2.202354487468327989e+03
1.624967249238129519e+00,1.383772427652830039e+01,1.804710335198632221e+00,-5.254552999659782841e-01,2.165415991146402153e-02,-3.444031699148656922e-01,2.209372997816978113e+03
9.625824727904039868e-01,1.461683139267040765e+01,2.305877772330006792e+00,-4.999589378447573673e-01,-5.027828897083427145e-02,-3.161267506319538900e-01,2.216391508165628238e+03
3.550247106091534710e-01,1.534317408335473942e+01,3.017733490151190523e+00,-4.625037787116320076e-01,-1.058127557439420413e-01,-2.824614150063315954e-01,2.223410018514278363e+03
3.380918386530762376e-01,1.536361123314505051e+01,3.044356474155013093e+00,-4.233436664009524453e-01,-1.500239144288907922e-01,-2.603904697333356832e-01,2.223628727565386725e+03
1.691245734920001076e-01,1.556687440557759672e+01,3.400158835591989614e+00,-4.069638400320716443e-01,-1.984192228351948639e-01,-2.458272784601286121e-01,2.226170076501355652e+03
-1.022350004465338302e-01,1.588688854266842654e+01,4.254807909533995236e+00,-3.863709204925653284e-01,-2.469571538305332659e-01,-2.335890147459719346e-01,2.231471738619234202e+03
-1.972552184442812329e-01,1.599578086615413319e+01,4.734330887152795597e+00,-3.631901905803298081e-01,-2.917257061208661795e-01,-2.151199888844896047e-01,2.234156098565320008e+03
-3.258565987071641579e-01,1.612443078013174613e+01,5.867175545853490881e+00,-3.403953993695918445e-01,-3.321021986776701573e-01,-2.104838630062859928e-01,2.240093257023703245e+03
-4.211309071923874936e-01,1.615605241012932680e+01,7.233028682739903736e+00,-3.200440028125852154e-01,-3.696982148764605403e-01,-2.018303018725460252e-01,2.247111767372353370e+03
-4.272233528109266598e-01,1.615128066556835762e+01,7.328198277897078228e+00,-3.028273922145239827e-01,-4.061246505016183339e-01,-1.954099122846982561e-01,2.247611627120953017e+03
-4.656986328992836488e-01,1.609127806946823469e+01,7.801107926182276664e+00,-2.854713175782659929e-01,-4.407422217793555141e-01,-1.870070179221265116e-01,2.250215924582217667e+03
-6.147700811864353909e-01,1.583291521813753100e+01,8.919740651876239212e+00,-2.686547170925494554e-01,-4.730397992861899437e-01,-1.792423451780833787e-01,2.256941064913206901e+03
-7.790130846527842934e-01,1.558338399509595895e+01,9.564858987967951975e+00,-2.528988048445861003e-01,-5.032588148137439044e-01,-1.732627378936823226e-01,2.261510049320788767e+03
-9.050285681897090040e-01,1.541525639436978601e+01,9.820330150548656434e+00,-2.383160390904184578e-01,-5.317849175030895381e-01,-1.670592170415816924e-01,2.263869698790566872e+03
-1.400692494046022141e+00,1.481442006126576771e+01,1.032730392040004475e+01,-1.921061371895972092e-01,-5.554349336395073555e-01,-1.631861868267629745e-01,2.270888209139216997e+03
-1.988043366284669933e+00,1.415352277036186557e+01,1.057853558725373588e+01,-1.319940334578277030e-01,-5.658713504833655650e-01,-1.596055215208991573e-01,2.277906719487867122e+03
-2.621348591851948129e+00,1.348135566172748234e+01,1.057706147105112393e+01,-6.331691727599893238e-02,-5.555765758206399063e-01,-1.558252035618672426e-01,2.284925229836517246e+03
-3.253316399655732383e+00,1.284516775702671154e+01,1.032595236252713988e+01,2.055647920652881044e-03,-5.262350658070685805e-01,-1.511376118188766104e-01,2.291943740185167371e+03
-3.447671332272743694e+00,1.265772849039250758e+01,1.016124022214151346e+01,5.899667990572003001e-02,-4.884057911445249811e-01,-1.456615420109668158e-01,2.294268631095975252e+03
-3.955706304713471066e+00,1.219161919918399306e+01,9.419945220841006162e+00,1.119132330334931397e-01,-4.485872861491843611e-01,-1.401740126917668805e-01,2.301287141444625377e+03
-4.327001959038915935e+00,1.187823025369067231e+01,8.528710138094405480e+00,1.625831280706748483e-01,-4.307793449007972231e-01,-1.363386503359341750e-01,2.307719247857450227e+03
-4.625236500640227177e+00,1.165853861102783462e+01,7.362599895728769717e+00,2.116793216587586068e-01,-4.082640106370358235e-01,-1.324608384717733678e-01,2.314737758206100352e+03
-4.815758184932017016e+00,1.155028430696394359e+01,6.160248329211970741e+00,2.578170324298083571e-01,-3.837119164397684856e-01,-1.218829433378637722e-01,2.321169914050567513e+03
-4.959342960058370942e+00,1.150528231426519987e+01,4.746076358347962376e+00,3.003085886133959881e-01,-3.599580582118851457e-01,-1.048044967211925887e-01,2.328188424399217638e+03
-5.069071409031591813e+00,1.149971157941696731e+01,3.268189877532516441e+00,3.405272400646752740e-01,-3.385501027231118676e-01,-9.799498917289689581e-02,2.335206934747867763e+03
-5.088879668661545175e+00,1.150059783860687901e+01,2.962807795090048213e+00,3.775211415306461427e-01,-3.202105721520997483e-01,-7.815293745218380994e-02,2.336621572165599900e+03
-5.191899235018632375e+00,1.149277488757583221e+01,1.427217181235412191e+00,4.112511518031501390e-01,-3.017824433606501877e-01,-5.576671497713577702e-02,2.343640082514250025e+03
-5.279840780746562601e+00,1.146020289100900769e+01,2.869935695965727951e-01,4.445131234938821119e-01,-2.840355154812525540e-01,-4.298436106136285101e-02,2.348855237336587834e+03
-5.404651321863006785e+00,1.135719460546053661e+01,-1.217633535014423396e+00,4.741996362155202482e-01,-2.677357818501440168e-01,-1.030773990165199522e-01,2.355873747685237959e+03
-5.503035568683096734e+00,1.118247924086163181e+01,-2.652417041077469229e+00,5.059121398833490435e-01,-2.522625057246299929e-01,-8.930622581801601900e-02,2.362892258033888083e+03
-5.515438907533699364e+00,1.106118420024355409e+01,-3.303512803693357203e+00,5.350927687810728139e-01,-2.377761880175252862e-01,-7.410082152148610157e-02,2.366362772271179438e+03
-5.434364567751209130e+00,1.078171790456769763e+01,-4.399112315120559558e+00,5.618238441946991069e-01,-2.239320724057003442e-01,-5.967642010602883934e-02,2.372917225974063513e+03
-5.207244416331343828e+00,1.046443289556293976e+01,-5.439296599784703368e+00,5.869192929266239256e-01,-2.109570105798753703e-01,-6.032803762751101639e-02,2.379935736322713637e+03
-4.836497261312588059e+00,1.021184006525264287e+01,-6.343047925337605975e+00,6.105699354379868771e-01,-1.987772597629791915e-01,-5.899915105749503619e-02,2.386715076025248891e+03
-4.313082565852372596e+00,1.010750769538253913e+01,-7.197566787121109755e+00,6.084999327668852986e-01,-1.012062116672587941e-01,-4.073695007245242000e-02,2.393733586373899016e+03
-3.805542923136385092e+00,1.021213479979134853e+01,-7.832193280003289182e+00,5.701364639664957545e-01,-4.234095483102010699e-02,2.837410471657801983e-02,2.399460729643586546e+03
-3.123464961069503776e+00,1.057218909345761837e+01,-8.521305875625865056e+00,5.667941007664846209e-01,-2.677429825186916634e-02,7.425621738172503983e-02,2.406479239992236671e+03
-2.411688713572517351e+00,1.106903979667513127e+01,-9.099114351496611519e+00,5.522661913769957298e-01,-2.007191918729823651e-02,1.249374887859431432e-01,2.413497750340886796e+03
-1.701469362980043032e+00,1.156350909457378151e+01,-9.537424281131830384e+00,5.258353742438781619e-01,-2.147439458550593969e-02,1.768819782356377823e-01,2.420516260689536921e+03
-1.028649598390067865e+00,1.191752954582053547e+01,-9.808060257306966179e+00,4.897418825672044673e-01,-2.579435088273219698e-02,2.259075243596229965e-01,2.427534771038187046e+03
-7.018981938431002598e-01,1.196940340543895864e+01,-9.850776194161111832e+00,4.506396689067658223e-01,-4.203930891226240890e-02,2.706052936920413376e-01,2.431362472993725078e+03
-5.607131256919128948e-01,1.190450900172129955e+01,-9.814438818976956469e+00,4.308795363102214115e-01,-4.217088064046232293e-02,3.109559341041639446e-01,2.433344024503155197e+03
-2.370016454943619233e-01,1.143226266567979543e+01,-9.526694587360763578e+00,4.082271089008442932e-01,-2.525847570137684794e-02,3.515480365295681753e-01,2.439260985669431648e+03
1.372464984721758277e-02,1.059880869838180395e+01,-8.985337509849024684e+00,3.842205951548189891e-01,6.325313372264902874e-03,3.861272886894115963e-01,2.446279496018081772e+03
1.182887761046458597e-01,9.596497016677277614e+00,-8.284686988892408621e+00,3.606181319733091084e-01,5.197837338784690869e-02,4.071242540300496482e-01,2.453298006366731897e+03
6.868614869974602744e-02,8.542484712908869682e+00,-7.478291018873308715e+00,3.390975068743266596e-01,1.072419252818315738e-01,4.076235016192346627e-01,2.460316516715382022e+03
-1.393116609609008627e-01,7.554116979008078658e+00,-6.619712010435612193e+00,3.205071465355867621e-01,1.632886690445458644e-01,3.892244779919797337e-01,2.467335027064032147e+03
-5.061551572356672857e-01,6.748833797958674552e+00,-5.762519474261957875e+00,3.021117482398142928e-01,2.128370067117855424e-01,3.617605540937489650e-01,2.474353537412682272e+03
-5.238612743798671811e-01,6.726851038963185481e+00,-5.733006421748076953e+00,2.844258547963093298e-01,2.568430066563164860e-01,3.311460112900037056e-01,2.474604667453931143e+03
-6.651896168537306808e-01,6.636143249441052383e+00,-5.555169571794294825e+00,2.677933980698909977e-01,2.985959555369916973e-01,3.219824650567690849e-01,2.476215961166984471e+03
-1.118937035744319131e+00,6.585317831771747343e+00,-5.135423973156285626e+00,2.836601822100291437e-01,3.368270880621288543e-01,3.012875353586041971e-01,2.480445395364471551e+03
-1.975814375343868834e+00,6.822577352029182585e+00,-4.549487258925536182e+00,3.057582153594878283e-01,3.656542310700301446e-01,2.768302099845839637e-01,2.487463905713121676e+03
-2.864258992657664482e+00,7.366193048393236076e+00,-4.108518754771849579e+00,3.310726006605750893e-01,3.844531007109325826e-01,2.518992908186336588e-01,2.494482416061771801e+03
-3.078668296661061898e+00,7.570882989182403655e+00,-4.039146351594303574e+00,3.574346556675286890e-01,3.961904221264293535e-01,2.316740830481902325e-01,2.496244337653156890e+03
-3.852584616346459878e+00,8.622960253872678393e+00,-3.913349048205699177e+00,3.929415157883845988e-01,3.926830569775831559e-01,2.132436763425342718e-01,2.503262848001807015e+03
-4.491680826417540295e+00,9.859639852243779146e+00,-3.890980257885309435e+00,4.337974991111567813e-01,3.701625577901189179e-01,1.939384509136540535e-01,2.510281358350457140e+03
-4.938059351150261733e+00,1.120585561983395806e+01,-3.913122311330166525e+00,4.686974528026129350e-01,3.303570361424885138e-01,1.761638637242984584e-01,2.517299868699107265e+03
-5.157867159709561555e+00,1.259666906653791152e+01,-3.939903764222278060e+00,4.935482196504900609e-01,2.814226701545210485e-01,1.607776774432282951e-01,2.524318379047757389e+03
-5.159099028770301132e+00,1.273952492421445548e+01,-3.942534885311866244e+00,5.105139182903485340e-01,2.302449910161027680e-01,1.475990563972098546e-01,2.525034968345896232e+03
-4.982014741108293343e+00,1.412988680115478068e+01,-3.976818800577571089e+00,5.234514935995040474e-01,1.783048476134578009e-01,1.356076152971686377e-01,2.532053478694546357e+03
-4.627360269341384225e+00,1.548820679960219771e+01,-4.033023513127107051e+00,5.539856310970988629e-01,1.988819464334784237e-01,2.027725657376852064e-01,2.539071989043196481e+03
-4.130165623223443383e+00,1.678651510898464494e+01,-4.128430067752430155e+00,5.309657716857559828e-01,2.380767438782544765e-01,2.610071131399281930e-01,2.546090499391846606e+03
-3.578320641352611631e+00,1.788438141773914225e+01,-4.255768330824055923e+00,5.238232586395025203e-01,2.174572297177101710e-01,2.894343937257427002e-01,2.552455191109251700e+03
-2.878792195893769446e+00,1.897683613346332265e+01,-4.423310185315201259e+00,5.082816799267133590e-01,2.005713653894604376e-01,3.231678377795732526e-01,2.559473701457901825e+03
-2.103837277303724385e+00,1.991782209224954059e+01,-4.587125121301236064e+00,4.853013127750580025e-01,1.887234060281177961e-01,3.615623933361778453e-01,2.566492211806551950e+03
-1.271289974450726223e+00,2.067432796953750085e+01,-4.715639088641416343e+00,4.558293893526999541e-01,1.833428179749938269e-01,4.045847576231122456e-01,2.573510722155202075e+03
-4.000303988041593595e-01,2.121390141025625198e+01,-4.777282840543471742e+00,4.173669020632882476e-01,1.738952616970460274e-01,4.399401614703284391e-01,2.580529232503852199e+03
3.102704281743219258e-02,2.136201992439611530e+01,-4.764371110842629875e+00,3.784082479939983035e-01,1.642235825921726511e-01,4.685358819949693721e-01,2.583933728632589464e+03
9.126059120938092573e-01,2.143536860158395640e+01,-4.650099338663867599e+00,3.326138333376715828e-01,1.564129040424122874e-01,4.942946343800072029e-01,2.590952238981239589e+03
1.754882971311634066e+00,2.129098765306583019e+01,-4.463023623658310512e+00,2.812903587426916485e-01,1.500899801804093658e-01,5.154247721321577602e-01,2.597970749329889713e+03
2.520708586427127251e+00,2.095123073213144949e+01,-4.220413263638734591e+00,2.260786771349853341e-01,1.445950522547629902e-01,5.304355603092306692e-01,2.604989259678539838e+03
3.173640239367372828e+00,2.043961679850887236e+01,-3.939545122845990566e+00,1.686661396162387472e-01,1.389324373032931881e-01,5.381641929522132939e-01,2.612007770027189963e+03
3.580286974318250603e+00,1.991095757373380692e+01,-3.696753031299746084e+00,1.110231989437222011e-01,1.337238862789550398e-01,5.397008085976729985e-01,2.617637798129632756e+03
3.909495628192344086e+00,1.912780108453564765e+01,-3.387855757382580713e+00,5.347420023038281650e-02,1.290845434110015344e-01,5.362393288614014653e-01,2.624656308478282881e+03
4.051135043206196329e+00,1.825063200586556533e+01,-3.064912792936660857e+00,1.596913512873323129e-02,1.347038900545379503e-01,5.529855975243127553e-01,2.631674818826933006e+03
4.044913978655491071e+00,1.773795959838069436e+01,-2.854360546685719591e+00,-1.787007156819090878e-02,1.422270349283544788e-01,5.679786301372004020e-01,2.635530414253182698e+03
3.929751055394358872e+00,1.678542921067585070e+01,-2.349089323925583894e+00,-4.709995468121754708e-02,1.515266526744057651e-01,5.816806607487993164e-01,2.642548924601832823e+03
3.745750441678586729e+00,1.585095421820689765e+01,-1.682379973602036172e+00,-7.878860803409493130e-02,1.616553404986845743e-01,5.896251557430133294e-01,2.649567434950482948e+03
3.501606246587860127e+00,1.496955177999104691e+01,-8.685201391204164789e-01,-1.030032817025839237e-01,1.788266351355695949e-01,5.982643446115577524e-01,2.656585945299133073e+03
3.188004164296174725e+00,1.417310235184319822e+01,4.690237114697269616e-02,-1.139942460122542051e-01,2.084910726459137942e-01,6.067339377223048835e-01,2.663604455647783197e+03
2.796644737656999613e+00,1.349379966134271491e+01,1.018285880301256885e+00,-9.796113951743523618e-02,2.589619218729852790e-01,6.016293531921216298e-01,2.670622965996433322e+03
2.320247305927203296e+00,1.296412564661344824e+01,2.000021067879652392e+00,-2.349720241563733533e-02,3.125941691211515105e-01,5.406806771229107911e-01,2.677641476345083447e+03
1.752553712198152702e+00,1.261682532109741217e+01,2.946497195871109032e+00,4.430378721065107023e-02,3.004613253836044273e-01,4.460373416178444184e-01,2.684659986693733572e+03
1.088331769987679776e+00,1.248488156895931844e+01,3.812108334850780711e+00,7.700610520602323150e-02,2.838439815933276322e-01,3.854043856274521063e-01,2.691678497042383697e+03
9.035875542687760165e-01,1.250985108277266988e+01,3.993229845199863348e+00,1.079377993906851935e-01,2.794658246973464877e-01,3.354931094586233731e-01,2.693376578997051638e+03
3.937767245043262421e-02,1.286929814948171469e+01,4.596543882599165798e+00,1.440853201867782485e-01,2.785706752997703650e-01,2.832718100154165697e-01,2.700395089345701763e+03
-8.806728588155464665e-01,1.348398113001829124e+01,5.030593795755992303e+00,1.834084438308850595e-01,2.737061565859656431e-01,2.262084079316555030e-01,2.707303288635998797e+03
-1.794185197747348637e+00,1.433364246144921239e+01,5.332720551117893670e+00,2.178927182053054246e-01,2.672248211634347115e-01,1.737963630664463022e-01,2.714321798984648922e+03
-2.562225116601737351e+00,1.535160490777364473e+01,5.553949335323627778e+00,2.468242067044144894e-01,2.616854037934063792e-01,1.284228666412133013e-01,2.721340309333299047e+03
-3.061006506834744290e+00,1.648296663217221081e+01,5.759125055556877371e+00,2.751272236208130439e-01,2.579923074934195037e-01,8.559261347684014865e-02,2.728358819681949171e+03
-3.186381963667542561e+00,1.746956961807883246e+01,5.947398170833916531e+00,2.844393205729984220e-01,2.495025604873225833e-01,2.411765875920283617e-02,2.734161555851827870e+03
-3.000409994972615735e+00,1.868608690051170740e+01,6.181558021679832038e+00,2.840010318623020225e-01,2.384103101658967550e-01,-3.693707413939769507e-02,2.741180066200477995e+03
-2.533389572779655374e+00,1.989308104192629756e+01,6.375523710786196396e+00,2.731934446386579673e-01,2.253561460389895688e-01,-9.425144828032756827e-02,2.748198576549128120e+03
-1.847123985554791403e+00,2.105837794204630598e+01,6.480587093639516461e+00,2.539016174883622634e-01,2.110125783205664129e-01,-1.466074621201213790e-01,2.755217086897778245e+03
-1.004300910154189319e+00,2.215185095731551712e+01,6.448052141537788273e+00,2.284437730305222958e-01,1.957243176486705705e-01,-1.946757142074694025e-01,2.762235597246428370e+03
-5.697121126039981359e-02,2.315609038722287494e+01,6.251351128681641889e+00,2.028815846166028003e-01,1.712610014815887371e-01,-2.397233312604304389e-01,2.769254107595078494e+03
6.283972862852716945e-01,2.377474198417372264e+01,6.018909524015373158e+00,1.695506244169842081e-01,1.426154499728199132e-01,-2.780990321237813423e-01,2.773964493548980045e+03
1.708611938000384356e+00,2.462809680922183375e+01,5.556186348343022274e+00,1.300543819124606870e-01,1.105407742329362480e-01,-3.078903878178944065e-01,2.780983003897630169e+03
2.834563084548698875e+00,2.542601675848354503e+01,5.013500126415082470e+00,8.688426723131788265e-02,7.621147867438801682e-02,-3.283891097783915303e-01,2.788001514246280294e+03
3.989700477755426800e+00,2.618636377105190149e+01,4.430678354238011707e+00,4.250337117545555099e-02,4.077363543693304088e-02,-3.401723916294682737e-01,2.795020024594930419e+03
5.161924538583133604e+00,2.692276960619089365e+01,3.837605529528924198e+00,-1.377348449444352639e-03,4.885883372120629169e-03,-3.444963643031247469e-01,2.802038534943580544e+03
6.066900749704884355e+00,2.747261769250043528e+01,3.384026378345919461e+00,-4.468245406605624720e-02,-3.003229913620759570e-02,-3.424678832003629769e-01,2.807404139460104943e+03
