-1.261509607388267840e-01,-7.691664061021167287e-01,3.028398707934071954e+00,-2.256800000000000125e-02,-9.740079999999999849e-01,-2.253860000000000030e-01,0.000000000000000000e+00
2.488606532436742347e-01,4.342578262596861749e-01,2.578464962372873703e+00,-4.652826580588171335e-01,-8.684577746141721732e-01,-1.711465506932663416e-01,4.739523938641700518e+00
6.168475720703308074e-01,1.628517983202434127e+00,2.128332078126803140e+00,-4.491703333398882059e-01,-8.775353749629902778e-01,-1.678561209140764510e-01,9.479047877283401036e+00
9.572351653742670052e-01,2.808998971962202162e+00,1.677895242739905202e+00,-4.328995264991921665e-01,-8.863033468957531857e-01,-1.645064656197062214e-01,1.421857181592510244e+01
1.249341060709366680e+00,3.971544849104560182e+00,1.227049660631109207e+00,-4.164759778900283815e-01,-8.947585971868328159e-01,-1.610987665793403856e-01,1.895809575456680207e+01
1.479013032436965691e+00,5.111810307971614620e+00,7.779424081724376494e-01,-3.999054817301904152e-01,-9.028981429031874839e-01,-1.576342260320781063e-01,2.369761969320850170e+01
1.645995319418005476e+00,6.224343526881728650e+00,3.373733185400449308e-01,-3.831938840604476870e-01,-9.107191124551237138e-01,-1.541140662633234404e-01,2.843714363185020133e+01
1.754050895128361098e+00,7.302125271534115392e+00,-8.672567196425308433e-02,-3.663470806848323491e-01,-9.182187466079476668e-01,-1.505395291741365715e-01,3.317666757049190096e+01
1.799582578645164022e+00,8.336555213384038154e+00,-4.891095881944787505e-01,-3.493710150934455916e-01,-9.253943994541499185e-01,-1.469118758436945005e-01,3.791619150913360414e+01
1.774813914950327920e+00,9.318416072247181603e+00,-8.659523600001098886e-01,-3.322716763685099051e-01,-9.322435393457881858e-01,-1.432323860850148456e-01,4.265571544777530733e+01
1.725054784158543741e+00,9.755581384905640974e+00,-1.031080129925902478e+00,-3.150550970743939971e-01,-9.387637497867423741e-01,-1.395023579940961322e-01,4.490473139854946538e+01
1.533951445399191815e+00,1.060988202933574343e+01,-1.347393107226367182e+00,-2.632246484144302734e-01,-9.642499790527374603e-01,-3.054115853404289899e-02,4.964425533719116856e+01
1.256071706005509991e+00,1.139147039511089865e+01,-1.630571062184401843e+00,-2.073909479604984785e-01,-9.750713961328617563e-01,7.888451779868314861e-02,5.438377927583287175e+01
8.952498667254940035e-01,1.209578659947843882e+01,-1.882392475247995689e+00,-1.484031423804366423e-01,-9.710634265871757043e-01,1.871104723878178056e-01,5.912330321447457493e+01
4.593175839650814329e-01,1.271953604383259773e+01,-2.106503652929869297e+00,-8.715834679951946218e-02,-9.522870270457893804e-01,2.924907531944800354e-01,6.386282715311627811e+01
-4.399318429065188912e-02,1.325923996130629945e+01,-2.306552625931974188e+00,-2.458800135947270329e-02,-9.190277579750184556e-01,3.934226865107436355e-01,6.860235109175798129e+01
-6.068754723949785213e-01,1.371146328699853534e+01,-2.486070385403977845e+00,3.835629419150404784e-02,-8.717914408525716530e-01,4.883712505387663994e-01,7.334187503039967737e+01
-1.217904823739448528e+00,1.408091382370832534e+01,-2.644813543809847456e+00,1.007172524988793061e-01,-8.112964657861245765e-01,5.758924202076570742e-01,7.808139896904137345e+01
-1.858205022532419370e+00,1.438704344954031811e+01,-2.782149850148327719e+00,1.615464571528767990e-01,-7.384628665082586529e-01,6.546551282700339147e-01,8.282092290768306952e+01
-1.937911440757366988e+00,1.441872394902406107e+01,-2.797028094884150828e+00,2.199187864280908455e-01,-6.543983288126820064e-01,7.234615087366619290e-01,8.339966659361181200e+01
-2.589643172873156818e+00,1.464482934803577763e+01,-2.912494163006803749e+00,2.488053319113227302e-01,-6.791176815876365236e-01,6.905744575095300597e-01,8.813919053225350808e+01
-3.220060703192424878e+00,1.485900472583926657e+01,-3.034227201881705138e+00,2.770631296795946774e-01,-7.021208705024601926e-01,6.559423033882245679e-01,9.287871447089520416e+01
-3.804105435493803089e+00,1.508413244399903341e+01,-3.178475016987571955e+00,3.046207736709883873e-01,-7.233497682892294778e-01,6.196525614901824408e-01,9.761823840953690024e+01
-4.321278939701180377e+00,1.533647203943966453e+01,-3.357349879549422766e+00,3.314086270124077527e-01,-7.427507309031708971e-01,5.817969350915475069e-01,1.023577623481785963e+02
-4.760907198050979616e+00,1.561974517299284848e+01,-3.574693643033258539e+00,3.573589979178035114e-01,-7.602747330144623561e-01,5.424710839706367027e-01,1.070972862868202924e+02
-5.117335709245423914e+00,1.593141699945426204e+01,-3.830211632586424386e+00,3.824063106767445208e-01,-7.758774918434891976e-01,5.017743827682207280e-01,1.118368102254619885e+02
-5.295469246266363506e+00,1.615269304354086088e+01,-4.023096543806976122e+00,4.064872713025214357e-01,-7.895195790267104385e-01,4.598096699716903712e-01,1.149588926796404991e+02
-5.481596013206134543e+00,1.650658446215086173e+01,-4.350741024680863767e+00,4.527683305258708435e-01,-7.032076928895599766e-01,5.481767776314077079e-01,1.196984166182821951e+02
-5.587927032008603412e+00,1.687027371483532434e+01,-4.709426004600507198e+00,4.911710091279730683e-01,-6.046596825600517588e-01,6.270053493227005781e-01,1.244379405569238912e+02
-5.620178319296917913e+00,1.723448438685946016e+01,-5.095027136462160655e+00,5.210270868472250960e-01,-4.955903280566141267e-01,6.949237379086914412e-01,1.291774644955656015e+02
-5.584248789564932203e+00,1.759006969808270782e+01,-5.503418392043810670e+00,5.418170572449253486e-01,-3.778974826295675160e-01,7.507501375966956214e-01,1.339169884342072976e+02
-5.486219160424072427e+00,1.792801550829397073e+01,-5.930472318632815210e+00,5.531791668325108935e-01,-2.536290500068730802e-01,7.935131469458108766e-01,1.386565123728489937e+02
-5.332350838668784121e+00,1.823944330817201021e+01,-6.372060295720175738e+00,5.549157094704879611e-01,-1.249473510517822988e-01,8.224686710438762205e-01,1.433960363114906897e+02
-5.129084787223997743e+00,1.851561319562715369e+01,-6.824052791749458891e+00,5.469964665580254737e-01,5.908500307371930549e-03,8.371128688520534933e-01,1.481355602501323858e+02
-5.039539135965656058e+00,1.860083232620580418e+01,-6.990896818299602522e+00,5.295592331508526263e-01,1.366615574053236526e-01,8.371909204671623694e-01,1.498583834276345783e+02
-4.755619703878236848e+00,1.878822094332739567e+01,-7.454683410012334477e+00,4.982361572350492707e-01,1.710763275053354404e-01,8.499950716260460393e-01,1.545979073662762744e+02
-4.441732129450637778e+00,1.892226249155763895e+01,-7.921551907774916579e+00,4.657524651918693026e-01,2.050925753025505949e-01,8.608191893314495191e-01,1.593374313049179705e+02
-4.108065755514460626e+00,1.899704224579282297e+01,-8.389811149321252159e+00,4.321838251685576338e-01,2.386310634613677817e-01,8.696380608114283595e-01,1.640769552435596665e+02
-3.764933399491700250e+00,1.900686727382484165e+01,-8.857769878075909986e+00,3.976084323092654027e-01,2.716136675484042140e-01,8.764311439898775369e-01,1.688164791822013626e+02
-3.422769529444071424e+00,1.894626847836511274e+01,-9.323736848044799075e+00,3.621068266558684079e-01,3.039635579560690526e-01,8.811826153084371116e-01,1.735560031208430587e+02
-3.092128426953041131e+00,1.881000261527210071e+01,-9.786020928705433164e+00,3.257617055939436845e-01,3.356053788121733938e-01,8.838814065691700250e-01,1.782955270594847548e+02
-2.780615635707906375e+00,1.859685925050057165e+01,-1.024244414217833565e+01,2.886577312786902105e-01,3.664654234599499238e-01,8.845212307113103911e-01,1.830350509981264508e+02
-2.739998693713599831e+00,1.855729323985883639e+01,-1.030484929463381683e+01,2.508813334879523294e-01,3.964718061009736005e-01,8.831005964621652105e-01,1.836947673092740558e+02
-2.467175453380933359e+00,1.820789168299972971e+01,-1.074301621797013517e+01,2.284744390536384284e-01,3.557524757482258271e-01,9.062216101469771079e-01,1.884342912479157519e+02
-2.213568572759303077e+00,1.780010331114378630e+01,-1.116802612589516741e+01,2.054518731181061986e-01,3.140744977248374203e-01,9.269006083235216131e-01,1.931738151865574480e+02
-1.977161328743038071e+00,1.734422157903749095e+01,-1.157624188802829401e+01,1.818756745663009100e-01,2.715501815818961995e-01,9.450818683496894357e-01,1.979133391251991441e+02
-1.755712688778331199e+00,1.685048668182034604e+01,-1.196402740922973429e+01,1.578093740458283434e-01,2.282941173121135758e-01,9.607163980402594339e-01,2.026528630638408401e+02
-1.546757800869085653e+00,1.632908181212507159e+01,-1.232774785568960851e+01,1.333178227911503699e-01,1.844228666015656493e-01,9.737620676531906216e-01,2.073923870024825362e+02
-1.347608507874892281e+00,1.579012942373998207e+01,-1.266376988095817602e+01,1.084670178915428523e-01,1.400546487721048838e-01,9.841837233903844018e-01,2.121319109411242323e+02
-1.155353886071491143e+00,1.524368750214313906e+01,-1.296846185190672074e+01,8.332392447327484353e-02,9.530902225996967791e-02,9.919532821084400265e-01,2.168714348797659284e+02
-9.668608079427720714e-01,1.469974584221751890e+01,-1.323819407460849895e+01,5.795629527453557278e-02,5.030656248776140677e-02,9.970498069846530642e-01,2.216109588184076244e+02
-7.787745291721015484e-01,1.416822233345605042e+01,-1.346933902012922601e+01,3.243248809862506882e-02,5.168536996621605172e-03,9.994595639346136595e-01,2.263504827570493205e+02
-5.875192997994428401e-01,1.365895925296496571e+01,-1.365827155021665007e+01,6.821281636629236526e-03,-3.998342128718397614e-02,9.991760586294090585e-01,2.310900066956910166e+02
-4.951083336838462690e-01,1.343720750234973060e+01,-1.372501170760027378e+01,-1.880830984480742762e-02,-8.502764177203257778e-02,9.962000540125010017e-01,2.332890381136658107e+02
-2.851567039456280317e-01,1.299777700759540977e+01,-1.382172745153223836e+01,-4.043550683502915993e-02,-1.010757564471127246e-01,9.940556630460134491e-01,2.380285620523075067e+02
-6.238736839155911013e-02,1.260477380430304706e+01,-1.386916501005345204e+01,-6.203318567840190867e-02,-1.170500943764703622e-01,9.911857339920808752e-01,2.427680859909492028e+02
1.773235290832783084e-01,1.226798788121702088e+01,-1.386497626151236773e+01,-8.358558617637629196e-02,-1.329389988349602703e-01,9.875923614329360500e-01,2.475076099295908989e+02
4.383230795924060175e-01,1.199712192200230554e+01,-1.380681628650145321e+01,-1.050769811607398935e-01,-1.487308754078733586e-01,9.832781675186161863e-01,2.522471338682325950e+02
4.973586182264188582e-01,1.195679679797764017e+01,-1.378339974236873999e+01,-1.264916879398376992e-01,-1.644142004289445569e-01,9.782463000529768582e-01,2.532220613187311642e+02
6.324595115451929761e-01,1.190671035786020404e+01,-1.371043063624180469e+01,-1.067638680179355259e-01,-1.909636687606175998e-01,9.757726956836972887e-01,2.552519230788333289e+02
9.754900434446125423e-01,1.186547385846061964e+01,-1.348280753384980990e+01,-1.187389530599224363e-01,-1.506120762793059231e-01,9.814352059592881261e-01,2.599914470174750249e+02
1.343579368344123059e+00,1.189143736029188858e+01,-1.319734644345169272e+01,-1.304998633398681551e-01,-1.099888313044469351e-01,9.853274799009478224e-01,2.647309709561167210e+02
1.733384770597696356e+00,1.197470551254982496e+01,-1.285363463095717407e+01,-1.420253884585560011e-01,-6.916719682900933364e-02,9.874424985320786607e-01,2.694704948947584171e+02
1.812764457226720527e+00,1.200085558639026750e+01,-1.277547862417205593e+01,-1.532947423478144833e-01,-2.822079349007835386e-02,9.877764467601901632e-01,2.703921655938089543e+02
2.237262955523232399e+00,1.218041313259717739e+01,-1.231674735453593073e+01,-2.050974507936498548e-01,1.269381975348181542e-02,9.786582154245961895e-01,2.751316895324506504e+02
2.675701710946893019e+00,1.239487639810908171e+01,-1.180440403261598092e+01,-2.559893818949447453e-01,5.355205917035017055e-02,9.651940806468963796e-01,2.798712134710923465e+02
3.123917287242966356e+00,1.263393346867482947e+01,-1.124267842779092774e+01,-3.057445423766082526e-01,9.417248738990348367e-02,9.474438333885284447e-01,2.846107374097340426e+02
3.577519935048751432e+00,1.288737142402632507e+01,-1.063580337391085529e+01,-3.541419870904984335e-01,1.343747232187908480e-01,9.254862974349009619e-01,2.893502613483757386e+02
4.031894452548091756e+00,1.314508011590588588e+01,-9.988014506187582242e+00,-4.009668000886468242e-01,1.739802426023736304e-01,8.994189793477929129e-01,2.940897852870174347e+02
4.482201070671220755e+00,1.339705593471500045e+01,-9.303549997954084105e+00,-4.460110489215737273e-01,2.128131713362293176e-01,8.693576354677315932e-01,2.988293092256591308e+02
4.923376362788927985e+00,1.363340556447166740e+01,-8.586650297305498114e+00,-4.890747079276744347e-01,2.507010660097110932e-01,8.354357578936859596e-01,3.035688331643008269e+02
5.350134178849125455e+00,1.384434972576398515e+01,-7.841557863634262660e+00,-5.299665464165573825e-01,2.874756797159701560e-01,7.978039817219884089e-01,3.083083571029425229e+02
5.756966603902712087e+00,1.402022690638852431e+01,-7.072516904071529886e+00,-5.685049778048963942e-01,3.229737091304361041e-01,7.566294161753417402e-01,3.130478810415842190e+02
6.138144940964240348e+00,1.415149707936275902e+01,-6.283773109846989335e+00,-6.045188659364215678e-01,3.570375196423327679e-01,7.120949025900772389e-01,3.177874049802259151e+02
6.487720718151464894e+00,1.422874540800141396e+01,-5.479573392579389690e+00,-6.378482850073929900e-01,3.895158453210322835e-01,6.643982025540472458e-01,3.225269289188676112e+02
6.690990866825876182e+00,1.423877244466465442e+01,-4.948355203743821207e+00,-6.683452297244122375e-01,4.202644606104888325e-01,6.137511197972341792e-01,3.256133222141516512e+02
6.960885824937329325e+00,1.418643088948142861e+01,-4.124852811517087048e+00,-8.834607459688182951e-01,2.052228187890207112e-01,4.211635133546848819e-01,3.303528461527933473e+02
7.184157555055005417e+00,1.406241975085788276e+01,-3.298318535440254440e+00,-9.840728197863123361e-01,-3.641727769531869635e-02,1.739898481056068036e-01,3.350923700914350434e+02
7.287420204103633559e+00,1.394546015006480033e+01,-2.806117771574809350e+00,-9.571413599035921704e-01,-2.733374475511521906e-01,-9.573430382346151402e-02,3.379201917663621089e+02
7.407739954292275719e+00,1.368071382825791105e+01,-1.986109033110644129e+00,-9.736363552591739134e-01,-2.008824028093248726e-01,-1.080578916949985480e-01,3.426597157050038049e+02
7.472842429681402443e+00,1.335324637334585063e+01,-1.174293715522266579e+00,-9.846072277623478808e-01,-1.272876271443759422e-01,-1.197683890375199206e-01,3.473992396436455010e+02
7.480565111241937792e+00,1.297011220818875010e+01,-3.743135861157388389e-01,-9.899917357867987766e-01,-5.297066793833305615e-02,-1.307993555435468525e-01,3.521387635822871971e+02
7.428885841247029553e+00,1.253840556655789307e+01,4.101903261310869131e-01,-9.897593307513876670e-01,2.164683068305713748e-02,-1.410882061353511130e-01,3.568782875209288932e+02
7.317021212657759399e+00,1.206484190992769356e+01,1.175900471558749105e+00,-9.839113303539067656e-01,9.614151955710956154e-02,-1.505765659617869234e-01,3.616178114595705892e+02
7.172084401885953753e+00,1.163082113367565640e+01,1.809535325615510670e+00,-9.724809111410993578e-01,1.700907458570569686e-01,-1.592106015254541040e-01,3.656524552456843367e+02
6.945950605665927036e+00,1.108973938166445983e+01,2.530323741474287402e+00,-9.513255648011573751e-01,1.822705421500995793e-01,-2.485057730129195397e-01,3.703919791843260327e+02
6.666285744128499502e+00,1.052275713853759953e+01,3.225302480971230068e+00,-9.220177945154729438e-01,1.928883637529797135e-01,-3.356713656631795106e-01,3.751315031229677288e+02
6.336030403332749472e+00,9.935171280752598477e+00,3.892127006337393169e+00,-8.848087540003451990e-01,2.018532207183369453e-01,-4.199604101943847367e-01,3.798710270616094249e+02
5.958227426261893278e+00,9.332209014930723967e+00,4.528454530343292816e+00,-8.400173072912521244e-01,2.090882882366302264e-01,-5.006505879094305111e-01,3.846105510002511210e+02
5.536021308169037702e+00,8.719026201928574693e+00,5.131944161579609975e+00,-7.880272962539218717e-01,2.145315649972938388e-01,-5.770504206559065041e-01,3.893500749388928170e+02
5.072657581259504056e+00,8.100705688864538345e+00,5.700257049649372298e+00,-7.292842512571995339e-01,2.181364045193132095e-01,-6.485051965036306987e-01,3.940895988775345131e+02
4.571482188745092934e+00,7.482255649235693085e+00,6.231056530264869942e+00,-6.642915731953284997e-01,2.198719148975813165e-01,-7.144025803575573264e-01,3.988291228161762092e+02
4.035940848306053041e+00,6.868607931260165778e+00,6.722008270242570305e+00,-5.936062195769613581e-01,2.197232235388250077e-01,-7.741778614232249778e-01,4.035686467548179053e+02
3.469578404997127219e+00,6.264616414579706749e+00,7.170780412389182956e+00,-5.178339316488512756e-01,2.176916046179388220e-01,-8.273187925537154319e-01,4.083081706934596014e+02
2.876038173634683393e+00,5.675055375456609319e+00,7.575043720272135239e+00,-4.376240434560472736e-01,2.137944681620982945e-01,-8.733699800044890660e-01,4.130476946321012974e+02
2.259061270702459989e+00,5.104617860598835044e+00,7.932471722867687092e+00,-3.536639173237336453e-01,2.080652108559507829e-01,-9.119367859754747840e-01,4.177872185707429935e+02
1.622485935813960944e+00,4.557914069746752617e+00,8.240740859079947356e+00,-2.666730534478692904e-01,2.005529298463274157e-01,-9.426887104953725061e-01,4.225267425093846896e+02
9.702468427701301801e-01,4.039469747154297963e+00,8.497530622124056521e+00,-1.773969240750083443e-01,1.913220019991180576e-01,-9.653622236654840760e-01,4.272662664480263857e+02
3.063744002515540465e-01,3.553724582096850160e+00,8.700523703766766204e+00,-8.660058511212492816e-02,1.804515322141218292e-01,-9.797630239912188399e-01,4.320057903866680817e+02
-3.650059578150863238e-01,3.105030618537718112e+00,8.847406138417708732e+00,4.937880085293498353e-03,1.680346755259412017e-01,-9.857677034483190992e-01,4.367453143253097778e+02
-1.039389185740033472e+00,2.697524688553584848e+00,8.938170741118751650e+00,9.643402856056088046e-02,1.541778388006965483e-01,-9.833248050155967146e-01,4.414848382639514739e+02
-1.711609785709122145e+00,2.334992380722323624e+00,8.977420401903181357e+00,1.871037800958297581e-01,1.389997688702188372e-01,-9.724552636129479843e-01,4.462243622025931700e+02
-1.808550643500040467e+00,2.288573866389319367e+00,8.976440458237872733e+00,2.761701364356509147e-01,1.226305349185899396e-01,-9.532522266679284151e-01,4.469163079477719407e+02
-2.461008990586661227e+00,2.017160222328150176e+00,8.927726758824114484e+00,3.130122850325119943e-01,8.824208690702244062e-02,-9.456398064360206357e-01,4.516558318864136368e+02
-3.098935720592534082e+00,1.798064556151650617e+00,8.842330253005053819e+00,3.490412658735924101e-01,5.362440248688751104e-02,-9.355707446124734705e-01,4.563953558250553328e+02
-3.716625191296878405e+00,1.634571374105427743e+00,8.727166904750763621e+00,3.841634817349163233e-01,1.886741292811560528e-02,-9.230711998704403953e-01,4.611348797636970289e+02
-4.308293268969246803e+00,1.529843209753914524e+00,8.589154523571281175e+00,4.182876910469841558e-01,-1.593858870265555186e-02,-9.081736446893668990e-01,4.658744037023387250e+02
-4.868078318786576375e+00,1.486919300955663825e+00,8.435212333732357237e+00,4.513252448930412664e-01,-5.070318208376747848e-02,-8.909167809893805412e-01,4.706139276409804211e+02
-5.390042203964014789e+00,1.508714279757512156e+00,8.272260543405257849e+00,4.831903172731615848e-01,-8.533605450904510614e-02,-8.713454395898180271e-01,4.753534515796221172e+02
-5.868171293542969735e+00,1.598016875318587271e+00,8.107219913770775221e+00,5.138001280365519507e-01,-1.197472354777473907e-01,-8.495104637523518409e-01,4.800929755182638132e+02
-6.296377478779336734e+00,1.757488629974462757e+00,7.947011328097500105e+00,5.430751579036955379e-01,-1.538473303952561655e-01,-8.254685771110691350e-01,4.848324994569055093e+02
-6.668499198074444578e+00,1.989662628551070345e+00,7.798555360814474646e+00,5.709393550204390211e-01,-1.875477527781078402e-01,-7.992822363322692469e-01,4.895720233955472054e+02
-6.978302470390840284e+00,2.296942241037233767e+00,7.668771846598362529e+00,5.973203325080528314e-01,-2.207609543608513303e-01,-7.710194688862659351e-01,4.943115473341889015e+02
-7.221770236339819959e+00,2.679619457074185807e+00,7.562403342974461928e+00,6.221495564965939806e-01,-2.534006525076350491e-01,-7.407536963520293671e-01,4.990510712728305975e+02
-7.309428178384615116e+00,2.903039505526178843e+00,7.521952494782819798e+00,6.453625241535155821e-01,-2.853820543383840946e-01,-7.085635437129657044e-01,5.013812089587234482e+02
-7.424580201965903292e+00,3.424883019116853333e+00,7.462431861771610109e+00,6.270921285981057025e-01,-3.167254283890102440e-01,-7.116449010997807356e-01,5.061207328973651443e+02
-7.477945981405653697e+00,4.009603626195498371e+00,7.424046015741834204e+00,6.079903914939005505e-01,-3.476489127492121134e-01,-7.137828222328542749e-01,5.108602568360068403e+02
-7.472599631212459848e+00,4.651634173641970627e+00,7.405003849734861809e+00,5.880826362143116715e-01,-3.781115123196986394e-01,-7.149744731344814808e-01,5.155997807746485933e+02
-7.411720976563804797e+00,5.345484427348291767e+00,7.403513044715356983e+00,5.673952546178621104e-01,-4.080728430084986091e-01,-7.152182742600691201e-01,5.203393047132902893e+02
-7.298594864214715372e+00,6.085742799933817615e+00,7.417780181229556291e+00,5.459556720625121651e-01,-4.374931852601878224e-01,-7.145139025891492635e-01,5.250788286519319854e+02
-7.136610462448093273e+00,6.867078069382267280e+00,7.446010851115079987e+00,5.237923110506811364e-01,-4.663335367042047430e-01,-7.128622920513345562e-01,5.298183525905736815e+02
-6.929260550107122718e+00,7.684241088461495117e+00,7.486409769256940905e+00,5.009345535530773663e-01,-4.945556638525416271e-01,-7.102656322866265359e-01,5.345578765292153776e+02
-6.680140794750657030e+00,8.532066484787335980e+00,7.537180885384495710e+00,4.774127020612325967e-01,-5.221221527783709293e-01,-7.067273657417341148e-01,5.392974004678570736e+02
-6.392949019973197977e+00,9.405474351393086963e+00,7.596527495904312310e+00,4.532579394203196665e-01,-5.489964587085242043e-01,-7.022521831062666919e-01,5.440369244064987697e+02
-6.071484461931693666e+00,1.029947192766676878e+01,7.662652355763865941e+00,4.285022874954393379e-01,-5.751429544641668556e-01,-6.968460170948502785e-01,5.487764483451404658e+02
-5.719647015121950950e+00,1.120915527051900362e+01,7.733757790340671789e+00,4.031785647261010297e-01,-6.005269776855407526e-01,-6.905160345834027158e-01,5.535159722837821619e+02
-5.341436467447900682e+00,1.212971091564501336e+01,7.808045807351567724e+00,3.773203426250931192e-01,-6.251148767782506166e-01,-6.832706271099766582e-01,5.582554962224238579e+02
-4.940951724627513642e+00,1.305641752874466199e+01,7.883718208776975267e+00,3.509619012793301907e-01,-6.488740555202530125e-01,-6.751193997527396018e-01,5.629950201610655540e+02
-4.522390023979783180e+00,1.398464754656488829e+01,7.958976702794879010e+00,3.241381839115844432e-01,-6.717730162704804719e-01,-6.660731583998001915e-01,5.677345440997072501e+02
-4.089820788627251069e+00,1.491018699874958564e+01,8.032441969691934247e+00,2.968847505632511985e-01,-6.937814017218753015e-01,-6.561438954277178937e-01,5.724740680383489462e+02
-3.734542539680933082e+00,1.564955621697795429e+01,8.089631977823064091e+00,2.692377309594610191e-01,-7.148700351435260947e-01,-6.453447738076329987e-01,5.762830677374723791e+02
-3.286168211630708491e+00,1.656122123548152203e+01,8.158379238410796930e+00,2.474607783518296689e-01,-7.096962978095073815e-01,-6.596152879152340498e-01,5.810225916761140752e+02
-2.833954536093195031e+00,1.746119921174761913e+01,8.224571649800838102e+00,2.255094539415196109e-01,-7.040224719468749504e-01,-6.734210014362524976e-01,5.857621156147557713e+02
-2.381574520949013785e+00,1.834654661030868184e+01,8.288087276134936232e+00,2.033992255767808899e-01,-6.978525556925796458e-01,-6.867521864157187794e-01,5.905016395533974674e+02
-1.932766831696445253e+00,1.921440127126486530e+01,8.348804340309847305e+00,1.811456730599041165e-01,-6.911908967300199880e-01,-6.995994492621878669e-01,5.952411634920391634e+02
-1.491335114182265054e+00,2.006198351007454761e+01,8.406601231500868465e+00,1.587644771708359714e-01,-6.840421892251259406e-01,-7.119537373646901424e-01,5.999806874306808595e+02
-1.061147310145233336e+00,2.088659720848770718e+01,8.461356512677774333e+00,1.362714086198431318e-01,-6.764114705187206367e-01,-7.238063454697580834e-01,6.047202113693225556e+02
-6.461349656111397000e-01,2.168563089653068232e+01,8.512948928112781033e+00,1.136823169368978287e-01,-6.683041175772375109e-01,-7.351489218138166359e-01,6.094597353079642517e+02
-2.502925321787912716e-01,2.245655882545126758e+01,8.561257410880173779e+00,9.101311930560002095e-02,-6.597258432042881759e-01,-7.459734740066295000e-01,6.141992592466059477e+02
1.223233387633361341e-01,2.319694203153364498e+01,8.606161090347226761e+00,6.827978934948940315e-02,-6.506826920157517957e-01,-7.562723746616634157e-01,6.189387831852476438e+02
4.675945088497261426e-01,2.390442939069304984e+01,8.647539299656093803e+00,4.549834587863233609e-02,-6.411810361812139147e-01,-7.660383667694151688e-01,6.236783071238893399e+02
7.813420725392568045e-01,2.457675866376062856e+01,8.685271583196332301e+00,2.268484160439874012e-02,-6.312275709347532349e-01,-7.752645688099218946e-01,6.284178310625310360e+02
1.059327083864608499e+00,2.521175753236938633e+01,8.719237704067660744e+00,-1.446481696357194405e-04,-6.208293098582324809e-01,-7.839444796008617766e-01,6.331573550011727320e+02
1.297251290088452080e+00,2.580734462535263773e+01,8.749317651532624751e+00,-2.297403687270948777e-02,-6.099935799404084813e-01,-7.920719828778322036e-01,6.378968789398144281e+02
1.490757872224827807e+00,2.636153053556683901e+01,8.775391648458818139e+00,-4.578723799985228576e-02,-5.987280164153377937e-01,-7.996413516035859592e-01,6.426364028784561242e+02
1.635432192383734273e+00,2.687241882705128049e+01,8.797340158750335704e+00,-6.856817644485094232e-02,-5.870405573837030877e-01,-8.066472520031930937e-01,6.473759268170978203e+02
1.726802547896607365e+00,2.733820703243753414e+01,8.815043894768109567e+00,-9.130079982523266191e-02,-5.749394382208429244e-01,-8.130847473222829747e-01,6.521154507557395164e+02
1.760340932180010087e+00,2.775718764052216514e+01,8.828383824738780916e+00,-1.139690897913022416e-01,-5.624331857754130137e-01,-8.189493013057277393e-01,6.568549746943812124e+02
1.756902220086135058e+00,2.779982746436333230e+01,8.829418903496021542e+00,-1.365570733112788926e-01,-5.495306123627570205e-01,-8.242367813943090038e-01,6.573997440653656668e+02
1.663265366912487275e+00,2.812250023818800670e+01,8.833728803738871704e+00,-1.274469298960957397e-01,-5.614845621569974909e-01,-8.176126017314686578e-01,6.621392680040073628e+02
1.511440273928357003e+00,2.839708098745667542e+01,8.832245740609849349e+00,-1.183024063436339396e-01,-5.732870373063989611e-01,-8.107678542595123661e-01,6.668787919426490589e+02
1.306635776956429407e+00,2.862332564304750804e+01,8.823673305179728032e+00,-1.091259692407070409e-01,-5.849348543643680953e-01,-8.037043853170948715e-01,6.716183158812907550e+02
1.054037123754176797e+00,2.880086791292568549e+01,8.806715521535114277e+00,-9.992009377630907407e-02,-5.964248715877966678e-01,-7.964241002143218617e-01,6.763578398199324511e+02
7.588049177969121706e-01,2.892921972231669514e+01,8.780076927510398477e+00,-9.068726307459380742e-02,-6.077539897807163749e-01,-7.889289627163270646e-01,6.810973637585741471e+02
4.260740652280307073e-01,2.900777166764547133e+01,8.742462655395847548e+00,-8.142996752626903423e-02,-6.189191531287009385e-01,-7.812209945144223955e-01,6.858368876972158432e+02
6.095272503702096889e-02,2.903579348420024075e+01,8.692578512618046815e+00,-7.215070411804382078e-02,-6.299173500216334043e-01,-7.733022746817158621e-01,6.905764116358575393e+02
-3.314787374743290438e-01,2.901243452747933915e+01,8.629131062388953666e+00,-6.285197576030736311e-02,-6.407456138646167032e-01,-7.651749391133411127e-01,6.953159355744992354e+02
-7.461687938773170492e-01,2.893672426817837007e+01,8.550827704319768685e+00,-5.353629061321676236e-02,-6.514010238768168648e-01,-7.568411799514466187e-01,7.000554595131409314e+02
-1.036498676798445873e+00,2.884950588090669754e+01,8.487474367023269295e+00,-4.420616141137288790e-02,-6.618807058780226127e-01,-7.483032449950962617e-01,7.032395558749495876e+02
-1.482016639504618150e+00,2.866458971622808605e+01,8.376095738964545845e+00,1.365550604983759540e-02,-6.678787726296324667e-01,-7.441434486883694577e-01,7.079790798135912837e+02
-1.936660316894054157e+00,2.842419998405787496e+01,8.246412550002256481e+00,7.147072443104518502e-02,-6.716052098330976827e-01,-7.374526274107080503e-01,7.127186037522329798e+02
-2.395492799141671458e+00,2.812693281873700002e+01,8.097136128363958463e+00,1.290428494390807868e-01,-6.730473432853781857e-01,-7.282535387526783976e-01,7.174581276908746759e+02
-2.853610834064942203e+00,2.777126695993220906e+01,7.926979014700733295e+00,1.861760636882715536e-01,-6.722002682502269399e-01,-7.165774715092344538e-01,7.221976516295163719e+02
-3.306145850192069968e+00,2.735556432407415528e+01,7.734655042425136351e+00,2.426760427114278418e-01,-6.690668661334859824e-01,-7.024641392533697015e-01,7.269371755681580680e+02
-3.748264976084882072e+00,2.687807058913339731e+01,7.518879417988899583e+00,2.983506158911671258e-01,-6.636577946740653822e-01,-6.859615452534402191e-01,7.316766995067997641e+02
-4.176528318704677112e+00,2.633813784897307286e+01,7.279294356667435295e+00,3.530104200638737311e-01,-6.559914516875359203e-01,-6.671258191975478757e-01,7.364162234454414602e+02
-4.590209931313224523e+00,2.573748747977020201e+01,7.017394660625656755e+00,4.064695435737881168e-01,-6.460939124858591232e-01,-6.460210262804452208e-01,7.411557473840831562e+02
-4.989887673875789353e+00,2.507904827916126322e+01,6.735602070471443881e+00,4.585461585872255830e-01,-6.339988411862393924e-01,-6.227189493023485012e-01,7.458952713227248523e+02
-5.376068915488342093e+00,2.436575353425485702e+01,6.436339559093696927e+00,5.090631395168727646e-01,-6.197473762108314244e-01,-5.972988445207573216e-01,7.506347952613665484e+02
-5.749190543275371823e+00,2.360053982791155391e+01,6.122031181013742440e+00,5.578486654533403311e-01,-6.033879903667385136e-01,-5.698471720855740053e-01,7.553743192000082445e+02
-6.109618979160599039e+00,2.278634584522843909e+01,5.795101921686289792e+00,6.047368045555253646e-01,-5.849763259821311179e-01,-5.404573019741847340e-01,7.601138431386499406e+02
-6.457650204509016056e+00,2.192611118032890616e+01,5.457977546756994869e+00,6.495680784126560692e-01,-5.645750056590818078e-01,-5.092291964264330506e-01,7.648533670772916366e+02
-6.793509792638360523e+00,2.102277514355823484e+01,5.113084451283689269e+00,6.921900044589479606e-01,-5.422534192865847702e-01,-4.762690699592759258e-01,7.695928910159333327e+02
-7.117352949197769618e+00,2.007927556918551204e+01,4.762849508928291620e+00,7.324576145963856977e-01,-5.180874880379102709e-01,-4.416890281171244603e-01,7.743324149545750288e+02
-7.429264560410910434e+00,1.909854762371224268e+01,4.409699921126428279e+00,7.702339482619721123e-01,-4.921594061546810672e-01,-4.056066861861541972e-01,7.790719388932167249e+02
-7.729259249180411295e+00,1.808352261488807144e+01,4.056063066241772042e+00,8.053905182626125425e-01,-4.645573613955675807e-01,-3.681447691689904711e-01,7.838114628318584209e+02
-8.017281439049931180e+00,1.703712680153411441e+01,3.704366348712203827e+00,8.378077477933316697e-01,-4.353752351000361176e-01,-3.294306943798992471e-01,7.885509867705001170e+02
-8.087233788619242247e+00,1.675955017077929199e+01,3.614707801463713732e+00,8.673753771524143064e-01,-4.047122828869025857e-01,-2.895961380797259510e-01,7.897730006978659958e+02
-8.341806318575724077e+00,1.565455406767451585e+01,3.272456294510030617e+00,8.844612722830924589e-01,-3.862567316616170032e-01,-2.617861628798860973e-01,7.945125246365076919e+02
-8.584282193128242255e+00,1.452456766670520771e+01,2.937624787855579456e+00,9.003036722233734857e-01,-3.672581321868849114e-01,-2.336081379613107467e-01,7.992520485751493879e+02
-8.814378235814228191e+00,1.337249543043184374e+01,2.612639613836280628e+00,9.148803045891087393e-01,-3.477431948270222062e-01,-2.051016789901349557e-01,8.039915725137910840e+02
-9.031741422918692308e+00,1.220123172248356092e+01,2.299926488631646393e+00,9.281706764455763814e-01,-3.277393557921455258e-01,-1.763068633085838055e-01,8.087310964524327801e+02
-9.236091489704358892e+00,1.101428036270982957e+01,2.000883085710327691e+00,9.401561031050443829e-01,-3.072747385734710401e-01,-1.472641736036814086e-01,8.134706203910744762e+02
-9.427345076176749217e+00,9.816378339265634523e+00,1.714851673298392498e+00,9.508197343853512784e-01,-2.863781144140151169e-01,-1.180144410073462741e-01,8.182101443297161723e+02
-9.605445600834260134e+00,8.612879751485836621e+00,1.440146431414927930e+00,9.601465782915304947e-01,-2.650788618695779641e-01,-8.859878770726069275e-02,8.229496682683578683e+02
-9.770211565651068852e+00,7.409135151526562879e+00,1.175080832932517083e+00,9.681235220872961289e-01,-2.434069255167170542e-01,-5.905856914898278964e-02,8.276891922069995644e+02
-9.921336597660062040e+00,6.210489436665189267e+00,9.179677488939373964e-01,9.747393507268468094e-01,-2.213927738656019939e-01,-2.943531591033666378e-02,8.324287161456412605e+02
-1.005838950438129054e+01,5.022279742233076050e+00,6.671195538569854033e-01,9.799847626211228846e-01,-1.990673565367568065e-01,2.293246704245827268e-04,8.371682400842829566e+02
-1.011615450307752972e+01,4.452026918708051895e+00,5.475556410930574325e-01,9.838523827163714319e-01,-1.764620607617201353e-01,2.989364703084251493e-02,8.394713424112674147e+02
-1.021633809653209291e+01,3.297081215320390779e+00,3.050505200472874989e-01,9.818248429396234656e-01,-1.688513791716009793e-01,-8.664403925833666364e-02,8.442108663499091108e+02
-1.030084293637102810e+01,2.165245055052701595e+00,6.511538257535436081e-02,9.664021779850007210e-01,-1.589370437448897611e-01,-2.019996200792210650e-01,8.489503902885508069e+02
-1.036909966911644787e+01,1.060673250076352492e+00,-1.724324744681663413e-01,9.377948041547946589e-01,-1.468543170436573675e-01,-3.145992925399677120e-01,8.536899142271925029e+02
-1.042053766048905672e+01,-1.286939736297576520e-02,-4.072739272156258861e-01,8.963930161330769808e-01,-1.327680448175481420e-01,-4.229068536970562175e-01,8.584294381658341990e+02
-1.045449587708398020e+01,-1.051628029252379193e+00,-6.390900202080138648e-01,8.427616619957027932e-01,-1.168704070137170092e-01,-5.254446583946419391e-01,8.631689621044758951e+02
-1.047022295344670262e+01,-2.051859263404229416e+00,-8.675619860341906575e-01,7.776324370277283293e-01,-9.937829590967754700e-02,-6.208137781856506443e-01,8.679084860431175912e+02
-1.046687726925816975e+01,-3.009832724131638493e+00,-1.092371264961477850e+00,7.018939014738586613e-01,-8.053035713194435508e-02,-7.077130863949567807e-01,8.726480099817592873e+02
-1.044352703662479342e+01,-3.921832571877916340e+00,-1.313199524556548203e+00,6.165793583688075064e-01,-6.058373391769218685e-02,-7.849570090257619315e-01,8.773875339204009833e+02
-1.043135453728677753e+01,-4.139404397112774525e+00,-1.367814440249926822e+00,5.228527567646904517e-01,-3.981055902215244885e-02,-8.514916993925154554e-01,8.785825676994058995e+02
-1.035786138197997097e+01,-4.951320259479808250e+00,-1.580341621472824087e+00,6.541223213070496145e-01,4.005756349613938394e-02,-7.553260093331038982e-01,8.833220916380475956e+02
-1.026362406057536347e+01,-5.710529372989325836e+00,-1.789556128221682529e+00,7.638983764633390239e-01,1.186094401593294489e-01,-6.343414468110414317e-01,8.880616155766892916e+02
-1.014955310501059849e+01,-6.414641257247556183e+00,-1.996524744726428713e+00,8.485738655272347941e-01,1.932639834612494001e-01,-4.925133779314085913e-01,8.928011395153309877e+02
-1.001649835496926499e+01,-7.061238810524169907e+00,-2.202314393372898582e+00,9.053664881524593477e-01,2.615681657396397575e-01,-3.345020430468203521e-01,8.975406634539726838e+02
-9.990093161411765621e+00,-7.161351864339279061e+00,-2.237389207926185453e+00,9.324101183680427729e-01,3.212776181294293432e-01,-1.654994358121557874e-01,8.983496677306200127e+02
-9.814009732859311441e+00,-7.686429011080209150e+00,-2.443194374057153340e+00,9.024741333769674689e-01,3.869242862826847151e-01,-1.892829502882723558e-01,9.030891916692617087e+02
-9.621117408323000220e+00,-8.149530700788808701e+00,-2.650362922584789338e+00,8.673296910587532382e-01,4.503378833207464238e-01,-2.119740499541137302e-01,9.078287156079034048e+02
-9.415425036108421963e+00,-8.550012830640104866e+00,-2.860640458355117488e+00,8.271796215179170186e-01,5.111524329408612122e-01,-2.334417787030197144e-01,9.125682395465451009e+02
-9.202037352585643148e+00,-8.887751512478805793e+00,-3.075998623489800021e+00,7.822556428653983929e-01,5.690169586619638897e-01,-2.535622408015182905e-01,9.173077634851867970e+02
-8.986052103756382081e+00,-9.162500946382406752e+00,-3.298408740874990475e+00,7.328170239653615248e-01,6.235975091894851996e-01,-2.722193158450957884e-01,9.220472874238284930e+02
-8.772558980326996547e+00,-9.373893552606682888e+00,-3.529841691163078998e+00,6.791490882330740719e-01,6.745790855422184595e-01,-2.893053288501799547e-01,9.267868113624701891e+02
-8.566638553715845816e+00,-9.521440117434217143e+00,-3.772267789795072712e+00,6.215615671121776931e-01,7.216674588303125804e-01,-3.047216716189753427e-01,9.315263353011118852e+02
-8.373361213056377039e+00,-9.604529952913612334e+00,-4.027656664049427349e+00,5.603868127249854725e-01,7.645908682030244652e-01,-3.183793717943314006e-01,9.362658592397535813e+02
-8.358088993283924850e+00,-9.606004677702884464e+00,-4.050894322424690941e+00,4.959778800001288235e-01,8.031015891743332746e-01,-3.301996063228149758e-01,9.366738776834386044e+02
-8.199077575398264983e+00,-9.556689686415037244e+00,-4.336430811634741644e+00,6.543211482984159222e-01,7.475389232939827489e-01,-1.142251857107496049e-01,9.414134016220803005e+02
-8.062562460081419857e+00,-9.441092380588340660e+00,-4.639035690146021018e+00,7.637179802244292715e-01,6.360566961290160526e-01,1.102938166543302734e-01,9.461529255607219966e+02
-7.950772187129113711e+00,-9.261703709510273441e+00,-4.961673829414023906e+00,8.159849746260149361e-01,4.769943301693260196e-01,3.265622914112157882e-01,9.508924494993636927e+02
-7.860050753972208426e+00,-9.028066138152970765e+00,-5.309304599575629169e+00,8.072123125470731519e-01,2.822504605661555477e-01,5.184023147936450693e-01,9.556319734380053887e+02
-7.838674013616477865e+00,-8.948627675565234085e+00,-5.417486770575446364e+00,7.380562252748333885e-01,6.639286554166087817e-02,6.714633241949657938e-01,9.569899367144379312e+02
-7.775495590731235751e+00,-8.636502801283993946e+00,-5.828834163128707502e+00,7.088764684238597624e-01,1.110568728292385815e-01,6.965332178038251554e-01,9.617294606530796273e+02
-7.717169640069045933e+00,-8.301099709670612725e+00,-6.278781682209605641e+00,6.772334879655780293e-01,1.553349654256038215e-01,7.191827662604650673e-01,9.664689845917213233e+02
-7.661092701314577980e+00,-7.973845845793056775e+00,-6.744015144000723438e+00,6.432372242231521042e-01,1.990733036670560563e-01,7.393332760887982857e-01,9.709448363749478403e+02
-7.596090668423916448e+00,-7.625090553872809984e+00,-7.279692491265588039e+00,6.167852855459071693e-01,2.292196682250898510e-01,7.530154415550148750e-01,9.756843603135895364e+02
-7.521497879724431179e+00,-7.281597670257744959e+00,-7.856839024890887480e+00,5.892257835604347571e-01,2.589544131696995266e-01,7.653454042946854496e-01,9.804238842522312325e+02
-7.511298792086226861e+00,-7.241956083624240037e+00,-7.930299913834080172e+00,5.606081950569186123e-01,2.882241565902199376e-01,7.763010287123879305e-01,9.809881345987362238e+02
-7.413758160619679849e+00,-6.920539849086722484e+00,-8.581813868345486540e+00,5.395407836093176757e-01,2.691170957276514675e-01,7.977905311584043702e-01,9.857276585373779199e+02
-7.303288231591494650e+00,-6.608868049138247436e+00,-9.254980569542304636e+00,5.177877722508151814e-01,2.496680664839693586e-01,8.182662644167165711e-01,9.904671824760196159e+02
-7.180133448819143283e+00,-6.304021060775942153e+00,-9.933508083564408508e+00,4.953768021495362217e-01,2.299017822813797518e-01,8.377022110468805849e-01,9.952067064146613120e+02
-7.044718310376794079e+00,-6.003697276171677366e+00,-1.060122688254708478e+01,4.723363503945519626e-01,2.098433595947809538e-01,8.560736747073027786e-01,9.999462303533030081e+02
-6.898079754050697510e+00,-5.707453305731778670e+00,-1.124528777821066861e+01,4.486956938278862106e-01,1.895182860518736800e-01,8.733573115221535677e-01,1.004685754291944704e+03
-6.741829391297695651e+00,-5.416691119262596388e+00,-1.185911415087576337e+01,4.244848718593671744e-01,1.689523880611808193e-01,8.895311597284504268e-01,1.009425278230586400e+03
-6.577776544490962607e+00,-5.133400240292290029e+00,-1.243920543140225554e+01,3.997346483140145068e-01,1.481717980102854604e-01,9.045746675694896766e-01,1.014164802169228096e+03
-6.407772312975010820e+00,-4.859530099735567710e+00,-1.298206314043970977e+01,3.744764723602169720e-01,1.272029210757774365e-01,9.184687193993450460e-01,1.018904326107869792e+03
-6.241218899024132405e+00,-4.607875924287673897e+00,-1.346042460653146122e+01,3.487424385681142103e-01,1.060724016868854480e-01,9.311956599653927746e-01,1.023424978356343786e+03
-6.062050039589546913e+00,-4.352157947083648004e+00,-1.391519829077958015e+01,2.911871107146886684e-01,3.715756214118161316e-02,9.559431898018876383e-01,1.028164502294985596e+03
-5.877660267904023961e+00,-4.101369929902173972e+00,-1.431704493380938636e+01,2.311059418689568601e-01,-3.207958112639551496e-02,9.723985520901448076e-01,1.032904026233627292e+03
-5.687352781629299692e+00,-3.852253171173865898e+00,-1.465972642299703566e+01,1.690200905701636502e-01,-1.010384495334521460e-01,9.804190128200085397e-01,1.037643550172268988e+03
-5.490356580388144003e+00,-3.601565365268732943e+00,-1.493700831710822285e+01,1.054681033824012015e-01,-1.691208787094179156e-01,9.799350016979887501e-01,1.042383074110910684e+03
-5.285717412122563630e+00,-3.348641213664765193e+00,-1.514457791077480664e+01,4.100124407211346717e-02,-2.357363063626860267e-01,9.709507154568722820e-01,1.047122598049552380e+03
-5.208231882072815289e+00,-3.256565188255239551e+00,-1.519463837584284782e+01,-2.382128748120260209e-02,-3.003068942421815435e-01,9.535440815884095311e-01,1.048850609055448558e+03
-4.986997077706146975e+00,-3.009227747408274034e+00,-1.526266553450223995e+01,-4.461530043994619416e-02,-2.569134353164866935e-01,9.654030048189455870e-01,1.053590132994090254e+03
-4.755409090197015409e+00,-2.773817818954028347e+00,-1.526248737176097414e+01,-6.529973220510000564e-02,-2.128890020835910168e-01,9.748908747951378073e-01,1.058329656932731950e+03
-4.512516750181425174e+00,-2.557429416124109789e+00,-1.519556007040759127e+01,-8.582378653666904167e-02,-1.683417088056569366e-01,9.819843923066220448e-01,1.063069180871373646e+03
-4.290962749994309711e+00,-2.391282800436275391e+00,-1.508166591726903860e+01,-1.061370609245718966e-01,-1.233809533876171483e-01,9.866661363561575193e-01,1.067196175604796281e+03
-4.025677558904440900e+00,-2.232263630878314142e+00,-1.489288240960158127e+01,-8.744392963267193231e-02,-1.136432325960155115e-01,9.896649811148190423e-01,1.071935699543437977e+03
-3.750778554777527418e+00,-2.111444188956206780e+00,-1.465388051273556869e+01,-6.871116837121769849e-02,-1.038540050754186844e-01,9.922152593870455783e-01,1.076675223482079673e+03
-3.467777653075770683e+00,-2.035229697081613942e+00,-1.437272072980517024e+01,-4.994726626917372209e-02,-9.401770702787409784e-02,9.943158156980079765e-01,1.081414747420721369e+03
-3.178326970707007426e+00,-2.009995327824252165e+00,-1.405746617566015466e+01,-3.116072654996588850e-02,-8.413879596974858932e-02,9.959656982664557567e-01,1.086154271359363065e+03
-2.884218596259119582e+00,-2.042083863350797390e+00,-1.371618207490398866e+01,-1.236006268616180077e-02,-7.422174871580732025e-02,9.971641594329599956e-01,1.090893795298004761e+03
-2.587384345037686550e+00,-2.137803357923210523e+00,-1.335693525983364616e+01,6.446205450268602775e-03,-6.427105935482160803e-02,9.979106559979360469e-01,1.095633319236646457e+03
-2.524109628412662953e+00,-2.172369197027058885e+00,-1.327839349899144494e+01,2.524955544058136298e-02,-5.429123721739855662e-02,9.982048494676603045e-01,1.096637862826583387e+03
-2.225059002392667740e+00,-2.404175334110754569e+00,-1.290028907452700579e+01,4.156984327333981821e-02,-2.135832633176815848e-02,9.989062869066792638e-01,1.101377386765225083e+03
-1.927306991573797479e+00,-2.703701669353827608e+00,-1.251764878237274559e+01,5.783394932916060410e-02,1.160344192871794189e-02,9.982577795518137176e-01,1.106116910703866779e+03
-1.631715917435505148e+00,-3.067407083157962511e+00,-1.213412167824522747e+01,7.401989525620714105e-02,4.454952490718645103e-02,9.962602044306537730e-01,1.110856434642508475e+03
-1.339069240581927556e+00,-3.491739772351097226e+00,-1.175335686095936438e+01,9.010580832962017395e-02,7.743540118953225193e-02,9.929162612946221822e-01,1.115595958581150171e+03
-1.050071518502853296e+00,-3.973138571271375152e+00,-1.137900324550567177e+01,1.060699509877758712e-01,1.102166307249217991e-01,9.882304689719042523e-01,1.120335482519791867e+03
-7.653483719399726271e-01,-4.508034273307403694e+00,-1.101470933613632752e+01,1.218907501861378473e-01,1.428489148365356953e-01,9.822091592651033265e-01,1.125075006458433563e+03
-5.259490893560818670e-01,-5.007298090480926334e+00,-1.071526731757368900e+01,1.375468265293913195e-01,1.752881560418832474e-01,9.748604684046178193e-01,1.129121868167976345e+03
-2.503854212524470046e-01,-5.638522779974251442e+00,-1.038155204438920620e+01,8.757882145251406902e-02,1.419530485931322361e-01,9.859905080815150047e-01,1.133861392106618041e+03
2.062970080773005033e-02,-6.311859299940406842e+00,-1.006678105742459373e+01,3.728398824526636679e-02,1.080881901446785337e-01,9.934409128733617811e-01,1.138600916045259737e+03
2.902629229396329058e-01,-7.020249713065314090e+00,-9.770029154068263111e+00,-1.314997981169989567e-02,7.381995974390349879e-02,9.971838805222087432e-01,1.143340439983901433e+03
5.629975752849004644e-01,-7.755553304825576255e+00,-9.488846657585741085e+00,-6.353487042525206296e-02,3.927624156274542311e-02,9.972054437716173503e-01,1.148079963922543129e+03
8.434992635416062035e-01,-8.509734548048990987e+00,-9.220782911982986718e+00,-1.136826545390144244e-01,4.585947739511318441e-03,9.935055224503072102e-01,1.152819487861184825e+03
1.136614961329645901e+00,-9.274866155040477622e+00,-8.963386434925238788e+00,-1.634061878962592418e-01,-3.012146261130105307e-02,9.860979237612462756e-01,1.157559011799826521e+03
1.447372082650932201e+00,-1.004313211774882930e+01,-8.714205070694429622e+00,-2.125199093030676056e-01,-6.471646642926544291e-02,9.750102907772041361e-01,1.162298535738468217e+03
1.761144036001369040e+00,-1.076106448369109003e+01,-8.485418169769255670e+00,-2.608405329908591308e-01,-9.906995997921072550e-02,9.602839993341963920e-01,1.166753985703076978e+03
2.120717194064661637e+00,-1.151396710182501693e+01,-8.244861493485338144e+00,-2.235018881650905342e-01,-8.790199155448357587e-03,9.746628331817847046e-01,1.171493509641718674e+03
2.503936525715086514e+00,-1.225207192175102122e+01,-8.002867118239477051e+00,-1.839837957497065524e-01,8.157526878447596275e-02,9.795373593818974545e-01,1.176233033580360370e+03
2.906629094362441545e+00,-1.297219908305939384e+01,-7.754541002167521846e+00,-1.426716111873865545e-01,1.711452583110998349e-01,9.748600473501202179e-01,1.180972557519002066e+03
3.324700813824787105e+00,-1.367107380218613777e+01,-7.494989490035852242e+00,-9.996818432077994587e-02,2.590463414501085748e-01,9.606765090838927934e-01,1.185712081457643762e+03
3.754137253295049437e+00,-1.434532771545245744e+01,-7.219319618297681984e+00,-5.628993116807001762e-02,3.444213645748988029e-01,9.371250542345779255e-01,1.190451605396285458e+03
4.191004433420054909e+00,-1.499150023254449060e+01,-6.922639420117015163e+00,-1.206277344158271196e-02,4.264378064851320760e-01,9.044353413582005841e-01,1.195191129334927155e+03
4.631449613446225300e+00,-1.560603990031927957e+01,-6.600058230346259158e+00,3.228201460838114184e-02,5.042958962997792227e-01,8.629261385012346741e-01,1.199930653273568851e+03
5.071702069386745393e+00,-1.618530577682272664e+01,-6.246686990443254928e+00,7.631201154049893631e-02,5.772364120340839344e-01,8.130022149522132535e-01,1.204670177212210547e+03
5.508073863165567019e+00,-1.672556881540460694e+01,-5.857638553313339713e+00,1.195978652675814546e-01,6.445480838397281698e-01,7.551503944529271983e-01,1.209409701150852243e+03
5.770301304463933967e+00,-1.702788691230969675e+01,-5.597191658135694858e+00,1.617174796971458384e-01,7.055745297363416046e-01,6.899348083319588598e-01,1.212292251195785866e+03
6.196648186634215349e+00,-1.747939842694805179e+01,-5.129010953664078443e+00,6.185277033865384938e-02,7.432499600232224113e-01,6.661469295322577366e-01,1.217031775134427562e+03
6.619303589159083678e+00,-1.788399517955685170e+01,-4.621584747020782480e+00,-3.875156828999429953e-02,7.720373894944654314e-01,6.343930841174880708e-01,1.221771299073069258e+03
7.040570180017479807e+00,-1.823917967898144354e+01,-4.075735023557388814e+00,-1.388925050209728063e-01,7.915925799816196928e-01,5.950529887038474852e-01,1.226510823011710954e+03
7.396275665374669295e+00,-1.849597938519724138e+01,-3.583602293839779573e+00,-2.373725497158666875e-01,8.016816862585106618e-01,5.485970712253951387e-01,1.230512537557586711e+03
7.816312518538842014e+00,-1.875033357167723835e+01,-2.966394038169981151e+00,-2.023430954694427075e-01,8.296855415394258637e-01,5.202664450756629977e-01,1.235252061496228407e+03
8.232164882826143781e+00,-1.895786586485791858e+01,-2.318376989453926562e+00,-1.667442749879564923e-01,8.553547315908452964e-01,4.904718441454649636e-01,1.239991585434870103e+03
8.640910026321853010e+00,-1.912121821736256067e+01,-1.643235749474953877e+00,-1.306762547384102413e-01,8.786170308822474073e-01,4.592971037212987828e-01,1.244731109373511799e+03
9.039618703053367454e+00,-1.924278863481128710e+01,-9.450323389120823814e-01,-9.424052109920350029e-02,8.994069851920417635e-01,4.268299417404201601e-01,1.249470633312153495e+03
9.134654771170234611e+00,-1.926240674147372545e+01,-7.686155272991550547e-01,-5.753959499378942521e-02,9.176660956532159963e-01,3.931617121384595737e-01,1.250636107496832665e+03
9.507242891085553538e+00,-1.930146004761123635e+01,-3.521436759864460947e-02,-9.627781691526657304e-02,9.399391079157987106e-01,3.274798549239044121e-01,1.255375631435474361e+03
9.863707735248407715e+00,-1.930276718021752913e+01,7.099649660509668170e-01,-1.344084403522463333e-01,9.562802988298692020e-01,2.597313250890354586e-01,1.260115155374116057e+03
1.020112741153258895e+01,-1.926798616123405594e+01,1.461729311130959497e+00,-1.716908291238316842e-01,9.665865430583112650e-01,1.903436733227267252e-01,1.264854679312757753e+03
1.051653776631743575e+01,-1.919870445686963478e+01,2.214885094267518006e+00,-2.078897002329408994e-01,9.707928006527200004e-01,1.197547942196317133e-01,1.269594203251399449e+03
1.080693300461791750e+01,-1.909643826028016989e+01,2.964238653999502038e+00,-2.427766086489313579e-01,9.688725274387219866e-01,4.841016286004337643e-02,1.274333727190041145e+03
1.106926631497843871e+01,-1.896263178237861524e+01,3.704596563550334842e+00,-2.761313889345366479e-01,9.608378424797539008e-01,-2.323997643408246688e-02,1.279073251128682841e+03
1.130045049909438504e+01,-1.879865655083582254e+01,4.430765953588974071e+00,-3.077435446226383098e-01,9.467394515678753120e-01,-9.474345142947245002e-02,1.283812775067324537e+03
1.149735860612508098e+01,-1.860581071733255953e+01,5.137554834964891626e+00,-3.374135765779209817e-01,9.266663272260090567e-01,-1.656490154726177055e-01,1.288552299005966233e+03
1.165682457166175112e+01,-1.838531837312250872e+01,5.819772421401959939e+00,-3.649542419632648693e-01,9.007451472411005522e-01,-2.355091951395531791e-01,1.293291822944607929e+03
1.177564386131365914e+01,-1.813832887296552698e+01,6.472229452136214256e+00,-3.901917358682575054e-01,8.691394952700415288e-01,-3.038831140791655172e-01,1.298031346883249626e+03
1.185057411887542500e+01,-1.786591616749019451e+01,7.089738514482469611e+00,-4.129667881447156574e-01,8.320488285602903877e-01,-3.703392752347687833e-01,1.302770870821891322e+03
1.187833581903821667e+01,-1.756907814404400270e+01,7.667114366314633500e+00,-4.331356685285485675e-01,7.897072192955523207e-01,-4.344582838907079525e-01,1.307510394760533018e+03
1.187313223357860892e+01,-1.749908653728450503e+01,7.783526033629466490e+00,-4.505710937053435949e-01,7.423818775044692675e-01,-4.958354943632634626e-01,1.308545226280693896e+03
1.179708918221029457e+01,-1.715613849858096884e+01,8.270249189935206857e+00,-4.325679786036499830e-01,7.015212720664332213e-01,-5.663486988816637258e-01,1.313284750219335592e+03
1.167204403125017542e+01,-1.679415390331267588e+01,8.709036379452603782e+00,-4.115516728343035502e-01,6.557739973468627026e-01,-6.329168073222820601e-01,1.318024274157977288e+03
1.149989636717442387e+01,-1.641791412584844778e+01,9.098401696802056904e+00,-3.876685725510617964e-01,6.054587207937227600e-01,-6.950761219256188506e-01,1.322763798096618984e+03
1.128242343970751627e+01,-1.603223995919447731e+01,9.436862306543185142e+00,-3.610850428976103976e-01,5.509259287258632121e-01,-7.523936555110757318e-01,1.327503322035260680e+03
1.102127984780923065e+01,-1.564198952929992537e+01,9.722938535159922679e+00,-3.319862591850128997e-01,4.925554850294058262e-01,-8.044701472894597583e-01,1.332242845973902376e+03
1.071799723950949357e+01,-1.525205620536881845e+01,9.955153962898023678e+00,-3.005749170782878177e-01,4.307539852765981947e-01,-8.509428437866993766e-01,1.336982369912544073e+03
1.037398402560815747e+01,-1.486736650635522849e+01,1.013203551545073466e+01,-2.670698207710636707e-01,3.659519246857514951e-01,-8.914880255236748985e-01,1.341721893851185769e+03
9.990525107256093662e+00,-1.449287800381900659e+01,1.025211355548830028e+01,-2.317043589753051969e-01,2.986006996347361220e-01,-9.258232618644618439e-01,1.346461417789827465e+03
9.688829196206638628e+00,-1.423653177473846654e+01,1.029635204374056556e+01,-1.947248793330370042e-01,2.291694635977901684e-01,-9.537093783342652786e-01,1.349845436408356136e+03
9.228081276582541292e+00,-1.389720625219686845e+01,1.029893796683370866e+01,-1.304229617314389966e-01,2.208078674440203393e-01,-9.665566391698915405e-01,1.354584960346997832e+03
8.730681908358880250e+00,-1.358153883778397031e+01,1.024075053261434398e+01,-6.555115113623866119e-02,2.114814068290295779e-01,-9.751803223742036009e-01,1.359324484285639528e+03
8.197373235895646815e+00,-1.329418633545164141e+01,1.012343244599235881e+01,-3.929029692426138352e-04,2.012308338487554527e-01,-9.795427490065077292e-01,1.364064008224281224e+03
7.880552398796668356e+00,-1.315280977954404484e+01,1.002902202233966200e+01,6.476707605836715120e-02,1.901009377850844395e-01,-9.796248564155457528e-01,1.366700001627259780e+03
7.275361248950794391e+00,-1.293284117740489236e+01,9.815557032751838662e+00,-1.202435858672540048e-01,1.803110722340109662e-01,-9.762312212215477070e-01,1.371439525565901477e+03
6.637457379765601573e+00,-1.274401924006551035e+01,9.568647701923909565e+00,-3.011254806148828123e-01,1.643299827841133987e-01,-9.393173594067406595e-01,1.376179049504543173e+03
5.969624850146397321e+00,-1.258360090743180315e+01,9.300052734466822457e+00,-4.716678226182586253e-01,1.427064005029191063e-01,-8.701507618580639480e-01,1.380918573443184869e+03
5.645541418766068631e+00,-1.252197890338195307e+01,9.169651868456641708e+00,-6.260148404288520263e-01,1.161827943315421469e-01,-7.711063336946214486e-01,1.383125740893989814e+03
4.924307047269702586e+00,-1.241541005063897707e+01,8.885375887658025107e+00,-4.469850053540631585e-01,1.302541119969272687e-01,-8.850063679414962303e-01,1.387865264832631510e+03
4.182946434066817432e+00,-1.232919434279674675e+01,8.602570580446254667e+00,-2.477411376777316210e-01,1.384349498073834950e-01,-9.588837746955011232e-01,1.392604788771273206e+03
3.427360779094068111e+00,-1.225947475888376204e+01,8.327155238562578887e+00,-3.729364043717988547e-02,1.403553427899224826e-01,-9.893975753626359504e-01,1.397344312709914902e+03
2.663531326095616603e+00,-1.220252974136566415e+01,8.065048685100761006e+00,1.748404087044193034e-01,1.359284426191601225e-01,-9.751678265669595502e-01,1.402083836648556598e+03
1.897518208544709761e+00,-1.215477451818902921e+01,7.822168906103067698e+00,3.790676525868807989e-01,1.253544461058823112e-01,-9.168380323720659586e-01,1.406823360587198295e+03
1.135459287053422806e+00,-1.211276240972934382e+01,7.604432682195507276e+00,5.661523026511525725e-01,1.091115420464654068e-01,-8.170460461903144012e-01,1.411562884525839991e+03
3.835689783370806460e-01,-1.207318612053508744e+01,7.417755220279493855e+00,7.276338170426087659e-01,8.793428570589237325e-02,-6.803047770622392409e-01,1.416302408464481687e+03
-3.518629241997324186e-01,-1.203287901576051944e+01,7.268049785297176157e+00,8.562095168812656754e-01,6.278037905755888548e-02,-5.127980959479064849e-01,1.421041932403123383e+03
-6.768373369160604058e-01,-1.201400125752045156e+01,7.219064746703473645e+00,9.460648355884715421e-01,3.478735945969800569e-02,-3.221011742999410066e-01,1.423200303365853415e+03
-8.751064286338628984e-01,-1.200206508740842715e+01,7.200992062591957676e+00,9.584251285748234261e-01,4.122986713302411593e-02,-2.823461898588668362e-01,1.424565034103077778e+03
-1.536059084365167138e+00,-1.195665494436947895e+01,7.182317944772716345e+00,8.803426709584317722e-01,2.203736698326359475e-02,-4.738239505839414445e-01,1.429304558041719474e+03
-2.165206897759005322e+00,-1.190108157364681674e+01,7.202892141105552426e+00,7.642918896699688602e-01,1.894418120125308932e-03,-6.448661245293564326e-01,1.434044081980361170e+03
-2.756818210294031513e+00,-1.183060245046248760e+01,7.253351253229433304e+00,6.152779431530575049e-01,-1.833023449670067792e-02,-7.880958413628759152e-01,1.438783605919002866e+03
-3.304647797413061028e+00,-1.174030959785396355e+01,7.322329107785060742e+00,4.397276501586359077e-01,-3.776432237443680395e-02,-8.973357507880354023e-01,1.443523129857644562e+03
-3.802328842788852636e+00,-1.162543393588938834e+01,7.398458370886222824e+00,2.452123119725135303e-01,-5.556967293165824412e-02,-9.678744409829299622e-01,1.448262653796286259e+03
-4.228895247358722465e+00,-1.148622119017982435e+01,7.468093490682395696e+00,4.012117611809233597e-02,-7.097835857130116444e-02,-9.966696362596492165e-01,1.452845841268543381e+03
-4.606732683388511163e+00,-1.130916571477820121e+01,7.527606963782467631e+00,2.064842279658814506e-01,-9.370392420627281227e-02,-9.739516611154076520e-01,1.457585365207185077e+03
-4.913962219079945903e+00,-1.109583540474737973e+01,7.571752319790151731e+00,3.669192286992864482e-01,-1.137393131735113111e-01,-9.232722503408486991e-01,1.462324889145826774e+03
-5.142920912352991536e+00,-1.084364695022709135e+01,7.600371343194550988e+00,5.168202445334900696e-01,-1.305093295859836022e-01,-8.460863725005770553e-01,1.467064413084468470e+03
-5.285023563407046154e+00,-1.055711474507305070e+01,7.613228962547839096e+00,6.518837563236904442e-01,-1.435325212647471094e-01,-7.446099539894819319e-01,1.471714136304197154e+03
-5.343610548310730124e+00,-1.022701473671906669e+01,7.611172801235088770e+00,6.349942060806050836e-01,-1.000853201640159729e-01,-7.660047564616201399e-01,1.476453660242838851e+03
-5.315664029945669000e+00,-9.862144850286862052e+00,7.594477455780315189e+00,6.164342068656536444e-01,-5.637483835162032664e-02,-7.853844575727467747e-01,1.481193184181480547e+03
-5.275147496479547726e+00,-9.719428425056616305e+00,7.583380885712991848e+00,5.962525754967288316e-01,-1.251604388007775299e-02,-8.026980844930199366e-01,1.482896858624605102e+03
-5.081086123627656548e+00,-9.292888448589915029e+00,7.538432579877597739e+00,5.192356874939494382e-01,5.817360651971904134e-02,-8.526477187778083167e-01,1.487636382563246798e+03
-4.811299488961989113e+00,-8.840548608964761357e+00,7.479261123275152912e+00,4.352487942856334557e-01,1.280823424949998623e-01,-8.911517270442105287e-01,1.492375906501888494e+03
-4.474118825266884869e+00,-8.365959735772500849e+00,7.405784813296306446e+00,3.454192988925391949e-01,1.962717430737757063e-01,-9.176932553001641013e-01,1.497115430440530190e+03
-4.077931967583426243e+00,-7.872482957785745583e+00,7.317922831099231473e+00,2.509530298090542066e-01,2.618264672236589319e-01,-9.319160251282507801e-01,1.501854954379171886e+03
-3.631181745213677647e+00,-7.363288810178407751e+00,7.215595246715003519e+00,1.531180558407019277e-01,3.238665398333598344e-01,-9.336291155227524063e-01,1.506594478317813582e+03
-3.568800550297353436e+00,-7.296248650440102068e+00,7.200680217414664241e+00,5.322766570566696970e-02,3.815591630838749415e-01,-9.228095256714123895e-01,1.507199925270739413e+03
-3.043180270198237558e+00,-6.757969948777533098e+00,7.068911922492119082e+00,2.959856185797279243e-02,3.264946921340206032e-01,-9.447344288962489234e-01,1.511939449209381110e+03
-2.483134387093448581e+00,-6.212050514493978604e+00,6.920362520181333466e+00,5.848963170023460147e-03,2.701010276743865957e-01,-9.628131825421308854e-01,1.516678973148022806e+03
-1.895468365033261549e+00,-5.662710266104067358e+00,6.752806586640505593e+00,-1.792444493147205345e-02,2.126077507353601737e-01,-9.769721892659138929e-01,1.521418497086664502e+03
-1.287072102819210473e+00,-5.114015234535137289e+00,6.564019875195251430e+00,-4.162488019065611194e-02,1.542489183315769730e-01,-9.871538079450838943e-01,1.526158021025306198e+03
-6.649186356029029854e-01,-4.569876174093005616e+00,6.351779455044935574e+00,-6.515585740140798776e-02,9.526211090381887792e-02,-9.933165882386646439e-01,1.530897544963947894e+03
-3.594517190910581084e-01,-4.308241642222603751e+00,6.236261349739275595e+00,-8.842158107816339152e-02,3.588746543198997885e-02,-9.954354393037767590e-01,1.533202039012903697e+03
2.695793196529219782e-01,-3.778894770024732619e+00,5.971691788499258635e+00,-8.728383035880797614e-02,4.110066211663890995e-02,-9.953342496165105135e-01,1.537941562951545393e+03
8.949319855041275584e-01,-3.263393995178980322e+00,5.678275141076225552e+00,-8.614359385513602196e-02,4.631268703562217703e-02,-9.952047106930274056e-01,1.542681086890187089e+03
1.510142433015236874e+00,-2.765869793221168660e+00,5.354173219622429869e+00,-8.500090385911010515e-02,5.152339257212213558e-02,-9.950468261792007052e-01,1.547420610828828785e+03
2.108916046037228043e+00,-2.290565501809909588e+00,4.997675963213168870e+00,-8.385579273405978362e-02,5.673263114737887164e-02,-9.948606005447003797e-01,1.552160134767470481e+03
2.679258665220922264e+00,-1.845901657511122451e+00,4.610871540699561066e+00,-8.270829291075462719e-02,6.194025522333826417e-02,-9.946460390482825265e-01,1.556853654352434432e+03
3.227757776709555326e+00,-1.426762999166113488e+00,4.186814972015723946e+00,-1.919325519909673150e-01,1.900566265898793669e-03,-9.814052594798168272e-01,1.561593178291076129e+03
3.747887066212278295e+00,-1.040381747773134746e+00,3.734603291048421259e+00,-2.981415288385956264e-01,-5.816897396023822803e-02,-9.527465556226610843e-01,1.566332702229717825e+03
4.240466664907995842e+00,-6.892648347283046872e-01,3.261875894050262126e+00,-3.996666785413171552e-01,-1.173246713764084515e-01,-9.091201612278186905e-01,1.571072226168359521e+03
4.706251501975198259e+00,-3.759406369073816645e-01,2.776273451534447823e+00,-4.949130402249444782e-01,-1.746371890982774677e-01,-8.512114512857141824e-01,1.575811750107001217e+03
5.145931107206145327e+00,-1.029578622616914296e-01,2.285437432811498137e+00,-5.823842932496391400e-01,-2.292061470017663360e-01,-7.799301745371303163e-01,1.580551274045642913e+03
5.560129421039510689e+00,1.271155671297915513e-01,1.797009630488736853e+00,-6.607062637450406006e-01,-2.801742663371637465e-01,-6.963961613415760032e-01,1.585290797984284609e+03
5.949404612022604510e+00,3.116936344573317808e-01,1.318631684954831185e+00,-7.286485123033354938e-01,-3.267408372339750122e-01,-6.019217314589265788e-01,1.590030321922926305e+03
6.314248901714067941e+00,4.481733499312682278e-01,8.579446088715236840e-01,-7.851436637787011508e-01,-3.681742975765184278e-01,-4.979910780655157909e-01,1.594769845861568001e+03
6.648712734817904924e+00,5.323850137720609332e-01,4.306727411760409296e-01,-8.293041755875354415e-01,-4.038237256807276077e-01,-3.862369517938097907e-01,1.599420980298763425e+03
6.965862136762343226e+00,5.649223658772288825e-01,2.814348569660109906e-02,-9.064442000767557461e-01,-2.701883575451117792e-01,-3.245846015987330357e-01,1.604160504237405121e+03
7.259645107490651839e+00,5.415167443798331037e-01,-3.339227983670424171e-01,-9.585572391844686679e-01,-1.290930880113546064e-01,-2.539704585883130195e-01,1.608900028176046817e+03
7.530289736987852756e+00,4.595088625689203177e-01,-6.478923288058183738e-01,-9.842044580524140773e-01,1.556643868158704563e-02,-1.763441826014955083e-01,1.613639552114688513e+03
7.777264578632564707e+00,3.149347600860766816e-01,-9.068038895538672595e-01,-9.826777405544420141e-01,1.597961720344684422e-01,-9.384903634458560684e-02,1.618379076053330209e+03
7.999507720195888183e+00,1.051786889230665184e-01,-1.107943958182581401e+00,-9.540192390810964262e-01,2.996139288511275311e-01,-8.762710900342843626e-03,1.623118599991971905e+03
8.197139322949398732e+00,-1.658053220259222971e-01,-1.255082427626682540e+00,-8.990202108057140373e-01,4.311593389798332177e-01,7.656555997333212848e-02,1.627858123930613601e+03
8.199812871117559965e+00,-1.707711522289412920e-01,-1.256581612065313713e+00,-8.191991725392069323e-01,5.508004282669475282e-01,1.597798608479828741e-01,1.627930488279329211e+03
8.352851964872815671e+00,-5.462100539133550869e-01,-1.309214041402525508e+00,-8.549644900464410391e-01,5.045582234809314892e-01,1.202277832988469103e-01,1.632670012217970907e+03
8.483288255847536874e+00,-9.668369405460063293e-01,-1.321308069042755662e+00,-8.864704756671241137e-01,4.558023799128996800e-01,8.007675215651151313e-02,1.637409536156612603e+03
8.592651230472203139e+00,-1.424858692644208391e+00,-1.299549034631922950e+00,-9.135601735931458967e-01,4.047757920488332939e-01,3.952679338741355020e-02,1.642149060095254299e+03
8.682637716973221842e+00,-1.912522735385605133e+00,-1.250624385171048791e+00,-9.360986288127379762e-01,3.517326662961003936e-01,-1.220079910729078522e-03,1.646888584033895995e+03
8.755111511640540911e+00,-2.422119825331542131e+00,-1.181223258490324168e+00,-9.539735593064906372e-01,2.969372546744963870e-01,-4.196087380315819543e-02,1.651628107972537691e+03
8.812102987050392855e+00,-2.945986832147720502e+00,-1.098036066644181519e+00,-9.670959153261242669e-01,2.406625384868112394e-01,-8.249262469102858208e-02,1.656367631911179387e+03
8.855808682265744025e+00,-3.476509515092111702e+00,-1.007754079246796719e+00,-9.754003229736607494e-01,1.831888685198679034e-01,-1.226134103310430740e-01,1.661107155849821083e+03
8.886922012141287297e+00,-4.006090837987724917e+00,-9.172666558651393354e-01,-9.788454098736896203e-01,1.248025685430192988e-01,-1.621233556705064249e-01,1.665846679788462779e+03
8.895744858441258174e+00,-4.264396999160563695e+00,-8.755198875381230428e-01,-9.774140113168773292e-01,6.579450905343095513e-02,-2.008256284922138868e-01,1.668192500195069670e+03
8.897297222208392142e+00,-4.772786549255510380e+00,-8.029082317064608620e-01,-9.913861081720379831e-01,3.142145133064046247e-02,-1.271388096475955520e-01,1.672932024133711366e+03
8.877953532344617926e+00,-5.260874157038500698e+00,-7.485603548922150630e-01,-9.986103471483583904e-01,-3.165469293809915815e-03,-5.258663681356807312e-02,1.677671548072353062e+03
8.833987379417697738e+00,-5.720765898546247286e+00,-7.199564635544321023e-01,-9.990375602603803751e-01,-3.773084096684697214e-02,2.232345913920410346e-02,1.682411072010994758e+03
8.761842272199618975e+00,-6.144483080916215201e+00,-7.245751598872042232e-01,-9.926648405684826981e-01,-7.203939869627064285e-02,9.708161171706068682e-02,1.687150595949636454e+03
8.658132357527637879e+00,-6.523965077100767118e+00,-7.698929760209015649e-01,-9.795355619096602906e-01,-1.058576253570941844e-01,1.711789885087179330e-01,1.691890119888278150e+03
8.556177397877986479e+00,-6.766383604371308813e+00,-8.386728582210568606e-01,-9.597390838128750934e-01,-1.389553408098522513e-01,2.441112538597042803e-01,1.695395039387796714e+03
8.477336631965519231e+00,-6.889899555912431417e+00,-9.048930060858083602e-01,-9.468826543340735924e-01,-1.788950639424656541e-01,2.672223699080237824e-01,1.697554481633690330e+03
8.270096920592541423e+00,-7.102280289794131285e+00,-1.101917323774836976e+00,-9.738354171820273741e-01,-9.898311020216571388e-02,2.045603190655415626e-01,1.702294005572332026e+03
8.032635629154276202e+00,-7.256868964505285291e+00,-1.344522706178663984e+00,-9.900380802594777041e-01,-1.797850571296142827e-02,1.396401552856375294e-01,1.707033529510973722e+03
7.770671205067332110e+00,-7.356305513113297501e+00,-1.624573857819392009e+00,-9.953117902328908473e-01,6.322455345201653809e-02,7.317852187621257110e-02,1.711773053449615418e+03
7.489854249846797707e+00,-7.403350155654960574e+00,-1.933933149496758652e+00,-9.895983334089528682e-01,1.437296814263384348e-01,5.909077005474734808e-03,1.716512577388257114e+03
7.195766552886832201e+00,-7.400882240283554125e+00,-2.264461124892503285e+00,-9.729607781120949150e-01,2.226481965107141026e-01,-6.142560415362166570e-02,1.721252101326898810e+03
7.144685367779016971e+00,-7.392758203745336765e+00,-2.322602849789973778e+00,-9.455827787075175017e-01,2.991089301178729842e-01,-1.280822256789596603e-01,1.722050196206074588e+03
6.835404463403675912e+00,-7.300500646674382921e+00,-2.677875097604682342e+00,-9.966482093153258282e-01,2.009867184413835495e-02,7.928675966761758453e-02,1.726789720144716284e+03
6.524817373444593116e+00,-7.166500466273467929e+00,-3.036813361125151101e+00,-9.246708310589653035e-01,-2.613930304938583693e-01,2.768673649916907342e-01,1.731529244083357980e+03
6.217356114446821458e+00,-6.997586916295729154e+00,-3.391728616354716674e+00,-7.385365950720895745e-01,-5.106140980081755876e-01,4.402668970680115312e-01,1.736268768021999676e+03
5.916994390847468033e+00,-6.801875148557492423e+00,-3.735083155619141948e+00,-4.612250201362884106e-01,-6.967964151655834382e-01,5.493125127029956367e-01,1.741008291960641372e+03
5.627525777160523823e+00,-6.587563988989595387e+00,-4.059339988048209058e+00,-1.269721988888478093e-01,-7.969544911010658650e-01,5.905417849932301788e-01,1.745747815899283069e+03
5.585693595082699581e+00,-6.553572440744671823e+00,-4.104542377525786101e+00,2.229560273094732814e-01,-7.987232276283273702e-01,5.588647560310783247e-01,1.746463670349502991e+03
5.323276209460097164e+00,-6.322604669308392822e+00,-4.374502052022775089e+00,-1.713933987611341303e-01,-8.199262589866942452e-01,5.462080489019556229e-01,1.751203194288144687e+03
5.079360262687760752e+00,-6.091055452906958045e+00,-4.609157052128037613e+00,-5.389847301761025999e-01,-7.131210842581245934e-01,4.482764546832352370e-01,1.755942718226786383e+03
4.859050526714673524e+00,-5.867650119765881023e+00,-4.803707412413768196e+00,-8.224289013688181882e-01,-4.949822509166991735e-01,2.803591865279838613e-01,1.760682242165428079e+03
4.671027520324827265e+00,-5.661804956183620341e+00,-4.958817627155505114e+00,-9.774740835087009083e-01,-1.995660232828347369e-01,6.867181678188077898e-02,1.765421766104069775e+03
4.607576082821243091e+00,-5.584733073056241892e+00,-5.009819957038837757e+00,-9.799144646404837067e-01,1.270066560666229249e-01,-1.537366296746737471e-01,1.767459462774772419e+03
4.507664493100791425e+00,-5.439339027971727525e+00,-5.094395957676661979e+00,-8.103625865342762857e-01,-4.292963652631672788e-01,3.987669859930360050e-01,1.772198986713414115e+03
4.502182157211576552e+00,-5.426860367411309838e+00,-5.100667801213494279e+00,-1.193565900716849343e-01,-7.093547238671591426e-01,6.946710589441000838e-01,1.772761650686703206e+03
4.513691002772735494e+00,-5.366632526843789996e+00,-5.124831819880875550e+00,-5.537009888787070011e-01,-5.235155435960954229e-01,6.475682902434677368e-01,1.777501174625344902e+03
4.586534163987057156e+00,-5.354624757610946695e+00,-5.125775480504205284e+00,-8.632354190845494823e-01,-2.196705549400246316e-01,4.544969290667646433e-01,1.782240698563986598e+03
4.609652849365865279e+00,-5.361002370439960529e+00,-5.122866096310965567e+00,-9.781876584242776840e-01,1.336904576564136027e-01,1.589772513249026464e-01,1.783047247139391402e+03
4.807287785960672188e+00,-5.446807176988384569e+00,-5.088757162506087894e+00,-9.664083038632608202e-01,9.383596273469914373e-02,2.392651297648827613e-01,1.787786771078033098e+03
5.063185797675739508e+00,-5.578076124062886443e+00,-5.035982523508936382e+00,-9.467302144692507637e-01,5.321452603328224312e-02,3.175974106157314902e-01,1.792526295016674794e+03
5.373184108948167115e+00,-5.750088431909254005e+00,-4.962540660652204672e+00,-9.193142268521516947e-01,1.215815577146638939e-02,3.933338677959113405e-01,1.797265818955316490e+03
5.733243263402337142e+00,-5.958036551018676796e+00,-4.866431337704329785e+00,-8.843844193010723664e-01,-2.899758542557382204e-02,4.658554914743486264e-01,1.802005342893958186e+03
6.139447816533376567e+00,-6.197028269511638321e+00,-4.745655725531302771e+00,-8.422262804301694494e-01,-6.991632286151085174e-02,5.345695467850919425e-01,1.806744866832599882e+03
6.588007014375675929e+00,-6.462088829429092129e+00,-4.598216526692557871e+00,-7.931843760870707083e-01,-1.102636187320406996e-01,5.989144178553862385e-01,1.811484390771241578e+03
6.904339606875063318e+00,-6.647237802153640907e+00,-4.484193043337665330e+00,-7.376595335703836076e-01,-1.497097052730873568e-01,6.583641975982017502e-01,1.814556723928056044e+03
7.428806889511263556e+00,-6.949251510722533887e+00,-4.278192544317448665e+00,-7.360229829494031595e-01,-1.659894231871403558e-01,6.562893264033671237e-01,1.819296247866697740e+03
7.986141726749395708e+00,-7.263933272183113132e+00,-4.040247894377989368e+00,-7.341862246908084089e-01,-1.822239873890938444e-01,6.540359362337271332e-01,1.824035771805339436e+03
8.572651355360239478e+00,-7.587119451830531602e+00,-3.768740932346504646e+00,-7.321497584181170248e-01,-1.984089825254444495e-01,6.516046400175883324e-01,1.828775295743981133e+03
9.184014063206712208e+00,-7.916752510498090700e+00,-3.462799930785714242e+00,-7.299141380490945519e-01,-2.145400067232409169e-01,6.489960990500854843e-01,1.833514819682622829e+03
9.815593004387929810e+00,-8.251771314759174913e+00,-3.121927476991882777e+00,-7.274799716419918516e-01,-2.306126727844871327e-01,6.462110228106302534e-01,1.838254343621264525e+03
1.046278273588309737e+01,-8.591011594761404524e+00,-2.745628330710992770e+00,-7.248479212303872155e-01,-2.466226093772281025e-01,6.432501687702244508e-01,1.842993867559906221e+03
1.112101007895956606e+01,-8.933206491130754046e+00,-2.333409455316946435e+00,-7.220187026434339295e-01,-2.625654622223429491e-01,6.401143421857991012e-01,1.847733391498547917e+03
1.178573497689232497e+01,-9.276987113069568025e+00,-1.884780048886620651e+00,-7.189930853115592546e-01,-2.784368952757274585e-01,6.368043958816295147e-01,1.852472915437189613e+03
1.245245134894571493e+01,-9.620883107601160944e+00,-1.399251575170276540e+00,-7.157718920576680022e-01,-2.942325919055504002e-01,6.333212300178854282e-01,1.857212439375831309e+03
1.275998460185662964e+01,-9.778293448063466897e+00,-1.157664509978610479e+00,-7.123559988739058824e-01,-3.099482560642681239e-01,6.296657918463804959e-01,1.859402429620079829e+03
1.342115184068406819e+01,-1.011452480141094945e+01,-5.971630888684656968e-01,-7.969631742788747530e-01,-2.683611231497488037e-01,5.411376963635078363e-01,1.864141953558721525e+03
1.407342199745052014e+01,-1.044681828401601109e+01,1.429586223373634094e-03,-8.682410353492178157e-01,-2.222856246646133793e-01,4.435590215560524796e-01,1.868881477497363221e+03
1.471409145623080761e+01,-1.077443180241668941e+01,6.365408134438076404e-01,-9.249974589921479140e-01,-1.724923786593507979e-01,3.385617818998125084e-01,1.873621001436004917e+03
1.534381901138101334e+01,-1.109872299185641786e+01,1.302490558358771366e+00,-9.662831936829870960e-01,-1.198141816459427633e-01,2.279020655523552319e-01,1.878360525374646613e+03
1.596490004784203620e+01,-1.142214955591217063e+01,1.991544336092394563e+00,-9.914077347531109474e-01,-6.513208028737856037e-02,1.134306642396598896e-01,1.883100049313288309e+03
1.657957203927232825e+01,-1.174721903245129617e+01,2.695966221403573559e+00,-9.999508724672222515e-01,-9.360636250024551713e-03,-2.937880476391178160e-03,1.887839573251930005e+03
1.719001413831569280e+01,-1.207648781652757641e+01,3.408019329872306713e+00,-9.917697198553026006e-01,4.656736940302905192e-02,-1.192572969909281300e-01,1.892579097190571702e+03
1.760452887831102586e+01,-1.230436561663973194e+01,3.894612755703640961e+00,-9.670011027923210989e-01,1.017165365397820903e-01,-2.335821341481925661e-01,1.895809575456678886e+03
