-5.739751996944176149e+00,-1.704376694899756961e+00,3.776482958864963102e+00,5.208099999999999952e-01,1.200000000000000030e-05,-8.536730000000000151e-01,0.000000000000000000e+00
-6.008290208888641182e+00,-1.955011646646797940e+00,3.245290127577530992e+00,5.208098314729967537e-01,1.199999611696388557e-05,-8.536727237630759024e-01,4.224723880397554865e+00
-6.277305803979450260e+00,-2.203969698584708148e+00,2.711435285264875983e+00,5.208098314729967537e-01,1.199999611696388557e-05,-8.536727237630759024e-01,8.449447760795109730e+00
-6.504367027503782595e+00,-2.415328438048488291e+00,2.252949576004725785e+00,5.208098314729967537e-01,1.199999611696388557e-05,-8.536727237630759024e-01,1.204319774651753505e+01
-6.767706793214370187e+00,-2.664071734950780534e+00,1.706873468258148563e+00,8.719656788972701689e-01,8.471943469299466484e-03,-4.894936986306114290e-01,1.626792162691508992e+01
-7.027573285882543708e+00,-2.913258800944444449e+00,1.152474693482493873e+00,9.998910209727144283e-01,1.476300030965393625e-02,-0.000000000000000000e+00,2.049264550731264478e+01
-7.202910593153257324e+00,-3.084494042276536785e+00,7.663155564518965290e-01,9.998910209727144283e-01,1.476300030965393625e-02,-0.000000000000000000e+00,2.338662019232396005e+01
-7.402786762364045536e+00,-3.284158305992823657e+00,3.084781049967031952e-01,9.990157245815923792e-01,1.110328897897211453e-02,-4.294530256693315090e-02,2.675442975422766168e+01
-7.646012621041099244e+00,-3.533715175191011415e+00,-2.773641096020687535e-01,9.962700824993981907e-01,7.409128576219260742e-03,-8.597108543215711829e-02,3.097915363462521654e+01
-7.877004995961029543e+00,-3.780778829886215053e+00,-8.745165319159055040e-01,9.916590217347551750e-01,3.701095812228846413e-03,-1.288358898050424028e-01,3.520387751502276785e+01
-8.089600627283266121e+00,-4.023947899539005668e+00,-1.482196115512559365e+00,9.852187484924046501e-01,-0.000000000000000000e+00,-1.713009562701261757e-01,3.942860139542032272e+01
-8.278570960216526942e+00,-4.262163309410833101e+00,-2.099061789873104100e+00,9.891670465372280896e-01,0.000000000000000000e+00,-1.467942575335194622e-01,4.365332527581787758e+01
-8.355869144659603620e+00,-4.373757061886199615e+00,-2.397614525763467785e+00,9.925095989871302038e-01,0.000000000000000000e+00,-1.221666726992513136e-01,4.567463819784687473e+01
-8.488263333252350051e+00,-4.601890962720014855e+00,-3.026526128793611381e+00,9.952390874137452270e-01,0.000000000000000000e+00,-9.746362851779906411e-02,4.989936207824442960e+01
-8.590183669289087831e+00,-4.824363772903806691e+00,-3.657710529413095379e+00,9.973515959405365727e-01,-0.000000000000000000e+00,-7.273097053432606152e-02,5.412408595864198446e+01
-8.659243181030399583e+00,-5.041001562453156559e+00,-4.288153059652487720e+00,9.953453996504029178e-01,8.097898358637214966e-02,-5.224882402597962050e-02,5.834880983903953933e+01
-8.674558368059869906e+00,-5.136667182248056740e+00,-4.572957636720802022e+00,9.854781071473716070e-01,1.671512269162314934e-01,-2.988925682636148912e-02,6.026810067994223630e+01
-8.672584165042714233e+00,-5.340058547139398648e+00,-5.193230795527687071e+00,9.664530254348550065e-01,2.567734482437887822e-01,-5.995490372776737450e-03,6.449282456033978406e+01
-8.636124811469233720e+00,-5.534115414032168445e+00,-5.802582961456823618e+00,9.374927989277386242e-01,3.474911817676978876e-01,1.889789809273033014e-02,6.871754844073734603e+01
-8.565669841512688620e+00,-5.716370231369989341e+00,-6.396088342701237828e+00,8.985910989073071509e-01,4.365649163162699797e-01,4.410341037069809983e-02,7.294227232113490800e+01
-8.461650984930347619e+00,-5.884345073994859732e+00,-6.968821928184325998e+00,8.506290830128684366e-01,5.212368744687743138e-01,6.886424200345132862e-02,7.716699620153246997e+01
-8.324442086263340812e+00,-6.035552523941033698e+00,-7.515859730943101447e+00,7.952885919394564462e-01,5.991382731152687935e-01,9.246288563207595568e-02,8.139172008193003194e+01
-8.154359029266608161e+00,-6.167496552142481825e+00,-8.032279031473352759e+00,7.347773905011516504e-01,6.686052702991702734e-01,1.143205096931057263e-01,8.561644396232759391e+01
-7.951659666572448160e+00,-6.277673400994554065e+00,-8.513158621027681505e+00,6.714631557683692353e-01,7.288113470872787936e-01,1.340568939010928495e-01,8.984116784272515588e+01
-7.813380281398046634e+00,-6.328014218814731251e+00,-8.772125120803694998e+00,6.075382318645802249e-01,7.797082975726096210e-01,1.515000578194020953e-01,9.232219487953710768e+01
-7.545777023234653491e+00,-6.388583495066550988e+00,-9.169448667680262233e+00,5.832045391688127634e-01,7.618374529794745831e-01,2.819151658400795291e-01,9.654691875993466965e+01
-7.248040699764264794e+00,-6.426012807620479883e+00,-9.519157281606741350e+00,5.407518862387776792e-01,7.228968825217915173e-01,4.301249757564412635e-01,1.007716426403322316e+02
-6.922501268390153228e+00,-6.442736475121366269e+00,-9.816985527178843540e+00,4.755573068992898778e-01,6.560760232446689599e-01,5.860115182981945336e-01,1.049963665207297936e+02
-6.571529698589865909e+00,-6.441139765836134679e+00,-1.005867053081263940e+01,3.878675723663247421e-01,5.599761544817329906e-01,7.321102736053525240e-01,1.092210904011273556e+02
-6.197537592897344183e+00,-6.423558301863857345e+00,-1.023995219155207081e+01,2.853343463543541736e-01,4.424462837380079838e-01,8.501915059543699860e-01,1.134458142815249175e+02
-5.802918213310162443e+00,-6.392737533854131016e+00,-1.035665819191256531e+01,1.802505858812980533e-01,3.180361965567582438e-01,9.307860677777465286e-01,1.176705381619224795e+02
-5.653468051535651462e+00,-6.377420237227052979e+00,-1.037431689904224719e+01,8.331490876942215795e-02,2.004368242685702906e-01,9.761576232626948402e-01,1.191981349072222258e+02
-5.222995723839795268e+00,-6.326309114672899803e+00,-1.035262176520261868e+01,-0.000000000000000000e+00,9.741300428105810483e-02,9.952440437384886263e-01,1.234228587876197878e+02
-4.777463249427522207e+00,-6.270606494160189115e+00,-1.025905325921210753e+01,-1.160480539456063562e-03,1.328568085906912111e-01,9.911345628601668789e-01,1.276475826680173498e+02
-4.319648711031337740e+00,-6.212602761434538934e+00,-1.009578179738945991e+01,-2.326993265088600667e-03,1.683594868349814200e-01,9.857229165921861380e-01,1.318723065484149117e+02
-3.852485147364347107e+00,-6.153974618375617212e+00,-9.867006520246789592e+00,-3.495040550362784465e-03,2.037822005917345747e-01,9.790100098638120363e-01,1.360970304288124737e+02
-3.378936079746055476e+00,-6.096339697150033210e+00,-9.576929804003272650e+00,-4.660054004647294981e-03,2.389854160060645993e-01,9.710119746084916459e-01,1.403217543092100357e+02
-2.901995068039837200e+00,-6.041256112383219801e+00,-9.229757052742977308e+00,-5.817482929249287449e-03,2.738316246107345142e-01,9.617600523287570535e-01,1.445464781896075976e+02
-2.742652629897473826e+00,-6.023625038996670789e+00,-9.096107224570848970e+00,-6.962882773413898996e-03,3.081880162009888457e-01,9.512999868251774682e-01,1.459556462470970075e+02
-2.266193809051434638e+00,-5.973962448762805799e+00,-8.644714341657108392e+00,-8.091999607594671517e-03,3.419289834188381505e-01,9.396909544315675822e-01,1.501803701274945695e+02
-1.793450094920455040e+00,-5.930613144552374649e+00,-8.145919411795553344e+00,-5.468790429027350387e-03,2.310705026390969807e-01,9.729216387465943194e-01,1.544050940078921315e+02
-1.327551860159490449e+00,-5.896022132435018825e+00,-7.603543829262362053e+00,-2.734902098717992541e-03,1.155352532385155034e-01,9.932996152066215778e-01,1.586298178882896934e+02
-8.716917297673421050e-01,-5.872934993323494446e+00,-7.021279985531851509e+00,-9.999999999994999936e-07,0.000000000000000000e+00,9.999999999994999555e-01,1.628545417686872554e+02
-4.291188313795346043e-01,-5.864034015883488493e+00,-6.402822241558824068e+00,1.010957789115487842e-03,-9.949854520772184741e-02,9.950371940113070801e-01,1.670792656490848174e+02
-3.138324488998843215e-03,-5.871937351024858920e+00,-5.751866745295745709e+00,2.205206603196220756e-03,-2.169191808029958535e-01,9.761870753413991464e-01,1.713039895294823793e+02
4.028890752681686949e-01,-5.899198171881891994e+00,-5.072111249142177591e+00,3.569989208796964068e-03,-3.511051966452796713e-01,9.363292135065147681e-01,1.755287134098799413e+02
7.855475767395565523e-01,-5.948303839337464538e+00,-4.367254927335069148e+00,5.044865134966912586e-03,-4.961131760115943257e-01,8.682432066670368043e-01,1.797534372902775033e+02
1.141366798774471114e+00,-6.021675073147086721e+00,-3.640998193287323215e+00,6.509907914105358788e-03,-6.401511878386658694e-01,7.682213729177906902e-01,1.839781611706750653e+02
1.466822260611661211e+00,-6.121665128719327775e+00,-2.897042516880728780e+00,7.812171578461882260e-03,-7.681814647748720359e-01,6.401845102402592413e-01,1.882028850510726272e+02
1.758335876742984638e+00,-6.250558979841461138e+00,-2.140625980539515361e+00,8.829538546802241997e-03,-8.681981832886332962e-01,4.961390468239396667e-01,1.924276089314701892e+02
2.012276456596121754e+00,-6.410572507163371014e+00,-1.380058759263667056e+00,9.522119016803233180e-03,-9.362807248658980841e-01,3.511235302482846876e-01,1.966523328118677512e+02
2.059422294338470127e+00,-6.452854958243977812e+00,-1.213347146245144392e+00,9.927608181628005263e-03,-9.761365649202763395e-01,2.169305170358361012e-01,1.975830039243116971e+02
2.231166165030622484e+00,-6.677900272968123829e+00,-4.663648020251100479e-01,1.011943157835422900e-02,-9.949857292512367390e-01,9.950374711997383992e-02,2.018077278047092591e+02
2.322834393129124209e+00,-6.866083819225848650e+00,6.282044595853283897e-02,1.017000289029489253e-02,-9.999482841833428060e-01,-0.000000000000000000e+00,2.048679677756856563e+02
2.403496739388031767e+00,-7.160359731052322374e+00,7.708579220040642221e-01,3.099999998510450684e-05,-9.999999995195001379e-01,-0.000000000000000000e+00,2.090926916560832183e+02
2.440646555877480139e+00,-7.487158171972199128e+00,1.451420736719202464e+00,9.200966723144413800e-03,-9.900648921849015682e-01,-1.403098409743909203e-01,2.133174155364807802e+02
2.438473772557088193e+00,-7.843771998800461276e+00,2.099469965798597126e+00,1.908791069622263123e-02,-9.563495512855344494e-01,-2.916010758231357136e-01,2.175421394168783422e+02
2.401211833505974003e+00,-8.227580812939175203e+00,2.709968293198075528e+00,2.900312144190781566e-02,-8.958854197922448970e-01,-4.433374939595106645e-01,2.217668632972759042e+02
2.333137033266871718e+00,-8.636051587737092916e+00,3.277880260042803418e+00,3.814168180414057030e-02,-8.114311230400980124e-01,-5.832021473477589923e-01,2.259915871776734662e+02
2.238567849677865151e+00,-9.066739288114577633e+00,3.798172513466445466e+00,4.587341836425748443e-02,-7.111429927019361497e-01,-7.015491952946077969e-01,2.302163110580710281e+02
2.155170522415594814e+00,-9.389703850488427150e+00,4.133426758053007966e+00,5.193599902814763358e-02,-6.052229886747648724e-01,-7.943599851355389596e-01,2.332426390315659148e+02
2.020995935235690322e+00,-9.858270016557806770e+00,4.545726104704547410e+00,-6.823763040761609000e-01,2.029400904328641092e-02,-7.307193256184687513e-01,2.374673629119634768e+02
1.873610510566502407e+00,-1.034087046091767981e+01,4.900277879660303704e+00,-5.710312879823031817e-01,2.331235216451194373e-02,-8.205972229917852800e-01,2.416920867923610388e+02
1.718918290091439038e+00,-1.083347192908651913e+01,5.195590251345539201e+00,-4.387287837501194221e-01,2.601646891379630344e-02,-8.982428389107248723e-01,2.459168106727586007e+02
1.562900927234997184e+00,-1.133216052177171917e+01,5.430174317038244602e+00,-2.924858381499326199e-01,2.815146616822876771e-02,-9.558553914867616852e-01,2.501415345531561627e+02
1.411616787733719791e+00,-1.183314284604291089e+01,5.602544176376357932e+00,-1.427577973218888685e-01,2.956470685067277490e-02,-9.893159957327265497e-01,2.543662584335537247e+02
1.376812370816155484e+00,-1.195787532283556942e+01,5.629691382448372750e+00,-0.000000000000000000e+00,3.025600551718311132e-02,-9.995421822665335743e-01,2.554184293606945744e+02
1.251018754594898308e+00,-1.245609318652907227e+01,5.675474652208158055e+00,0.000000000000000000e+00,6.949143700558298165e-02,-9.975825480544950885e-01,2.596431532410921363e+02
1.138101652323292745e+00,-1.294754046565511985e+01,5.660001771257205050e+00,0.000000000000000000e+00,1.089917671422264700e-01,-9.940426523521084246e-01,2.638678771214896983e+02
1.038619475169459738e+00,-1.342762541216582406e+01,5.586085312975144213e+00,0.000000000000000000e+00,1.485714278791410992e-01,-9.889016790449660643e-01,2.680926010018872603e+02
9.532255731160184098e-01,-1.389176728784662274e+01,5.456540739742188784e+00,0.000000000000000000e+00,1.880401356842042737e-01,-9.821613448776459476e-01,2.723173248822848223e+02
8.826681538484508760e-01,-1.433539778905364415e+01,5.274186263642691941e+00,0.000000000000000000e+00,2.272073745506628106e-01,-9.738463990536673220e-01,2.765420487626823842e+02
8.284119970912484643e-01,-1.474939272119485167e+01,5.044381236492894161e+00,0.000000000000000000e+00,2.658869598366536691e-01,-9.640042139891411566e-01,2.807204880425874762e+02
7.901880709704888206e-01,-1.513841024160916682e+01,4.764842355153806608e+00,0.000000000000000000e+00,3.039014305186208409e-01,-9.527034798554773198e-01,2.849452119229850382e+02
7.696045497891936815e-01,-1.549335201405682483e+01,4.440932362040538095e+00,-0.000000000000000000e+00,3.410860306261160879e-01,-9.400320844054846914e-01,2.891699358033826002e+02
7.669710431419195507e-01,-1.581047811256572544e+01,4.076141157857422925e+00,0.000000000000000000e+00,4.577205526553834725e-01,-8.890961116082165550e-01,2.933946596837801621e+02
7.810391496931082811e-01,-1.608757558425410039e+01,3.675284853556571640e+00,0.000000000000000000e+00,5.829355811172577395e-01,-8.125183741106936086e-01,2.976193835641777241e+02
8.097880687180103454e-01,-1.632316231407115126e+01,3.243843437359343440e+00,0.000000000000000000e+00,7.075028656615168776e-01,-7.067104747212551441e-01,3.018441074445752861e+02
8.512307479345363470e-01,-1.651571218706253674e+01,2.787298408943467809e+00,0.000000000000000000e+00,8.188669274644098106e-01,-5.739834101304644998e-01,3.060688313249728481e+02
8.765171442305119687e-01,-1.658650117223717757e+01,2.559268834918849045e+00,0.000000000000000000e+00,9.056498890025617143e-01,-4.240262710607063390e-01,3.080890373362083210e+02
9.394881816416725817e-01,-1.668886346182554448e+01,2.066138772910734556e+00,0.000000000000000000e+00,9.626245356930768216e-01,-2.708394418870494480e-01,3.123137612166058830e+02
1.010612268084184029e+00,-1.674428474882221707e+01,1.561494343726145484e+00,0.000000000000000000e+00,9.919009602131936276e-01,-1.270137202358246897e-01,3.165384850970034449e+02
1.088022257484170918e+00,-1.675109225207780739e+01,1.050820428734650536e+00,-0.000000000000000000e+00,1.000000000000000000e+00,-0.000000000000000000e+00,3.207632089774010069e+02
1.168658896838604688e+00,-1.671005568011112530e+01,5.394735373499822684e-01,3.084615289636291950e-06,9.950371902052553841e-01,9.950371902052554396e-02,3.249879328577985689e+02
1.246977825573162502e+00,-1.662683908471525385e+01,3.255287283108372620e-02,6.724844192226282076e-06,9.761870601618795051e-01,2.169304578137510042e-01,3.292126567381961308e+02
1.316078668244422989e+00,-1.650946680706051950e+01,-4.649712503633056104e-01,1.088482668859532841e-05,9.363291775135765826e-01,3.511234415675911769e-01,3.334373806185936928e+02
1.346195325923810859e+00,-1.642775950929917173e+01,-7.382343707070477823e-01,1.538030708724271467e-05,8.682431420217660012e-01,4.961389382981520324e-01,3.358241066674566468e+02
1.378125905793699202e+00,-1.626192224361979299e+01,-1.204224854381041432e+00,1.984571638569073592e-05,7.682212794460929750e-01,6.401843995384108865e-01,3.400488305478542088e+02
1.382514429616514162e+00,-1.608177062597164308e+01,-1.648073151708067785e+00,2.381485966076538345e-05,6.401843994829403695e-01,7.682212793795283323e-01,3.442735544282517708e+02
1.351893120506183932e+00,-1.589481170341109539e+01,-2.064811898870147377e+00,2.691553739610880961e-05,4.961389381771209028e-01,8.682431418099615383e-01,3.484982783086493328e+02
1.279646601251246407e+00,-1.570874585818167901e+01,-2.449675023339235480e+00,2.902620449241279622e-05,3.511234414404773019e-01,9.363291771746062864e-01,3.527230021890468947e+02
1.161013026853634056e+00,-1.553183534807680743e+01,-2.798297930106329989e+00,3.026179885184601551e-05,2.169304577193261752e-01,9.761870597369681768e-01,3.569477260694444567e+02
9.920622555152835975e-01,-1.537259775309644461e+01,-3.106517766852897822e+00,3.084615288183483232e-05,9.950371897366065699e-02,9.950371897366075968e-01,3.611724499498420187e+02
8.994909801985141451e-01,-1.531710631162889591e+01,-3.216120313001914699e+00,3.099999998510450684e-05,0.000000000000000000e+00,9.999999995195001379e-01,3.629244871571564772e+02
6.212574444372145344e-01,-1.521160568678173952e+01,-3.435066949490541699e+00,-1.575191399265331652e-02,4.779553873689378063e-02,9.987329291068850479e-01,3.671492110375540392e+02
2.916194109055250117e-01,-1.513198808766725456e+01,-3.609702396134476299e+00,-3.179135732774970163e-02,9.636768279440920126e-02,9.948379663603994505e-01,3.713739349179516012e+02
-8.445206250845674334e-02,-1.507494949505389847e+01,-3.742006360419583455e+00,-4.796438007860914093e-02,1.453440917590654302e-01,9.882178470531722825e-01,3.755986587983491631e+02
-5.019327285110205539e-01,-1.503728783106277156e+01,-3.833960642675091179e+00,-6.413965578044378280e-02,1.943270642597925979e-01,9.788376252742517769e-01,3.798233826787467251e+02
-9.557459256388842750e-01,-1.501590372532252715e+01,-3.887549037910235317e+00,-8.018253368362722455e-02,2.429088382489371645e-01,9.667295679726701785e-01,3.840481065591442871e+02
-1.440763357779323961e+00,-1.500780127209193715e+01,-3.904757237576874207e+00,-9.596052720262032709e-02,2.906882118103011892e-01,9.519936663305720304e-01,3.882728304395418490e+02
-1.951805877938805667e+00,-1.501008877830168053e+01,-3.887572731261656589e+00,-1.113487298369688766e-01,3.372869438979318457e-01,9.347935482445773880e-01,3.924975543199394110e+02
-2.483644276224282077e+00,-1.501997950246745361e+01,-3.837984708311486415e+00,-1.262346498212676416e-01,3.823643944066029143e-01,9.153481758732977536e-01,3.967222782003369730e+02
-2.492758890999919430e+00,-1.502027999441064310e+01,-3.836647988997340608e+00,-1.405220390282452270e-01,4.256291182131836104e-01,8.939202482752094392e-01,3.967924797770085661e+02
-3.055434251993252026e+00,-1.504441158241066212e+01,-3.726860915223457749e+00,-7.615192957631641835e-02,4.764635896518306657e-01,8.758900224102884602e-01,4.010172036574061281e+02
-3.628853475772367165e+00,-1.506765444912928942e+01,-3.590687169734202655e+00,-7.340116913708834116e-03,5.266739976020543557e-01,8.500356598011429288e-01,4.052419275378036900e+02
-4.208132606231757222e+00,-1.508448813781285303e+01,-3.432121010598961242e+00,6.460793206744948336e-02,5.746695692260476163e-01,8.158312946433942114e-01,4.094666514182012520e+02
-4.788280226652524618e+00,-1.508949023546978196e+01,-3.255157801926102490e+00,1.379548101852759168e-01,6.188082336165036113e-01,7.733335893100513614e-01,4.136913752985988140e+02
-5.364198194880262172e+00,-1.507733796960031469e+01,-3.063793816223081112e+00,2.107033097376477537e-01,6.576245765611540284e-01,7.232800505809376945e-01,4.179160991789963759e+02
-5.930682387743095418e+00,-1.504280979634227933e+01,-2.862026036722839617e+00,2.808506944297629593e-01,6.900500022647968468e-01,6.670486352678294262e-01,4.221408230593939379e+02
-6.240846742203938646e+00,-1.500897865118662011e+01,-2.744887810827706609e+00,3.466554135423863814e-01,7.155550431873688444e-01,6.064742405336601694e-01,4.245132310070253538e+02
-6.774786595305006820e+00,-1.491910608740055899e+01,-2.532582831046032990e+00,4.068373406999156172e-01,7.341717102400874273e-01,5.435763774258092207e-01,4.287379548874229158e+02
-7.285382008383076702e+00,-1.479402673762808540e+01,-2.320114489709747652e+00,4.606628713290466526e-01,7.464027915170405869e-01,4.802838658485700796e-01,4.329626787678204778e+02
-7.767392629393537362e+00,-1.462940910308869036e+01,-2.111608457121330495e+00,5.499702273353038740e-01,7.250841046197636919e-01,4.144704938502976055e-01,4.371874026482180398e+02
-8.216159061864386715e+00,-1.442205256894860987e+01,-1.911445616581409990e+00,6.368794645955002665e-01,6.924235765897440720e-01,3.390193772621495905e-01,4.414121265286156017e+02
-8.416962306194335497e+00,-1.429962713217778614e+01,-1.819901720936623724e+00,7.168857836709001674e-01,6.484075445341387356e-01,2.562077855213772959e-01,4.434706400513396716e+02
-8.789051118467614998e+00,-1.400264767894615225e+01,-1.647661654847727641e+00,7.859981777997073760e-01,5.945381918046750425e-01,1.695028111305736662e-01,4.476953639317372335e+02
-9.116653106093263403e+00,-1.365742627653491681e+01,-1.495376376812694863e+00,8.416576501384136488e-01,5.336129243278181500e-01,8.288333338975754916e-02,4.519200878121347955e+02
-9.396073729049630785e+00,-1.326340931471603568e+01,-1.368754020878734101e+00,8.831658209619935862e-01,4.690609049105758932e-01,-1.299999736460180274e-05,4.561448116925323575e+02
-9.625665138730528980e+00,-1.282172602116950877e+01,-1.272390897390660802e+00,9.281973342489120427e-01,3.720883074631087806e-01,-1.193534475490196243e-05,4.603695355729299195e+02
-9.805473454159907121e+00,-1.233554839577853635e+01,-1.207854840307157840e+00,9.651715525347170921e-01,2.616178015061892959e-01,-1.062035748392740370e-05,4.645942594533274814e+02
-9.936033681488282809e+00,-1.180905257402386432e+01,-1.175197668002509577e+00,9.901133751440843733e-01,1.402693989387247819e-01,-9.064132256160577409e-06,4.688189833337250434e+02
-1.001216395728121356e+01,-1.128711135976029922e+01,-1.174522498104889845e+00,9.999193014632975496e-01,1.270395637974363473e-02,-7.311144049611166661e-06,4.727377794290534894e+02
-1.004639288538433384e+01,-1.069223682537393572e+01,-1.205770838314456750e+00,9.933574511117435613e-01,-1.150694324797114643e-01,-5.438479098070776262e-06,4.769625033094510513e+02
-1.003332421011734432e+01,-1.006921039632617187e+01,-1.269040598201140568e+00,9.715066448628384421e-01,-2.370123181921524880e-01,-3.540118844032587429e-06,4.811872271898486133e+02
-9.973771394155114933e+00,-9.422142673547893921e+00,-1.364377325271194819e+00,9.373509709615850394e-01,-3.483865055286531343e-01,-1.705049038010638935e-06,4.854119510702461753e+02
-9.868618415319058812e+00,-8.755124963147885353e+00,-1.491824979209109392e+00,8.947976834260042978e-01,-4.464718420409690136e-01,-0.000000000000000000e+00,4.896366749506437372e+02
-9.718737184362240100e+00,-8.072128798602905775e+00,-1.649920129768867261e+00,8.726713370344882925e-01,-4.882790877635615479e-01,-5.316951309038807881e-03,4.938613988310412992e+02
-9.524902315361128302e+00,-7.376907662553390921e+00,-1.834186229248726763e+00,8.478615843768190219e-01,-5.301082185115836287e-01,-1.077081262047329367e-02,4.980861227114388612e+02
-9.287869436959089953e+00,-6.673098750885171349e+00,-2.038639633820578112e+00,8.203649174525864396e-01,-5.716072537939147491e-01,-1.632634751530134126e-02,5.023108465918364232e+02
-9.008456162504536735e+00,-5.964322597724232899e+00,-2.257295699431650426e+00,7.902390960445185852e-01,-6.124056330528936387e-01,-2.194337457700625341e-02,5.065355704722339851e+02
-8.687541958139131992e+00,-5.254182170125536011e+00,-2.484169077868566333e+00,7.576071980943860362e-01,-6.521278943629675862e-01,-2.757794026565650938e-02,5.107602943526315471e+02
-8.326068005759504231e+00,-4.546261964325731597e+00,-2.713274012847332717e+00,7.226577377282032977e-01,-6.904090278165342376e-01,-3.318385768688537907e-02,5.149850182330291091e+02
-7.999936692037605823e+00,-3.973489393316159912e+00,-2.897040565930714351e+00,6.856404001734099918e-01,-7.269101932022787871e-01,-3.871450204602918527e-02,5.184288607475059507e+02
-7.563526819192294859e+00,-3.279332355965005164e+00,-3.114325744434866206e+00,6.468574743165667051e-01,-7.613333159376691750e-01,-4.412470922448737121e-02,5.226535846279034558e+02
-7.096684325007444727e+00,-2.594877318992534487e+00,-3.320731480189164309e+00,6.066516319399611890e-01,-7.934331374921611557e-01,-4.937260165240477811e-02,5.268783085083009610e+02
-6.610252601004739326e+00,-1.917570241675142340e+00,-3.514582859091836209e+00,5.653911891005806156e-01,-8.230256006613670960e-01,-5.442117183070785402e-02,5.311030323886984661e+02
-6.322144673385569291e+00,-1.527033281150136812e+00,-3.619918519472861362e+00,5.234542854265266110e-01,-8.499919376964150119e-01,-5.923948784128759554e-02,5.335538792580680365e+02
-5.819939250144272158e+00,-8.574488293568977015e-01,-3.790775018429519250e+00,4.812134738182287097e-01,-8.742783960171256474e-01,-6.380343935490398466e-02,5.377786031384655416e+02
-5.316096940873947574e+00,-1.918764562734983081e-01,-3.952656926364020329e+00,4.390220313101743654e-01,-8.958920638932325042e-01,-6.809600485647104851e-02,5.420033270188630468e+02
-4.815444579150099713e+00,4.694044772146452327e-01,-4.108163782494369975e+00,4.390220313101743654e-01,-8.958920638932325042e-01,-6.809600485647104851e-02,5.462280508992605519e+02
-4.363007810017278665e+00,1.069334391297283915e+00,-4.247407673862864108e+00,4.402798035211071825e-01,-8.968242946739540811e-01,4.312631556230971802e-02,5.500948565851313106e+02
-3.877129439724669169e+00,1.717488759047122837e+00,-4.398092743293686269e+00,4.342954401651018537e-01,-8.826192061019904056e-01,1.799188919254803565e-01,5.543195804655288157e+02
-3.401721266218260542e+00,2.357307160927649914e+00,-4.548439413598738490e+00,4.159435261248498605e-01,-8.428409912505882007e-01,3.414821320985218511e-01,5.585443043459263208e+02
-2.939146289192149375e+00,2.987992469807169815e+00,-4.699585299425225848e+00,3.798049818090886154e-01,-7.665908734584087059e-01,5.177708069438367033e-01,5.627690282263238259e+02
-2.491786532488039274e+00,3.608794210299065330e+00,-4.852667973083095276e+00,3.238678975011118899e-01,-6.500816909118900533e-01,6.873888129067472486e-01,5.669937521067213311e+02
-2.062042697887716880e+00,4.219008849223760294e+00,-5.008824908152025301e+00,2.532033578159036402e-01,-5.040109205500864498e-01,8.257487823527237536e-01,5.712184759871188362e+02
-1.652333817166987684e+00,4.817980082044543977e+00,-5.169193423092313111e+00,1.782615566187544243e-01,-3.498732211289944938e-01,9.196801327465328191e-01,5.754431998675163413e+02
-1.265096902426960046e+00,5.405099115257695708e+00,-5.334910624861506356e+00,1.085738946788031567e-01,-2.070516650714260276e-01,9.722866436321268013e-01,5.796679237479138465e+02
-9.027865947184419149e-01,5.979804944717503012e+00,-5.507113352538937079e+00,4.891999506674944015e-02,-8.511875448517060294e-02,9.951691472898275270e-01,5.838926476283113516e+02
-6.904262853479704587e-01,6.337299684649832621e+00,-5.621357361353540583e+00,-0.000000000000000000e+00,1.466800614671727281e-02,9.998924190110053400e-01,5.865778203509069044e+02
-3.863941324164229529e-01,6.887456565784672691e+00,-5.809141054335562160e+00,-1.087991865962652377e-01,1.884089188791646455e-02,9.938851834034245769e-01,5.908025442313044095e+02
-1.132643507775661501e-01,7.425162757517698608e+00,-6.004663027199647729e+00,-2.189660610056879397e-01,2.288523513974652368e-02,9.754640588664719170e-01,5.950272681117019147e+02
1.270759538864501270e-01,7.951110752081651079e+00,-6.207316996987160884e+00,-3.263974951956044590e-01,2.664368536933532650e-02,9.448570204850971210e-01,5.992519919920994198e+02
3.327453125436681813e-01,8.466029561902981726e+00,-6.416496324090123160e+00,-4.272880160301374963e-01,2.999000112510490090e-02,9.036180339001347317e-01,6.034767158724969249e+02
4.160659348521162926e-01,8.714922809899197986e+00,-6.522161959502875916e+00,-3.839383627218022621e-01,1.393938663220029538e-02,9.232535010119484742e-01,6.055587724482752492e+02
5.511588245981227097e-01,9.210651691324606816e+00,-6.738090501838732038e+00,-3.387798437218982883e-01,-2.448407030167734297e-03,9.408624887786635194e-01,6.097834963286727543e+02
6.590188250616946242e-01,9.697206443421709565e+00,-6.949244879133143371e+00,-2.921031339608058386e-01,-1.905216393810135050e-02,9.561970373200029405e-01,6.140082202090702594e+02
7.459174296427314443e-01,1.017504311314560894e+01,-7.148462679006121867e+00,-2.442477299147428060e-01,-3.574041371087718910e-02,9.690540074006557258e-01,6.182329440894677646e+02
8.181284097848642300e-01,1.064449214052089587e+01,-7.328582075583514488e+00,-1.955904475402972242e-01,-5.237635893958333261e-02,9.792860122840609804e-01,6.224576679698652697e+02
8.819268737717772533e-01,1.110575834221844893e+01,-7.482442183825703808e+00,-1.465309136405981982e-01,-6.882336718831061351e-02,9.868090167182881345e-01,6.266823918502627748e+02
9.435883255747504750e-01,1.155892090603744293e+01,-7.602883413829349735e+00,-9.747531801633367576e-02,-8.495052612956273397e-02,9.916057535572920800e-01,6.309071157306602800e+02
1.009560869082923418e+00,1.200391126265248332e+01,-7.682750312381758206e+00,-4.881994449565613819e-02,-1.006377427784234113e-01,9.937246387948247550e-01,6.351318396110577851e+02
1.086636831753197585e+00,1.244048637703241766e+01,-7.714894404314526888e+00,-9.359994804638045599e-04,-1.157799357351488173e-01,9.932744486727409505e-01,6.393565634914552902e+02
1.180592783079357888e+00,1.286870637910779891e+01,-7.694086794915493854e+00,-0.000000000000000000e+00,-1.168710120231059857e-01,9.931471021700133406e-01,6.435812873718527953e+02
1.211904591982856383e+00,1.298606894896839137e+01,-7.673122059069995338e+00,-5.327472918760199627e-02,-1.976077845884693651e-01,9.788324507800223451e-01,6.447593772604591322e+02
1.273163996926518715e+00,1.318046725629398530e+01,-7.612503082172476176e+00,-1.146598161754400352e-01,-2.892270646044291516e-01,9.503687871847009694e-01,6.467409287698892513e+02
1.423270177621864141e+00,1.358881982048765735e+01,-7.431397182969571524e+00,-1.831879763985973797e-01,-3.896223390142808940e-01,9.025722122046677676e-01,6.509656526502867564e+02
1.591192552503875923e+00,1.399199677918855222e+01,-7.204756140643837625e+00,-2.559935364530021573e-01,-4.938393707953184775e-01,8.310174397368380594e-01,6.551903765306842615e+02
1.772880967786129025e+00,1.439160712092765415e+01,-6.941005703232094426e+00,-3.281723137919376754e-01,-5.941344946572945096e-01,7.343753364041899490e-01,6.594151004110817667e+02
1.964321184398991837e+00,1.478933984490698883e+01,-6.648573450962435238e+00,-3.938067445395075361e-01,-6.818048685864354086e-01,6.164887420926911110e-01,6.636398242914792718e+02
2.161535472308226069e+00,1.518696341631089730e+01,-6.335888379321520603e+00,-4.479885849261487363e-01,-7.502943688833952907e-01,4.861734132979039780e-01,6.678645481718767769e+02
2.360583201630651828e+00,1.558632521473772847e+01,-6.011380482069431430e+00,-4.885010985513542625e-01,-7.974405496633549806e-01,3.541966211960897448e-01,6.720892720522742820e+02
2.557561430520022494e+00,1.598935097578862319e+01,-5.683480334217470009e+00,-5.159689487968287525e-01,-8.252707618219938812e-01,2.295739827577186476e-01,6.763139959326717872e+02
2.748605489796467349e+00,1.639804422585014620e+01,-5.360618674984383603e+00,-5.327470350992596915e-01,-8.380569808491254991e-01,1.176481765391914902e-01,6.805387198130692923e+02
2.821982140876277967e+00,1.656736382597278379e+01,-5.234403566731930191e+00,-5.416427831400849602e-01,-8.403636635398857857e-01,2.029799187320327838e-02,6.822554503958920122e+02
2.989207455646056832e+00,1.699319973892628610e+01,-4.941233241481960192e+00,-7.605544868558528071e-01,-4.014209615931563779e-01,5.103117518900149863e-01,6.864801742762895174e+02
3.012572729596530330e+00,1.706090626718979308e+01,-4.898981827031169800e+00,-6.138623304381912726e-01,2.304881240702923995e-01,7.550154064199950943e-01,6.871365691795111843e+02
3.143515650460581679e+00,1.750678615216409995e+01,-4.650420027930259437e+00,-6.626667627891189571e-01,2.080669955502229829e-01,7.194309465524074687e-01,6.913612930599086894e+02
3.253488331955328938e+00,1.796181515965226083e+01,-4.426511563331810173e+00,-7.090972297720984363e-01,1.845821736396051627e-01,6.805222552598955144e-01,6.955860169403061946e+02
3.338076170782818597e+00,1.842551414855292791e+01,-4.228741325316745403e+00,-7.525344222006949968e-01,1.603182062046736578e-01,6.387409617069987888e-01,6.998107408207036997e+02
3.344119803069862229e+00,1.847878751712341128e+01,-4.209520892892448352e+00,-7.924714839768138841e-01,1.355889117103597497e-01,5.946466127918216271e-01,7.002871871487596991e+02
3.365553833629856051e+00,1.895920832880242202e+01,-4.065570199529595641e+00,-7.982325393232638788e-01,1.157293507042569530e-01,5.911273386937072605e-01,7.045119110291572042e+02
3.357430503436876990e+00,1.944558145975754471e+01,-3.944154200657567610e+00,-8.036516428800355438e-01,9.578362915320670634e-02,5.873410706586598140e-01,7.087366349095547093e+02
3.320377062041735439e+00,1.993531385328656924e+01,-3.840017455741920660e+00,-8.087202303616419785e-01,7.577791172469236503e-02,5.832917769851186929e-01,7.129613587899522145e+02
3.254961506327623599e+00,2.042580087672820000e+01,-3.747903666656013488e+00,-8.134311090756483065e-01,5.573867119132618758e-02,5.789844827987932208e-01,7.171860826703497196e+02
3.186323305499305203e+00,2.078268803597827130e+01,-3.685844649271978746e+00,-8.177785086304191209e-01,3.569251363989736636e-02,5.744252390801375396e-01,7.202712785080751701e+02
3.064151130551087121e+00,2.126737373336051462e+01,-3.603448583437111274e+00,-8.217581159661025980e-01,1.566600221077855612e-02,5.696210803846477599e-01,7.244960023884726752e+02
2.916353748430840831e+00,2.174615062588422632e+01,-3.517934672153857800e+00,-6.673878364447776157e-01,6.305014943337473518e-03,7.446836392402634841e-01,7.287207262688701803e+02
2.747783084120836605e+00,2.221757376683029506e+01,-3.421683660047417863e+00,-4.766018348162667784e-01,-3.399998821606512421e-03,8.791126953114606346e-01,7.329454501492676854e+02
2.687025578261040604e+00,2.236895635641736746e+01,-3.384490937191295234e+00,-2.458567780150185678e-01,6.087070512874932608e-03,9.692870536000390835e-01,7.343277757035457398e+02
2.488547748355675715e+00,2.282262276792431877e+01,-3.249248731603167517e+00,-0.000000000000000000e+00,1.520000719373950857e-02,9.998844732174364536e-01,7.385524995839432449e+02
2.284457650750065572e+00,2.326790568866001863e+01,-3.088281518943648774e+00,-7.484955287761315378e-03,-7.519188389548583928e-02,9.971409910542180510e-01,7.427772234643407501e+02
2.081462934455330593e+00,2.370464135587513965e+01,-2.896631604295041296e+00,-1.623892633337212232e-02,-1.810700965048111233e-01,9.833361161999886191e-01,7.470019473447382552e+02
1.930820857796936796e+00,2.403017772378403194e+01,-2.724729809650412449e+00,-2.622755324497140147e-02,-3.021043343736434794e-01,9.529139974853134687e-01,7.502232324820287204e+02
1.739777823072411245e+00,2.444455643154989488e+01,-2.466201888802195707e+00,-3.714819192402587372e-02,-4.347338690460007538e-01,8.997924621495060338e-01,7.544479563624262255e+02
1.554872449964373793e+00,2.484260448774206509e+01,-2.177510547545577602e+00,-4.833517591518170925e-02,-5.709909894639383365e-01,8.195321840661544677e-01,7.586726802428237306e+02
1.375071529622604372e+00,2.522008928787918691e+01,-1.861764614023975417e+00,-5.882671429685094877e-02,-6.992613199565094195e-01,7.124415934641358250e-01,7.628974041232212357e+02
1.199258788092528949e+00,2.557279744304097235e+01,-1.522074254024166962e+00,-6.766923603160658607e-02,-8.079301207248680283e-01,5.853800428101380016e-01,7.671221280036187409e+02
1.026235022493233506e+00,2.589653601767563273e+01,-1.161550817242702260e+00,-7.429636307578113552e-02,-8.899851374482442568e-01,4.498961052898120538e-01,7.713468518840162460e+02
8.547182443690768405e-01,2.618713376579511021e+01,-7.833066835073199119e-01,-7.868263049310809942e-02,-9.449419136328235380e-01,3.176378811140485037e-01,7.755715757644137511e+02
6.833438302101702000e-01,2.644044236547503957e+01,-3.904551089602585900e-01,-8.119459696340163013e-02,-9.771025912307245154e-01,1.966671391823109072e-01,7.797962996448112563e+02
5.106646791359115145e-01,2.665233765157954338e+01,1.388992779037504822e-02,-8.233447078349540038e-02,-9.924735605373183889e-01,9.064913984798506075e-02,7.840210235252087614e+02
3.351513777340266453e-01,2.681872084663066502e+01,4.266138795459162303e-01,-8.256100106846320230e-02,-9.965860128973179632e-01,-0.000000000000000000e+00,7.882457474056062665e+02
1.565381073455455740e-01,2.693692699915514055e+01,8.447940803073652472e-01,-3.891200785306600518e-02,-9.973478351491965599e-01,-6.150732775900590726e-02,7.924704712860037716e+02
9.684142671864040541e-02,2.695987959876373452e+01,9.843498473319552966e-01,8.411363154050407673e-03,-9.918092729913461358e-01,-1.274504412635285300e-01,7.938692576050638081e+02
-8.277577652852344259e-02,2.698133178520939879e+01,1.407604185037054201e+00,5.884260364497664181e-02,-9.786603143861417609e-01,-1.968794987851663625e-01,7.980939814854613132e+02
-2.584592892023163113e-01,2.695672108724528471e+01,1.830653357224718780e+00,1.114603171422024475e-01,-9.568445705613973784e-01,-2.683748600181000143e-01,8.023187053658588184e+02
-4.264317609990602720e-01,2.688743239612575309e+01,2.251151114942357534e+00,1.650161826853322189e-01,-9.257928270330526566e-01,-3.401136587467626926e-01,8.065434292462563235e+02
-5.828871352890043767e-01,2.677477060453174573e+01,2.666751334390216943e+00,2.180444269621235054e-01,-8.856175707873404912e-01,-4.100465170971326900e-01,8.107681531266538286e+02
-7.239912699448763922e-01,2.661996017780258228e+01,3.075108132777319092e+00,2.690412266619180981e-01,-8.371913259679517605e-01,-4.761591142467749282e-01,8.149928770070513337e+02
-8.458825606777841122e-01,2.642414473240665274e+01,3.473875984168419695e+00,3.166689709437180977e-01,-7.820617109383327659e-01,-5.367497024923760796e-01,8.192176008874488389e+02
-9.446725668519105890e-01,2.618838662167941678e+01,3.860709835317755800e+00,3.599242822820533094e-01,-7.222192952103254626e-01,-5.906384686503662884e-01,8.234423247678463440e+02
-1.016446639749427838e+00,2.591366652885677979e+01,4.233265221485306817e+00,3.982233331706888091e-01,-6.597937938152773629e-01,-6.372521687379887334e-01,8.276670486482438491e+02
-1.056519430651561953e+00,2.560651911618192145e+01,4.582785732375989518e+00,4.313941813731521080e-01,-5.967728274762925667e-01,-6.765805588866259379e-01,8.318155236432169204e+02
-1.062437135585952541e+00,2.525646086895606146e+01,4.919797978416159623e+00,4.595999709955659873e-01,-5.348099662492137307e-01,-7.090459552535293142e-01,8.360402475236144255e+02
-1.031308765819290540e+00,2.487041437782879072e+01,5.236083651980500520e+00,4.252831610626289227e-01,-4.931518309969697977e-01,-7.589041471101038994e-01,8.402649714040119306e+02
-9.644642189502040663e-01,2.445071224599863768e+01,5.530916739756696288e+00,3.867124003755720851e-01,-4.464643464161963116e-01,-8.069219954710132869e-01,8.444896952844094358e+02
-8.649596211066548079e-01,2.400026606530138196e+01,5.804110613115585515e+00,3.441323409046906368e-01,-3.950609750856117763e-01,-8.517627356886796619e-01,8.487144191648069409e+02
-7.357841829140069345e-01,2.352204459229353972e+01,6.055479711000833376e+00,2.980561369579758368e-01,-3.395743105701188314e-01,-8.921052778806529693e-01,8.529391430452044460e+02
-5.798597907858006328e-01,2.301907272955397943e+01,6.284839548945288179e+00,2.492553175058573045e-01,-2.809415472286536652e-01,-9.267921200225132106e-01,8.571638669256019512e+02
-4.000406042486978064e-01,2.249443050228753904e+01,6.492006728047419628e+00,1.987041006761155748e-01,-2.203358695473704720e-01,-9.549705675911170921e-01,8.613885908059994563e+02
-2.194465457927957386e-01,2.200706518248861343e+01,6.657826587941943153e+00,1.474853025833143261e-01,-1.590528653857256891e-01,-9.761917186365075549e-01,8.651793028177307860e+02
6.897640156428165147e-04,2.144838708007150174e+01,6.820097947207647948e+00,9.667811304544429718e-02,-9.837650095825739571e-02,-9.904420258234108987e-01,8.694040266981282912e+02
2.368220410377239182e-01,2.087723836230627228e+01,6.959651584767870602e+00,4.725369262823640032e-02,-3.945559956670192936e-02,-9.981033735018774999e-01,8.736287505785257963e+02
4.863637410196368083e-01,2.029690418500427640e+01,7.076308474036278717e+00,-0.000000000000000000e+00,1.678400232846997964e-02,-9.998591387119677432e-01,8.778534744589233014e+02
7.462671921403923880e-01,1.971069523224212716e+01,7.170169210511762259e+00,-8.344916884796607648e-02,4.421472172291993075e-02,-9.955306597998619944e-01,8.820781983393208066e+02
1.012492551731462243e+00,1.912193623285820365e+01,7.241892499878620271e+00,-1.707484082263214242e-01,7.277035617359109421e-02,-9.826237613402936111e-01,8.863029222197183117e+02
1.280538032468521825e+00,1.853401056142056191e+01,7.292416632198484017e+00,-2.597856045220988119e-01,1.017405776962993641e-01,-9.602917757291847822e-01,8.905276461001158168e+02
1.361342322990163778e+00,1.835827233536062053e+01,7.301504093631876913e+00,-3.480559638975609382e-01,1.302971654177378369e-01,-9.283747598246315791e-01,8.918004599719630505e+02
1.626871745658578616e+00,1.778185973189663827e+01,7.311917988429353699e+00,-4.329759925153393585e-01,1.575995337261392182e-01,-8.875213669961192764e-01,8.960251838523605556e+02
1.884176936419562187e+00,1.721438596170994018e+01,7.303296280989255429e+00,-5.122451901309721389e-01,1.829130375990976609e-01,-8.391350820123988363e-01,9.002499077327580608e+02
2.128986667802677424e+00,1.665952430571538656e+01,7.276580878318737788e+00,-5.841441254749810685e-01,2.057034620214280851e-01,-7.851507666591610590e-01,9.044746316131555659e+02
2.357100971568692582e+00,1.612103376067087979e+01,7.232714578438903530e+00,-6.476840112888085921e-01,2.256810039335070683e-01,-7.277180126837611285e-01,9.086993554935530710e+02
2.565180821494820407e+00,1.560315052663151825e+01,7.171352745926584227e+00,-7.381074506897727927e-01,1.966080831316052990e-01,-6.454011565557969954e-01,9.129240793739505762e+02
2.751548254922706160e+00,1.511095850970899157e+01,7.089575051183794052e+00,-8.223625800031665323e-01,1.618615701959734976e-01,-5.454545069061483842e-01,9.171488032543480813e+02
2.915413434340425436e+00,1.464996404217635195e+01,6.983173892821199047e+00,-8.939855906804198282e-01,1.226082551459698744e-01,-4.309953357355988945e-01,9.213735271347455864e+02
3.037754849555364345e+00,1.428170830203090347e+01,6.865950463381599533e+00,-9.479330920552484496e-01,8.093078250998742007e-02,-3.080147097605842044e-01,9.250397566458357232e+02
3.155315411765975853e+00,1.389917500591897159e+01,6.698263132313243773e+00,-9.821498392758692964e-01,3.932161425163084589e-02,-1.839442955435968696e-01,9.292644805262332284e+02
3.248742175333197313e+00,1.356374903224514128e+01,6.493893359091122974e+00,-9.978459346825041543e-01,-0.000000000000000000e+00,-6.560099570585738171e-02,9.334892044066307335e+02
3.318101701178789664e+00,1.327930145196293310e+01,6.251513342019600294e+00,-9.668171152817059966e-01,-1.317294408727965882e-01,-2.188881449638163945e-01,9.377139282870282386e+02
3.364423244187629614e+00,1.304631276939250206e+01,5.975544853609872753e+00,-8.777267527140948378e-01,-2.805139112159880099e-01,-3.884683940609314212e-01,9.419386521674257438e+02
3.389179998510069680e+00,1.286354981794353236e+01,5.673285173390048008e+00,-7.260493654024309240e-01,-4.207708378817884842e-01,-5.438788660970244049e-01,9.461633760478232489e+02
3.392093467326594780e+00,1.278193510706564950e+01,5.476671473613386354e+00,-5.394506003931244242e-01,-5.269176675805699039e-01,-6.567730363884847211e-01,9.487435166074565132e+02
3.378083437037219028e+00,1.269642029331095934e+01,5.140938225399319883e+00,-3.571168889571990634e-01,-5.924858157710078954e-01,-7.220997754685255510e-01,9.529682404878540183e+02
3.345494206085800393e+00,1.265723276588218305e+01,4.798249061745339716e+00,-3.982321107783016734e-01,-5.208138567515688822e-01,-7.550921219034236742e-01,9.571929643682515234e+02
3.292950656777739571e+00,1.266116853228835915e+01,4.456740420511189349e+00,-4.378150600350478316e-01,-4.415409138678332290e-01,-7.831727744165180027e-01,9.614176882486490285e+02
3.218097557464765668e+00,1.270442573457233770e+01,4.124827354419168479e+00,-4.745462819173795199e-01,-3.561143171042768785e-01,-8.049772788543446689e-01,9.656424121290465337e+02
3.118498979436223895e+00,1.278325402842661340e+01,3.810924438563257244e+00,-5.072279481945870527e-01,-2.666036861174172490e-01,-8.195378472766923217e-01,9.698671360094440388e+02
3.046126882965383142e+00,1.284651737673157434e+01,3.646371517904226867e+00,-5.349615031629038064e-01,-1.754700365153180341e-01,-8.264541465919323926e-01,9.722779632674273671e+02
2.890092916532706724e+00,1.298658589136289443e+01,3.390156480099182801e+00,-5.572671797776774794e-01,-8.523844303515874798e-02,-8.259465468004426603e-01,9.765026871478248722e+02
2.702810994615081341e+00,1.315295289239644205e+01,3.173577006577612103e+00,-5.741100644389783847e-01,1.829000205289738014e-03,-8.187760919006618066e-01,9.807274110282223774e+02
2.481697290741582851e+00,1.334068884347397876e+01,3.003090023194382674e+00,-9.923507967164638677e-01,1.234499747112135504e-01,-0.000000000000000000e+00,9.849521349086198825e+02
2.226169646061144647e+00,1.354316719234178734e+01,2.879975355107633028e+00,-9.999068724313828760e-01,1.256013383005046349e-02,5.337555869643142992e-03,9.891768587890173876e+02
2.149523248323769398e+00,1.359925941066384247e+01,2.859227674266132002e+00,-9.919316982010362160e-01,-1.262123984579321956e-01,1.191371392575167609e-02,9.902990691568544435e+02
1.831046007136633458e+00,1.381600002421407858e+01,2.823286907652544642e+00,-9.557844750745705387e-01,-2.934088687576331123e-01,1.967925153031832575e-02,9.945237930372519486e+02
1.487376617939537793e+00,1.403525303790406298e+01,2.825821687369689528e+00,-8.771116562452280219e-01,-4.794642415481800701e-01,2.809241099267715397e-02,9.987485169176494537e+02
1.123198661273913768e+00,1.425180806126763322e+01,2.862340811085596126e+00,-7.494231807268005863e-01,-6.611116378273318439e-01,3.600414585277812024e-02,1.002973240798046959e+03
7.430858702075994193e-01,1.446036207210417501e+01,2.928351392800382591e+00,-5.847411309770268462e-01,-8.101247722303345222e-01,4.213861842129914409e-02,1.007197964678444464e+03
3.515014413356322698e-01,1.465552107074712751e+01,3.019359085184425417e+00,-4.096219506624158568e-01,-9.110989908825143369e-01,4.591825724460219665e-02,1.011422688558841969e+03
-4.720264453513058067e-02,1.483180174227768511e+01,3.130868301972659751e+00,-2.479829490922573765e-01,-9.675915828684794606e-01,4.765486041924024002e-02,1.015647412439239474e+03
-3.995680405359138265e-01,1.496488621862106427e+01,3.242815583435241233e+00,-1.111007753739745862e-01,-9.926474537854568236e-01,4.803800791613867943e-02,1.019352225004376919e+03
-8.005843907141572124e-01,1.508679774735958112e+01,3.382580094098627921e+00,-0.000000000000000000e+00,-9.988629009158016547e-01,4.767499527078373350e-02,1.023576948884774424e+03
-1.196249498179205117e+00,1.517423733535851582e+01,3.531248269354478442e+00,1.279928467270560755e-01,-9.900024979212245224e-01,-5.926959841638820836e-02,1.027801672765172043e+03
-1.581112570462508193e+00,1.522357860535334773e+01,3.686906261023781717e+00,3.023450738485858880e-01,-9.304020490826003797e-01,-2.072184436347103420e-01,1.032026396645569548e+03
-1.949336883968092460e+00,1.523185081860232160e+01,3.848261841489927004e+00,5.062577844839198926e-01,-7.719274238044706582e-01,-3.844881116862080561e-01,1.036251120525967053e+03
-2.295141917946709853e+00,1.519596331019155677e+01,4.014022498902994229e+00,6.750103563609489710e-01,-5.052550740826692310e-01,-5.376600495844758854e-01,1.040475844406364558e+03
-2.526945861815405703e+00,1.513509776714798960e+01,4.137212444448990389e+00,7.558626227487573734e-01,-2.137280199239448286e-01,-6.188634978981708556e-01,1.043555864160539841e+03
-2.812193302705613629e+00,1.500112070192870384e+01,4.308282545890357085e+00,7.679570052575706018e-01,2.130494152748019232e-02,-6.401469655808221804e-01,1.047780588040937346e+03
-3.059679257248421269e+00,1.481386374471924050e+01,4.480229439494522126e+00,7.506148534068098899e-01,1.873009634205936302e-01,-6.336368762523141296e-01,1.052005311921334851e+03
-3.265470841883229003e+00,1.457141462551120803e+01,4.651793791545932422e+00,7.331351259058623837e-01,9.391319901710515339e-02,-6.735675157052697370e-01,1.056230035801732356e+03
-3.428912482905944525e+00,1.427502177486618962e+01,4.821783670979511882e+00,7.054812911771483064e-01,-8.153947402584715495e-03,-7.086816358145451300e-01,1.060454759682129861e+03
-3.550932325633664899e+00,1.392754228243807724e+01,4.989040915036184742e+00,6.667284180833156215e-01,-1.159263943050752865e-01,-7.362297790931467967e-01,1.064679483562527366e+03
-3.632391029187346465e+00,1.353184587283686646e+01,5.152407493248246872e+00,6.171769538016700363e-01,-2.251770670298781085e-01,-7.539150457312236986e-01,1.068904207442924871e+03
-3.646673775918123805e+00,1.337477963420134586e+01,5.208783252505399197e+00,5.585506286976963386e-01,-3.311167728072338945e-01,-7.605148768742995280e-01,1.070406437877591088e+03
-3.646153671924309947e+00,1.288889884195757318e+01,5.361723792756422746e+00,4.937288690460155394e-01,-4.293779754137023730e-01,-7.562184592432086294e-01,1.074631161757988593e+03
-3.607124370439072081e+00,1.236132543535766182e+01,5.508046779537503213e+00,4.260956349302409407e-01,-5.168586221369214639e-01,-7.424955721188631896e-01,1.078855885638386098e+03
-3.530220323154502626e+00,1.179496691697913313e+01,5.646595126074409166e+00,3.588159007095541586e-01,-5.920768361622966713e-01,-7.215928003230326349e-01,1.083080609518783604e+03
-3.415462078611337216e+00,1.119284099252467612e+01,5.776067899025595587e+00,2.982550080375430124e-01,-5.099484356912300509e-01,-8.068435679340776323e-01,1.087305333399181109e+03
-3.264508995074845821e+00,1.055781249615443507e+01,5.895246055009547348e+00,2.282785706655665603e-01,-4.130137368785350982e-01,-8.816510348910809869e-01,1.091530057279578614e+03
-3.084012452681373695e+00,9.892193288045087129e+00,6.003506629036789555e+00,1.521857143627990128e-01,-3.056213487409460972e-01,-9.399122828954038500e-01,1.095754781159976119e+03
-2.979232389625569244e+00,9.534828899030003413e+00,6.053541611755764329e+00,7.456375283610604254e-02,-1.942455002000948450e-01,-9.781149893621972069e-01,1.097930474787374806e+03
-2.759942472422631354e+00,8.814255900628964469e+00,6.139404518041579273e+00,-0.000000000000000000e+00,-8.566797776059584257e-02,-9.963237413543901688e-01,1.102155198667772311e+03
-2.534781786838993245e+00,8.068630233968992371e+00,6.213715953991203023e+00,0.000000000000000000e+00,3.796714549773588243e-01,-9.251213900215340402e-01,1.106379922548169816e+03
-2.313024204756391811e+00,7.300523920925641619e+00,6.276224929337316460e+00,0.000000000000000000e+00,8.771420738152957419e-01,-4.802309677051264658e-01,1.110604646428567321e+03
-2.103890876277735966e+00,6.512690934613178939e+00,6.326681034131623527e+00,-0.000000000000000000e+00,9.996696749569582430e-01,-2.570099164331108091e-02,1.114829370308964826e+03
-1.915015799567861166e+00,5.708571404021665963e+00,6.364740333434960817e+00,0.000000000000000000e+00,9.641487450822753269e-01,-2.653623887371260315e-01,1.119054094189362331e+03
-1.750897938437259604e+00,4.892755073096552110e+00,6.389871266643557313e+00,0.000000000000000000e+00,8.235128212339853926e-01,-5.672976584327156235e-01,1.123278818069759836e+03
-1.614413170554919175e+00,4.070414139621689742e+00,6.401448791438440367e+00,0.000000000000000000e+00,5.526743606624250349e-01,-8.333972948518489909e-01,1.127503541950157341e+03
-1.525491682476412647e+00,3.385098603922867877e+00,6.399318406823856442e+00,0.000000000000000000e+00,2.483039544435263202e-01,-9.686821698615636356e-01,1.131018260572192730e+03
-1.450669514462410881e+00,2.564771415322925741e+00,6.382048096545916316e+00,-0.000000000000000000e+00,8.052996570096617249e-03,-9.999675740974014460e-01,1.135242984452590235e+03
-1.411092291800702059e+00,1.752903358374496401e+00,6.349458099708424896e+00,0.000000000000000000e+00,8.052663258520820905e-03,-9.999675767815898730e-01,1.139467708332987741e+03
-1.408501163716532556e+00,9.538833643031192633e-01,6.301491438089271924e+00,0.000000000000000000e+00,8.052329946942342678e-03,-9.999675794656672778e-01,1.143692432213385246e+03
-1.430033493847460369e+00,4.453995057364187327e-01,6.261023298333990184e+00,-0.000000000000000000e+00,8.051996635361182569e-03,-9.999675821496336603e-01,1.146432912737599963e+03
-1.498466938979170715e+00,-3.221135747554946249e-01,6.185570610343396503e+00,5.055946588751886124e-07,6.329375216194350895e-02,-9.979949403363761462e-01,1.150657636617997468e+03
-1.602908127376630354e+00,-1.071849975828539359e+00,6.098520467313891302e+00,1.019415967606515759e-06,1.194090345115973173e-01,-9.928451452648439091e-01,1.154882360498394974e+03
-1.742679163851491131e+00,-1.802377834071104967e+00,6.001514299285815035e+00,1.536674114652509452e-06,1.758735049275656770e-01,-9.844127743290068677e-01,1.159107084378792479e+03
-1.915746173930391150e+00,-2.512859831172435943e+00,5.897028026114880639e+00,2.052287789938758028e-06,2.321317065602354901e-01,-9.726843634012117823e-01,1.163331808259189984e+03
-2.117398998852197511e+00,-3.203671522416029482e+00,5.789205935802830716e+00,2.561123744308456023e-06,2.876232884751319108e-01,-9.577436211848094905e-01,1.167556532139587489e+03
-2.185659953994488980e+00,-3.409745325805087379e+00,5.756431168346262339e+00,3.058248422809313616e-06,3.418104869100228038e-01,-9.397689029910386571e-01,1.168850675330724926e+03
-2.425720328607277043e+00,-4.065106173754523766e+00,5.653518459023836762e+00,3.539163500255258969e-06,3.942037857371993859e-01,-9.190230548239443076e-01,1.173075399211122431e+03
-2.680394553779259059e+00,-4.703316064108584271e+00,5.558751649139953344e+00,3.999999637452048869e-06,4.443829597224634442e-01,-8.958369188040328224e-01,1.177300123091519936e+03
-2.942642971066005586e+00,-5.325990305452818596e+00,5.475423374562098822e+00,2.423325777093643107e-01,3.855799743738531071e-01,-8.902825423103576385e-01,1.181524846971917441e+03
-3.203309560846583803e+00,-5.935457526649023485e+00,5.403455293709887641e+00,5.062823483738045915e-01,2.864032996255098662e-01,-8.134195311699405906e-01,1.185749570852314946e+03
-3.420400008861447905e+00,-6.458175104174513237e+00,5.349094637040296973e+00,7.269888242204985973e-01,1.627639333417406908e-01,-6.670795690632580488e-01,1.189435480108141292e+03
-3.647894865351496652e+00,-7.049777249201850893e+00,5.294796161469307982e+00,8.667169941006909184e-01,4.591999968744553406e-02,-4.966819966193340985e-01,1.193660203988538797e+03
-3.846049383335481853e+00,-7.636168343379871715e+00,5.245593237322851543e+00,6.818418365280982663e-01,5.506898679718446460e-02,-7.294238251202941337e-01,1.197884927868936302e+03
-3.913081208837138725e+00,-7.877644582294772491e+00,5.225528611379234967e+00,4.968854660227296494e-01,-1.166059625603874106e-01,-8.599464420245834795e-01,1.199635257361118420e+03
-4.035546087289918482e+00,-8.456689993011357487e+00,5.173392156399445163e+00,2.488901395804074268e-01,-2.933723149478877912e-01,-9.230310846562874705e-01,1.203859981241515925e+03
-4.117065862870912696e+00,-9.030517346734406203e+00,5.112202791044988537e+00,8.190001904654778744e-04,-4.303511000818179277e-01,-9.026612099215614027e-01,1.208084705121913430e+03
-4.141725272136336677e+00,-9.417893059492520536e+00,5.060591367566148691e+00,1.217559983774186977e-01,-4.271489943075989504e-01,-8.959459880601758908e-01,1.210967255010378949e+03
-4.129796172318807912e+00,-9.978988546265876280e+00,4.966318045592363895e+00,3.017039630070104672e-01,-3.224771664688012573e-01,-8.972085575896595611e-01,1.215191978890776454e+03
-4.094272390618734825e+00,-1.029306244064797227e+01,4.900263086633741771e+00,4.853125452780640559e-01,-1.905455183436213784e-01,-8.533253417278122699e-01,1.217587369489866660e+03
-3.980038291615993984e+00,-1.083863158990593689e+01,4.758641286222968780e+00,6.431782631862399402e-01,-4.850664998666148059e-02,-7.641785306273681799e-01,1.221812093370264165e+03
-3.817089308419192140e+00,-1.137297064774359967e+01,4.589659933949983284e+00,7.566736377743629172e-01,8.225596062342302450e-02,-6.485976895111715823e-01,1.226036817250661670e+03
-3.608060440582335548e+00,-1.189202501261860334e+01,4.391208969915822102e+00,7.937450539323168686e-01,1.569200114588039097e-01,-5.876605307162906522e-01,1.230261541131059175e+03
-3.392945088788649866e+00,-1.231708418763846247e+01,4.196052512430365589e+00,8.308274456472981573e-01,2.566685671786976264e-01,-4.938086696096173900e-01,1.233855742262691592e+03
-3.099185306836484077e+00,-1.279337583448459448e+01,3.935515715406407988e+00,8.544795391516823990e-01,3.861806241981319276e-01,-3.474611383522905883e-01,1.238080466143089097e+03
-2.768107026540501892e+00,-1.324235819894580857e+01,3.644289855854897731e+00,8.340794593269279522e-01,5.360110093316458046e-01,-1.303980575168581790e-01,1.242305190023486603e+03
-2.402952341377766032e+00,-1.365961943085515173e+01,3.322857558910183418e+00,7.322433596940709499e-01,6.660508143622184685e-01,1.421125429769136139e-01,1.246529913903884108e+03
-2.006866119430704032e+00,-1.404068073753956014e+01,2.971702942443513518e+00,5.560530608719017609e-01,7.284578461275135197e-01,4.001926534936053326e-01,1.250754637784281613e+03
-1.582895491305517766e+00,-1.438099785620813442e+01,2.591311593302569882e+00,3.662056061414362129e-01,7.241584375549725561e-01,5.843697556757402323e-01,1.254979361664679118e+03
-1.134157325326067056e+00,-1.467718507866594990e+01,2.183604281356385179e+00,2.077069164425518200e-01,6.879856181736946352e-01,6.953658217428334565e-01,1.259204085545076623e+03
-6.640195531629267123e-01,-1.492953248886281337e+01,1.753456394995340561e+00,8.819391734950293715e-02,6.452945360340700542e-01,7.588259317571608431e-01,1.263428809425474128e+03
-4.716940396077951569e-01,-1.501219573586346989e+01,1.577722111070490874e+00,-0.000000000000000000e+00,6.060168519522222130e-01,7.954518056739317000e-01,1.265089389682868614e+03
3.488836383934575819e-02,-1.518388427769507842e+01,1.118556540938749455e+00,7.427749652338335243e-03,6.358289751760550779e-01,7.717942360899502363e-01,1.269314113563266119e+03
5.566229487661571440e-01,-1.532201906880562348e+01,6.537550032303106606e-01,1.490121340455606222e-02,6.649028407431696319e-01,7.467812037074412768e-01,1.273538837443663624e+03
1.091829086809492422e+00,-1.543061368246674903e+01,1.910587990053412843e-01,2.238634461902820963e-02,6.930889918384994797e-01,7.205043379237147105e-01,1.277763561324061129e+03
1.638750078697192247e+00,-1.551364417874431290e+01,-2.617908752685281226e-01,2.984846134540229332e-02,7.202481819746956448e-01,6.930740405739185261e-01,1.281988285204458634e+03
2.195553453895116469e+00,-1.557504797805594343e+01,-6.970533105607589208e-01,3.725304042940288940e-02,7.462547600045675855e-01,6.646172162600744171e-01,1.286213009084856139e+03
2.760331276744961482e+00,-1.561872273825701285e+01,-1.106988668101019702e+00,4.456651162310931724e-02,7.709995603883925686e-01,6.352743532700283469e-01,1.290437732965253645e+03
3.331100459075645226e+00,-1.564852523532812256e+01,-1.483858362169707457e+00,5.175700944231675926e-02,7.943921449253413813e-01,6.051961104092650201e-01,1.294662456845651150e+03
3.588782259493914495e+00,-1.565643610327132862e+01,-1.634946746795680195e+00,2.612245062299384593e-02,7.068051655717331183e-01,7.069257920705427356e-01,1.296555730976829182e+03
4.166514997247771745e+00,-1.566468501286788673e+01,-1.926766012607556311e+00,-0.000000000000000000e+00,6.060168519522222130e-01,7.954518056739317000e-01,1.300780454857226687e+03
4.744731198422933893e+00,-1.566768263972800135e+01,-2.168167737225049851e+00,0.000000000000000000e+00,6.060201662342964424e-01,7.954492806693306273e-01,1.305005178737624192e+03
5.319949667855053299e+00,-1.566714216518452574e+01,-2.356175751911333549e+00,0.000000000000000000e+00,6.060234805056416985e-01,7.954467556510793624e-01,1.309229902618021697e+03
5.888239803326776212e+00,-1.566404233232230503e+01,-2.489401415666899098e+00,0.000000000000000000e+00,6.060267947662578703e-01,7.954442306191779055e-01,1.313454626498419202e+03
6.140993046991474635e+00,-1.566113750924700376e+01,-2.524409765533716321e+00,0.000000000000000000e+00,6.060301090161445137e-01,7.954417055736264786e-01,1.315368865982916532e+03
6.685488498990251216e+00,-1.565200445196767731e+01,-2.544705897498138025e+00,0.000000000000000000e+00,6.060334232553018508e-01,7.954391805144251926e-01,1.319593589863314037e+03
7.213366608162199434e+00,-1.564231111774391003e+01,-2.506825750924253970e+00,-0.000000000000000000e+00,6.060367374837294374e-01,7.954366554415740476e-01,1.323818313743711542e+03
7.720804089290418837e+00,-1.563212357056704072e+01,-2.410493781149245063e+00,-1.357740199798599355e-02,6.744734669891373491e-01,7.381742317926291985e-01,1.328043037624109047e+03
7.767019179649504501e+00,-1.563080855575567263e+01,-2.395834522533413224e+00,-2.715480892160758788e-02,7.379115490297367685e-01,6.743509191518650692e-01,1.328446470627186045e+03
8.225725087122865986e+00,-1.561230361650424747e+01,-2.186808116523236034e+00,-4.039900412623329690e-02,7.947940811778873016e-01,6.055330618473335758e-01,1.332671194507583550e+03
8.658390243962065469e+00,-1.558930288082224713e+01,-1.925356166613372499e+00,-1.382755850491743099e-01,7.078753934663564173e-01,6.926704049576246636e-01,1.336895918387981055e+03
8.757541281375731401e+00,-1.558167845310312671e+01,-1.849891859623678192e+00,-2.327328888819414632e-01,6.034527118821749747e-01,7.626796358594575276e-01,1.337925680324524819e+03
9.139823816599319528e+00,-1.554091972605706218e+01,-1.496404113417864501e+00,-1.580938126242588115e-01,6.972806427513739136e-01,6.991466596173914194e-01,1.342150404204922324e+03
9.499675874454368341e+00,-1.549147249249831226e+01,-1.104989258535255647e+00,-7.904692837304727604e-02,7.796797361646932156e-01,6.211691332712377944e-01,1.346375128085319830e+03
9.839171967532477581e+00,-1.543253402108324224e+01,-6.830182228679916312e-01,-0.000000000000000000e+00,8.460552783310809621e-01,5.330951753750141631e-01,1.350599851965717335e+03
9.843871962508453421e+00,-1.543149656403569914e+01,-6.764540039070675581e-01,-5.128661817619355884e-02,8.723300809483436336e-01,4.862200249565062915e-01,1.350661896177497738e+03
1.014456438716496933e+01,-1.534881971736271566e+01,-2.075248161443233319e-01,-1.082350813145462609e-01,8.959853445120410376e-01,4.306918034888433944e-01,1.354886620057895243e+03
1.042536549818828107e+01,-1.525538434520558972e+01,2.798484656249564106e-01,-1.704558241453117406e-01,9.149866994847840607e-01,3.657104753502201655e-01,1.359111343938292748e+03
1.068455032025537044e+01,-1.515085948158517759e+01,7.809938685526773838e-01,-2.368955263759151275e-01,9.269133694749946972e-01,2.910534574121907414e-01,1.363336067818690253e+03
1.092039533825901643e+01,-1.503487855352978997e+01,1.291238738015225929e+00,-3.057093625873947285e-01,9.292567004602827474e-01,2.074217208396387235e-01,1.367560791699087758e+03
1.113117876945818630e+01,-1.490703939315578808e+01,1.805909968564024970e+00,-3.743168998711574047e-01,9.199293220518329761e-01,1.166914774098807284e-01,1.371785515579485264e+03
1.131518083563000054e+01,-1.476690425291241660e+01,2.320334234892889924e+00,-4.397266843361294364e-01,8.978648256956643925e-01,2.189058841713186626e-02,1.376010239459882769e+03
1.147068403521074842e+01,-1.461399982399097119e+01,2.829838222813330528e+00,-4.990891231146140639e-01,8.634524581373995700e-01,-7.321133604277373086e-02,1.380234963340280274e+03
1.159597341541359050e+01,-1.444781725789820825e+01,3.329748860229265084e+00,-5.502766901748761263e-01,8.185558272868236340e-01,-1.648087432904182803e-01,1.384459687220677779e+03
1.167882208299085711e+01,-1.428787916378876943e+01,3.761258783579447762e+00,-5.922385698296592782e-01,7.660710416927749566e-01,-2.497771716668006903e-01,1.388212437010048006e+03
1.173846132626636773e+01,-1.409339597031751445e+01,4.228497338254288529e+00,-6.250043697888133520e-01,7.092400780902400337e-01,-3.261104864542670456e-01,1.392437160890445512e+03
1.176296711639018433e+01,-1.388392658683173053e+01,4.672648924066698406e+00,-6.494101123241659002e-01,6.510282109670860740e-01,-3.929742670151692985e-01,1.396661884770843017e+03
1.175063709305352333e+01,-1.365882440849252255e+01,5.089043649963003624e+00,-6.667256207395620971e-01,5.937582122663155326e-01,-4.504754510689284452e-01,1.400886608651240522e+03
1.170016921908025509e+01,-1.341814422173663424e+01,5.474328417778787426e+00,-6.783337829138916808e-01,5.390148274999209121e-01,-4.993258402015258723e-01,1.405111332531638027e+03
1.161103896566820559e+01,-1.316338946058342074e+01,5.827782509953009615e+00,-7.330327122842583698e-01,4.158665722319237479e-01,-5.382546208080835060e-01,1.409336056412035532e+03
1.148307374282891402e+01,-1.289679077820463249e+01,6.150002202942483009e+00,-7.779222453441793084e-01,2.648823417552129689e-01,-5.698020052833661087e-01,1.413560780292433037e+03
1.137247674173477563e+01,-1.271455705875950670e+01,6.342390892364067057e+00,-8.040285752954523524e-01,9.177481971066517308e-02,-5.874652607392543135e-01,1.416348523323084919e+03
1.116501289158974686e+01,-1.243061015397014835e+01,6.603785398927562333e+00,-8.048573606750828446e-01,-8.993975561522915552e-02,-5.866135604697632067e-01,1.420573247203482424e+03
1.091801644306782038e+01,-1.214058142762009318e+01,6.835539286604298326e+00,-7.803303312009354231e-01,-2.631051285763850167e-01,-5.673273001756943268e-01,1.424797971083879929e+03
1.063111701998539615e+01,-1.184667921096046150e+01,7.038254586127715484e+00,-7.368184419490425574e-01,-4.141903390088423897e-01,-5.343640581808676293e-01,1.429022694964277434e+03
1.030389023255409242e+01,-1.155110374167241361e+01,7.212534761212234358e+00,-6.832433016885378629e-01,-5.374622373183843838e-01,-4.942802182512085474e-01,1.433247418844674939e+03
9.937497225201465056e+00,-1.125386589329813702e+01,7.358518483588897041e+00,-5.941624399945639734e-01,-4.707881641286106866e-01,-6.521729060733191252e-01,1.437472142725072445e+03
9.536382140586756151e+00,-1.095064964256723528e+01,7.475413431061707747e+00,-4.636879310335542126e-01,-3.719200248021003463e-01,-8.041573215267190378e-01,1.441696866605469950e+03
9.106719162713655891e+00,-1.063505832496740133e+01,7.561962521605549270e+00,-3.010953818055244757e-01,-2.476029628666629456e-01,-9.208878019797176462e-01,1.445921590485867455e+03
8.956240278511804931e+00,-1.052516679125335841e+01,7.580253847536202016e+00,-1.313999201659312999e-01,-1.169633609554542875e-01,-9.844052179739759545e-01,1.447321010137442954e+03
8.481611750627926938e+00,-1.017307050216441056e+01,7.603309853588202216e+00,2.086399841987557346e-02,8.929999323690992509e-04,-9.997819242820187302e-01,1.451545734017840459e+03
7.992457765867971631e+00,-9.795293032679172285e+00,7.594428497251320742e+00,-2.603861331510279667e-02,3.985533894454574948e-03,-9.996529928611241900e-01,1.455770457898237964e+03
7.492513015051624592e+00,-9.389704065713196712e+00,7.556355975356889410e+00,-7.416268349396744342e-02,7.153385139904938281e-03,-9.972204999186558005e-01,1.459995181778635470e+03
6.984609813057180538e+00,-8.955530479388510656e+00,7.493172455702239887e+00,-1.232080625225670939e-01,1.037640319471253708e-02,-9.923266113463732330e-01,1.464219905659032975e+03
6.471593000660407213e+00,-8.492053177948610809e+00,7.408959344242110667e+00,-1.728324828034206173e-01,1.363175875941351547e-02,-9.848568972399647237e-01,1.468444629539430480e+03
5.956319553120533961e+00,-7.998607270757376320e+00,7.307799083132084483e+00,-2.226612368029492472e-01,1.689460265151852825e-02,-9.747494785977719456e-01,1.472669353419827985e+03
5.441658187769422561e+00,-7.474582246759505111e+00,7.193774948733659969e+00,-2.722998686418017233e-01,2.013891777277180065e-02,-9.620016660737127356e-01,1.476894077300225490e+03
4.983316954200876836e+00,-6.977408667861221936e+00,7.083655775889642570e+00,-3.213490057716557047e-01,2.333850446384609992e-02,-9.466731910743853007e-01,1.480679423907843557e+03
4.477642401032093211e+00,-6.391189411868268166e+00,6.955749642254068554e+00,-3.694201020580922257e-01,2.646801697592282218e-02,-9.288854785562917771e-01,1.484904147788241062e+03
3.979851888819669004e+00,-5.774304610077464872e+00,6.825678695656673511e+00,-4.161506797606900343e-01,2.950395773980434705e-02,-9.088168837628421981e-01,1.489128871668638567e+03
3.489442651773450699e+00,-5.130449582372994755e+00,6.694140684002090502e+00,-4.612176956328009614e-01,3.242553975268051142e-02,-8.866943225299891429e-01,1.493353595549036072e+03
3.004705112816708823e+00,-4.464673171586098555e+00,6.560704448676006884e+00,-5.043479129747872047e-01,3.521534532018923136e-02,-8.627821637771356800e-01,1.497578319429433577e+03
2.523830495022624465e+00,-3.781987405803276747e+00,6.424938920912575568e+00,-5.453245808293301078e-01,3.785973768963349362e-02,-8.373695371849799729e-01,1.501803043309831082e+03
2.044911109613753553e+00,-3.087366019905412706e+00,6.286413143210451970e+00,-5.839902117110898905e-01,4.034901462752918389e-02,-8.107572939198411932e-01,1.506027767190228587e+03
1.837349892980701282e+00,-2.784362914325869909e+00,6.225137254908315043e+00,-3.068488307955171135e-01,2.543158317665340784e-02,-9.514184303536237231e-01,1.507853526682818256e+03
1.355949786942479030e+00,-2.079499759799905423e+00,6.079006726207960121e+00,-0.000000000000000000e+00,8.051996635361182569e-03,-9.999675821496336603e-01,1.512078250563215761e+03
8.768253962462091433e-01,-1.372462684725131998e+00,5.926707919163425764e+00,5.445782046564986295e-02,9.244786089839215557e-03,-9.984732744146355143e-01,1.516302974443613266e+03
4.015093984821806461e-01,-6.666790805343398851e-01,5.766162371357420824e+00,1.121952927620062518e-01,1.048317470949353993e-02,-9.936308767998597302e-01,1.520527698324010771e+03
-6.853361593390142059e-02,3.439336423594049896e-02,5.595292024889475080e+00,1.728832032996941159e-01,1.175530362180484713e-02,-9.848721799571737989e-01,1.524752422204408276e+03
-5.319073692481580684e-01,7.272676821108152723e-01,5.412019329320649774e+00,2.360126824040895133e-01,1.304560842872412932e-02,-9.716624032271450329e-01,1.528977146084805781e+03
-9.872841159392232724e-01,1.408428647428683123e+00,5.214267344599520904e+00,3.008868544207992102e-01,1.433505242808783692e-02,-9.535520998396682657e-01,1.533201869965203286e+03
-1.432995297890939712e+00,2.075160680296090021e+00,5.001481018689605484e+00,3.666331451570207789e-01,1.560186278115016645e-02,-9.302347653952893758e-01,1.537426593845600792e+03
-1.655906925425813414e+00,2.407927043577675619e+00,4.885917910166826417e+00,4.322408777537269930e-01,1.682280043556506552e-02,-9.016012516540738986e-01,1.539588861081658251e+03
-2.079152311943937015e+00,3.041302133352774550e+00,4.650150957516800965e+00,4.966239588272735594e-01,1.797486826603809235e-02,-8.677796653699284546e-01,1.543813584962055756e+03
-2.486102590969251125e+00,3.658605292173590318e+00,4.407900166003851261e+00,5.587019722555730539e-01,1.903722285121316193e-02,-8.291499806089643876e-01,1.548038308842453262e+03
-2.873927918702055884e+00,4.259424336004568268e+00,4.163176061779214621e+00,6.174870291558134383e-01,1.999295822319834687e-02,-7.863269361059769258e-01,1.552263032722850767e+03
-3.239802935674322093e+00,4.843288890604714680e+00,3.919989290705878204e+00,6.721608743829192711e-01,2.083042540943169652e-02,-7.401120538986319941e-01,1.556487756603248272e+03
-3.580907210378977634e+00,5.409670453781831867e+00,3.682350420015091164e+00,7.221286085345020034e-01,2.154385432483159335e-02,-6.914232676710080350e-01,1.560712480483645777e+03
-3.894425682580694659e+00,5.957982462802360324e+00,3.454269739965647901e+00,7.670414251531361138e-01,2.213321887889078271e-02,-6.412156990600782480e-01,1.564937204364043282e+03
-4.177549106287958836e+00,6.487580366952865774e+00,3.239757065513563461e+00,8.067885363300434376e-01,2.260346341806517001e-02,-5.904077752603995588e-01,1.569161928244440787e+03
-4.427474492366186176e+00,6.997761705249254227e+00,3.042821537999559123e+00,8.414649927034193455e-01,2.296332548497212814e-02,-5.398234449681725833e-01,1.573386652124838292e+03
-4.641405550771820820e+00,7.487766189289914998e+00,2.867471426861727402e+00,8.713254618478369906e-01,2.322401926880280146e-02,-4.901556737044424628e-01,1.577611376005235797e+03
-4.783057500707125875e+00,7.865734397276389345e+00,2.746594209406110654e+00,8.967339912294932658e-01,2.339799977115586405e-02,-4.419509956774982928e-01,1.581017114993511768e+03
-4.918916127285251072e+00,8.312640047354969752e+00,2.626522147996940948e+00,9.330157638720609770e-01,3.244446022063804998e-03,-3.598208692339073256e-01,1.585241838873909273e+03
-5.014444427139133964e+00,8.736874429986688284e+00,2.542676476607566016e+00,9.620511610061446284e-01,-1.748021083660455943e-02,-2.723086591275368784e-01,1.589466562754306779e+03
-5.070302229680351935e+00,9.137530357080580146e+00,2.502459756893471887e+00,9.826401694895893213e-01,-3.823423488328697717e-02,-1.815390883208375383e-01,1.593691286634704284e+03
-5.087157768521781698e+00,9.513711463917831068e+00,2.513272389689435560e+00,9.942286479303067415e-01,-5.845903847763003064e-02,-8.995519137295729384e-02,1.597916010515101789e+03
-5.084687398414165393e+00,9.556679927036830335e+00,2.521553328773088687e+00,9.969805276980340247e-01,-7.765196321375004984e-02,-0.000000000000000000e+00,1.598433194824553539e+03
-5.028959996095836438e+00,9.882425729327671604e+00,2.649102289042149838e+00,9.703938592831965471e-01,2.415279649760323222e-01,0.000000000000000000e+00,1.602657918704951044e+03
-4.943322173743804449e+00,1.017245587679901320e+01,2.831979127408481567e+00,9.692955073994399262e-01,2.412545886631326519e-01,-4.756514253363361422e-02,1.606725656537611030e+03
-4.825675783420726006e+00,1.045049829111232853e+01,3.085608381142027401e+00,9.655779805245006120e-01,2.403293079719387992e-01,-9.950370473482941791e-02,1.610950380418008535e+03
-4.683450283138325787e+00,1.070686513137685481e+01,3.400843026075905939e+00,9.585191193636446449e-01,2.385723797361302412e-01,-1.559625514070049346e-01,1.615175104298406040e+03
-4.520648759237125169e+00,1.094321512886532055e+01,3.773909417458941373e+00,9.472859351785014592e-01,2.357764756911038817e-01,-2.169304278419101339e-01,1.619399828178803546e+03
-4.341235585115738260e+00,1.116128441629911272e+01,4.201031046275212510e+00,9.309624022812186261e-01,2.317135999379408284e-01,-2.821662863323371462e-01,1.623624552059201051e+03
-4.149135854709954607e+00,1.136288593746983189e+01,4.678428725920939613e+00,9.086081004247279491e-01,2.261496848490238964e-01,-3.511233969493556262e-01,1.627849275939598556e+03
-3.948234819467034917e+00,1.154990885031217829e+01,5.202320778980827676e+00,8.793545772411790473e-01,2.188685753744432361e-01,-4.228854149749657343e-01,1.632073999819996061e+03
-3.742377328840646111e+00,1.172431792346818469e+01,5.768923224097090241e+00,8.425378435565087365e-01,2.097050067070864443e-01,-4.961388841213001943e-01,1.636298723700393566e+03
-3.535367274331790544e+00,1.188815292638330945e+01,6.374449962923985247e+00,7.978502914072976848e-01,1.985824161969486912e-01,-5.692099230325066150e-01,1.640523447580791071e+03
-3.330967037101350225e+00,1.204352801297506304e+01,7.015112967160923141e+00,7.454772565959194575e-01,1.855469333395499409e-01,-6.401843448777159162e-01,1.644748171461188576e+03
-3.284342510645023250e+00,1.207866783510206687e+01,7.173311618564579994e+00,6.861721280718302562e-01,1.707860742635805840e-01,-7.071067299177760113e-01,1.645741550428985875e+03
-3.091836337448194083e+00,1.222172693067475713e+01,7.875811475820507113e+00,6.212310634080485672e-01,1.546224484928999665e-01,-7.682212339417373581e-01,1.649966274309383380e+03
-2.899796536790602008e+00,1.235387563895968555e+01,8.604578068968177007e+00,5.523579222454939597e-01,1.374801413076643386e-01,-8.221921530145281931e-01,1.654190998189780885e+03
-2.702272727963678012e+00,1.247011155399157367e+01,9.355526285658308794e+00,4.814502317625867223e-01,1.198314412260937656e-01,-8.682431111327222339e-01,1.658415722070178390e+03
-2.494876165115936129e+00,1.256596277167918885e+01,1.012477899167968864e+01,4.103655076027497017e-01,1.021386780217900386e-01,-9.061831164957216966e-01,1.662640445950575895e+03
-2.275524159386509204e+00,1.263916068314513552e+01,1.090888563525528809e+01,3.407280748852080099e-01,8.480614108380153671e-02,-9.363291608294033175e-01,1.666865169830973400e+03
-2.045140750686186948e+00,1.269133248010063575e+01,1.170504083017964980e+01,2.738125046421863162e-01,6.815106711420100549e-02,-9.593654904950293938e-01,1.671089893711370905e+03
-1.806090236618436817e+00,1.272609583103647601e+01,1.251076154071767377e+01,2.105080132479703880e-01,5.239477925848241846e-02,-9.761870535224522749e-01,1.675314617591768410e+03
-1.560662357602372596e+00,1.274711315879161866e+01,1.332356425055869309e+01,1.513451449889337275e-01,3.766932831291947004e-02,-9.877629618449621507e-01,1.679539341472165916e+03
-1.311071973880280961e+00,1.275809052183686987e+01,1.414096508523474149e+01,9.655781177703112728e-02,2.403293421319870407e-02,-9.950371887813718175e-01,1.683764065352563421e+03
-1.059458749056369165e+00,1.276277649185692376e+01,1.496047993455349179e+01,4.615693558671262603e-02,1.148831540424562203e-02,-9.988681373967319699e-01,1.687988789232960926e+03
-9.460415721645728526e-01,1.276363965322016192e+01,1.532934884216489202e+01,-0.000000000000000000e+00,-0.000000000000000000e+00,-1.000000000000000000e+00,1.689889552159010236e+03
