-4.769871695838059367e+00,-7.289280506937155790e-01,1.986866981506719476e+00,-4.368699999999999667e-02,-9.773290000000000033e-01,-2.071679999999999910e-01,0.000000000000000000e+00
-4.772090152698370780e+00,1.141488558097775607e+00,1.316298580453709288e+00,5.685518108485523164e-02,-9.743732971044708480e-01,-2.176331001331619774e-01,8.676664083785063042e+00
-4.741206976020372998e+00,2.993826171977080897e+00,6.597975028368811001e-01,1.578511531054097028e-01,-9.612654784869411051e-01,-2.259462177876958022e-01,1.735332816757012608e+01
-4.681543070345923319e+00,4.809734312890951102e+00,3.163550609758362248e-02,2.561860664934865195e-01,-9.384102435658179253e-01,-2.318510601772982571e-01,2.602999225135518913e+01
-4.598147023769771025e+00,6.571039045660254097e+00,-5.539215750605247512e-01,-4.368701947493493914e-02,-9.773294356769448576e-01,-2.071680923520342887e-01,3.470665633514025217e+01
-4.486243149582055167e+00,8.256258372452530025e+00,-1.086252269040108853e+00,-3.987413614140719598e-02,-9.828525955429917582e-01,-1.800300772131724070e-01,4.338332041892531521e+01
-4.411517876664191817e+00,9.031994100563563777e+00,-1.319074277141907503e+00,-3.600220107354543814e-02,-9.876392035646419654e-01,-1.525537449558666547e-01,4.762926577760620717e+01
-4.192599489706291926e+00,1.049251655393723226e+01,-1.738529747174876405e+00,-3.207959588395289940e-02,-9.916631604406104250e-01,-1.248001432405523858e-01,5.630592986139127021e+01
-3.876194918959587454e+00,1.179910911199151258e+01,-2.105555903222308789e+00,-2.811521175634798878e-02,-9.949034293261918016e-01,-9.683336812730841681e-02,6.498259394517633325e+01
-3.446239754704069291e+00,1.292173957494052061e+01,-2.431490266178867099e+00,-2.411835248934385625e-02,-9.973444175903964926e-01,-6.871984993051470647e-02,7.365925802896140340e+01
-2.905344975424242193e+00,1.384160653668087093e+01,-2.724796660734083886e+00,-2.009862721618010939e-02,-9.989762563062546397e-01,-4.052757728220610783e-02,8.233592211274645933e+01
-2.280867973752915834e+00,1.456030521443047832e+01,-2.980841193224991859e+00,-1.606583562865769935e-02,-9.997949671781315439e-01,-1.232528015227130243e-02,9.101258619653151527e+01
-1.611972049295973042e+00,1.509072599668154346e+01,-3.188445467915136167e+00,-1.202984887856848283e-02,-9.998025108915568060e-01,1.581840544736403883e-02,9.968925028031657121e+01
-1.592665575461808869e+00,1.510098803690628522e+01,-3.192922787477369795e+00,-8.000489518548229914e-03,-9.990067155207332794e-01,4.383576749573864229e-02,9.993573440844978961e+01
-9.229974515429388848e-01,1.530091512484640859e+01,-3.294801290228217105e+00,-3.987413863146556381e-03,-9.974210883474667888e-01,7.166081949321259636e-02,1.086123984922348598e+02
-2.895861441590960594e-01,1.534346872826712094e+01,-3.325603291291546526e+00,-0.000000000000000000e+00,-9.950645189282720793e-01,9.923005174868394784e-02,1.172890625760199157e+02
2.702925243801580502e-01,1.524612883664921981e+01,-3.274192697720405665e+00,-4.530458087009565926e-02,-9.978533369120502483e-01,4.728861348856878977e-02,1.259657266598049716e+02
7.373846171393537707e-01,1.501537460599704232e+01,-3.141002277167618484e+00,-9.129220221459553863e-02,-9.958065372979068020e-01,-5.922338183679086779e-03,1.346423907435900276e+02
1.124940134695525451e+00,1.464448979701745124e+01,-2.943893430122511923e+00,-1.372849914602179422e-01,-9.887344722039849154e-01,-5.964037722277946291e-02,1.433190548273750835e+02
1.322329245160398958e+00,1.434324014767891242e+01,-2.799185784943310829e+00,-1.825843417316266037e-01,-9.766683355661105459e-01,-1.130571557087473589e-01,1.484612551881487548e+02
1.619383719209328110e+00,1.370780513446313797e+01,-2.517790876154537116e+00,-2.265227510986199677e-01,-9.598633305865156284e-01,-1.653778395979166038e-01,1.571379192719338107e+02
1.899666485989334630e+00,1.295466445314846560e+01,-2.210211761670328734e+00,-2.685118741471714809e-01,-9.387745599917729500e-01,-2.158788988165044054e-01,1.658145833557188666e+02
2.187657691560492612e+00,1.209480990082433749e+01,-1.888820476542332649e+00,-3.434547483073991936e-01,-9.152207887187173707e-01,-2.107361947131766999e-01,1.744912474395039226e+02
2.190710941527485023e+00,1.208578203055386169e+01,-1.885723221279510753e+00,-4.244259851382321536e-01,-8.823052772559146772e-01,-2.034698524740332082e-01,1.745738424909750393e+02
2.551644411249376354e+00,1.105671566248302717e+01,-1.561319428098748574e+00,-5.099242862293537071e-01,-8.381406521368670592e-01,-1.936426336039439033e-01,1.832505065747600952e+02
2.950414969610515747e+00,9.952855128532133833e+00,-1.242824983258847382e+00,-5.974241752509923398e-01,-7.812531223181964357e-01,-1.809085782757156036e-01,1.919271706585451511e+02
3.394566897733146682e+00,8.796446145759050594e+00,-9.375159846222028692e-01,-6.834219916199648637e-01,-7.111018042066741263e-01,-1.651320847812857151e-01,2.006038347423302071e+02
3.892600983185743324e+00,7.609387307859638128e+00,-6.526657641519619801e-01,-7.638343871856817513e-01,-6.285654857345707169e-01,-1.465007136362730666e-01,2.092804988261152630e+02
4.203107342404137192e+00,6.952493837541756427e+00,-5.110219656319441306e-01,-8.347391247946638337e-01,-5.361364141048415854e-01,-1.255720470799159827e-01,2.140452653255603650e+02
4.832062712239419966e+00,5.757091513801634974e+00,-2.881445757076637748e-01,-8.932175555714618742e-01,-4.376192363784927597e-01,-1.032075693466693034e-01,2.227219294093454209e+02
5.493403823707732059e+00,4.560315422292516629e+00,-1.143099423891354438e-01,-9.379266176934187849e-01,-3.373853635057050826e-01,-8.040383270906086011e-02,2.313985934931304769e+02
6.150623117682113339e+00,3.360268536165473829e+00,-6.833701049985518514e-03,-9.691567646205867526e-01,-2.395002946426117996e-01,-5.809280898922566244e-02,2.400752575769155328e+02
6.767168893973593669e+00,2.156549636519978108e+00,1.698236690557527670e-02,-9.884316439500514528e-01,-1.470859945210384045e-01,-3.699453275763682492e-02,2.487519216607005887e+02
7.306468270644664642e+00,9.502543363452717884e-01,-6.014605529384385585e-02,-9.979162848446705425e-01,-6.208612714606150107e-02,-1.756135694681655590e-02,2.574285857444856447e+02
7.679434564417968900e+00,-1.002084477082202385e-01,-2.298373473433544534e-01,-9.998929758280875602e-01,1.462999964632707810e-02,-0.000000000000000000e+00,2.649877709955470095e+02
7.894382020764781238e+00,-9.790486477270297083e-01,-4.678493344249793906e-01,-9.998929611991544952e-01,1.463099943224407777e-02,-0.000000000000000000e+00,2.713461404703121502e+02
8.044848556879003354e+00,-2.162374662775664369e+00,-9.226819321133344909e-01,-9.947736175818989723e-01,-3.433483307662212308e-03,-1.020473466357538217e-01,2.800228045540972062e+02
8.061066992525081076e+00,-3.315999950852073663e+00,-1.493592205679011187e+00,-9.789443398538023589e-01,-2.146100745047975489e-02,-2.029960704728385468e-01,2.886994686378822621e+02
8.013248506725515696e+00,-3.854389990827645551e+00,-1.818138886338234173e+00,-9.979611675329087550e-01,3.668890304657858575e-03,-6.371850076928939344e-02,2.929048761537363816e+02
7.807752968309066510e+00,-4.911928157775330206e+00,-2.570009789165863978e+00,-9.952963893631416870e-01,3.134512245170271993e-02,9.166559124983174323e-02,3.015815402375214376e+02
7.496673629202093458e+00,-5.904185066637963608e+00,-3.383589803534294393e+00,-9.655840815468595961e-01,5.970137704804098083e-02,2.531464537414558902e-01,3.102582043213064935e+02
7.087577848531479319e+00,-6.818625147056105007e+00,-4.235292926824211435e+00,-9.090643110570659768e-01,8.640013811482429029e-02,4.075991836302926830e-01,3.189348684050915494e+02
6.588442532510984329e+00,-7.643000284128621757e+00,-5.101525161396947006e+00,-8.322153690158332617e-01,1.094895978620302468e-01,5.435343664699148203e-01,3.276115324888766054e+02
6.536270240607404247e+00,-7.709087376081494192e+00,-5.179640296134293109e+00,-7.447858233870966460e-01,1.280379696380397891e-01,6.549048447007952412e-01,3.283969988504130129e+02
5.889535301909123888e+00,-8.344085320201905631e+00,-6.025730144169291869e+00,-6.854959812420765575e-01,9.645754620860759465e-02,7.216586460927194580e-01,3.370736629341980688e+02
5.430837251876496019e+00,-8.695706053619527864e+00,-6.549286077315518817e+00,-6.200581168474829097e-01,6.401201206280876521e-02,7.819401473535069202e-01,3.426735174398660888e+02
4.667154594889376895e+00,-9.159892180176026244e+00,-7.305401269436064382e+00,-6.558184419821749822e-01,1.763375683080572187e-01,7.340348991425911240e-01,3.513501815236511447e+02
3.858975358075512396e+00,-9.549376180093299027e+00,-7.986175732610704792e+00,-6.830344045875706982e-01,2.974575791085130594e-01,6.670704541355474415e-01,3.600268456074362007e+02
3.016207701904382255e+00,-9.873065120515381210e+00,-8.570425187165968239e+00,-6.970958408011199703e-01,4.204058011388310812e-01,5.807894206221366762e-01,3.687035096912212566e+02
2.148353857841798220e+00,-1.014024052597276260e+01,-9.036985417239954188e+00,-6.950563007572178043e-01,5.363421112714008565e-01,4.787837491546974023e-01,3.773801737750063126e+02
1.264504692315572720e+00,-1.036054574366697700e+01,-9.364716682549605764e+00,-6.770567066915762489e-01,6.372565358129588242e-01,3.681009691479011359e-01,3.860568378587913685e+02
1.127024014846282673e+00,-1.038968736624828715e+01,-9.391467459705369336e+00,-6.462804440698618480e-01,7.185216625854998762e-01,2.569984591553641229e-01,3.873951322043604932e+02
2.331500876485999296e-01,-1.055313117017317559e+01,-9.398440799346309049e+00,-6.074697074213979420e-01,7.795986245181070196e-01,1.523369266292220192e-01,3.960717962881455492e+02
-6.655487638586602417e-01,-1.068099415538646646e+01,-9.231427110353541465e+00,-4.499997464600892960e-04,3.515008019565952213e-01,9.361874725310623813e-01,4.047484603719306051e+02
-1.471621213528242933e+00,-1.074608062061664704e+01,-8.939357990258486097e+00,-0.000000000000000000e+00,4.167101609747495689e-02,9.991313859635297945e-01,4.124121790381846040e+02
-2.405163732024565348e+00,-1.073775126220945531e+01,-8.467314023741282725e+00,1.411208581393890715e-01,6.139575629565376114e-02,9.880867697256587867e-01,4.210888431219696599e+02
-3.361466530599129587e+00,-1.061840990804561180e+01,-7.878114629894772847e+00,2.891082235169783465e-01,8.113545409939970643e-02,9.538519136548090360e-01,4.297655072057547159e+02
-3.953868628741627145e+00,-1.046859067634527918e+01,-7.461566504048278148e+00,4.336622450361492520e-01,9.938146681894451107e-02,8.955782385046668903e-01,4.350274833273855393e+02
-4.938543269775873767e+00,-1.009053993868278631e+01,-6.685292903349384197e+00,5.644830967133790400e-01,1.148337229009105953e-01,8.174179161295589413e-01,4.437041474111705952e+02
-5.909753214100047281e+00,-9.584462127484817628e+00,-5.822703882607777714e+00,6.746476490477095744e-01,1.268269340245192223e-01,7.271626217293752914e-01,4.523808114949556511e+02
-6.845356544827469136e+00,-8.958839615039540405e+00,-4.877441251210816731e+00,7.430783543224709353e-01,1.298393125665200931e-01,6.564878614640652366e-01,4.610574755787407071e+02
-7.241873293533588551e+00,-8.630715202207591474e+00,-4.418585975605267002e+00,8.196352862192016753e-01,1.318510504542988182e-01,5.575063211107704753e-01,4.649508163910221015e+02
-8.055013057403975552e+00,-7.804585487221747719e+00,-3.329781693726902247e+00,8.980811003943156567e-01,1.314329634696993765e-01,4.197329070112418292e-01,4.736274804748071574e+02
-8.770752221809059890e+00,-6.894315586662719042e+00,-2.193218968698941396e+00,9.636402243441924975e-01,1.263661776913231616e-01,2.354338700390396222e-01,4.823041445585922133e+02
-9.362941628420040630e+00,-5.918767158797487937e+00,-1.030486503864188386e+00,9.933812707946114706e-01,1.144082944203148877e-01,1.021728938208715971e-02,4.909808086423772693e+02
-9.806100358114045790e+00,-4.897833842259534443e+00,1.368215582852790602e-01,9.689250952118996230e-01,9.534329615371804623e-02,-2.282406969564274024e-01,4.996574727261623252e+02
-1.008740548360650813e+01,-3.849764655084016773e+00,1.285375913631968459e+00,8.941783264886304927e-01,7.221666402734405743e-02,-4.418482475632941053e-01,5.083341368099473812e+02
-1.021562910701464055e+01,-2.811969535479919013e+00,2.363470920420199572e+00,7.927188890984294689e-01,4.929719393377525460e-02,-6.075907747298402439e-01,5.168135734390102698e+02
-1.022046003688118887e+01,-1.746052085793994069e+00,3.393064819931026932e+00,6.880988759275257216e-01,2.931112841596417856e-02,-7.250246855785383859e-01,5.254902375227953826e+02
-1.012282461927318522e+01,-6.850846807878002709e-01,4.320737405691637889e+00,5.931925083376928809e-01,1.299509063502256312e-02,-8.049557600709642546e-01,5.341669016065804954e+02
-9.947225559263520367e+00,3.629249092034728119e-01,5.118006528129477317e+00,5.119701446239067755e-01,1.100000310733631620e-05,-8.590032426555652689e-01,5.428435656903656081e+02
-9.716985816242088347e+00,1.390433168736073144e+00,5.759916366860343473e+00,5.075423462035248967e-01,6.628531785458639976e-03,-8.616013169538393468e-01,5.515202297741507209e+02
-9.456303343472232115e+00,2.376940377214447953e+00,6.222557115565680697e+00,5.030780019974527839e-01,1.324699123222498540e-02,-8.641394801359004729e-01,5.600851580535378389e+02
-9.177860294914822248e+00,3.340829541161587368e+00,6.503702616753861854e+00,4.985780367313371042e-01,1.986498500804204093e-02,-8.666171724929963016e-01,5.687618221373229517e+02
-8.904767580127053606e+00,4.262603149065087749e+00,6.583007967022046714e+00,4.940433978229465395e-01,2.648111977860633307e-02,-8.690338723909609708e-01,5.774384862211080645e+02
-8.657172732359496692e+00,5.136447240959046923e+00,6.446164189315172877e+00,4.894750543850868718e-01,3.309400367704185691e-02,-8.713890968191765340e-01,5.861151503048931772e+02
-8.444347039952148748e+00,5.955407875593794031e+00,6.090242430656746642e+00,5.972695848669046237e-01,6.727339427566995933e-02,-7.992141974561923767e-01,5.947918143886782900e+02
-8.440718168461891935e+00,5.970844679062730975e+00,6.079550396379318933e+00,7.057558148871766468e-01,1.043035538118162880e-01,-7.007349701671542475e-01,5.949680667067356126e+02
-8.284624459063955726e+00,6.665499447024817670e+00,5.398646121428154920e+00,8.049285554902987361e-01,1.416676849790096948e-01,-5.762120161789313633e-01,6.036447307905207253e+02
-8.128096572684661680e+00,7.281787331555960918e+00,4.550260677628830130e+00,8.844312677024084302e-01,1.761247831584591972e-01,-4.321589909601515900e-01,6.123213948743058381e+02
-7.948437878175997895e+00,7.805465021772209688e+00,3.565606043594433672e+00,9.377967781996544572e-01,2.048719231923109008e-01,-2.802939490710278370e-01,6.209980589580909509e+02
-7.723532116469884024e+00,8.221335867923825091e+00,2.475922595598322395e+00,9.648408621587796219e-01,2.265816580595920449e-01,-1.332023383415953111e-01,6.296747230418760637e+02
-7.431858289181078270e+00,8.513267778530378749e+00,1.312472596673568637e+00,9.703938592831965471e-01,2.415279649760323222e-01,0.000000000000000000e+00,6.383513871256611765e+02
-7.062638608725857026e+00,8.670062487340885582e+00,1.047456062909604135e-01,9.636740301198891689e-01,2.280206991985225806e-01,1.390644613461968215e-01,6.470280512094462892e+02
-6.779617153116890726e+00,8.684689375840871861e+00,-6.875889682002388481e-01,9.328741613403670474e-01,2.071092481598675594e-01,2.947058846208558403e-01,6.526254349302826085e+02
-6.287999751697003425e+00,8.578321576213234323e+00,-1.916459984487216328e+00,8.718164453379855239e-01,1.781615377676721013e-01,4.562834120352149969e-01,6.613020990140677213e+02
-5.761876396779975984e+00,8.347614355600009972e+00,-3.123974821912256061e+00,7.807406740543682000e-01,1.425494590706551656e-01,6.083778855249378781e-01,6.699787630978528341e+02
-5.220462422022721150e+00,8.000302939552430104e+00,-4.285999330614229663e+00,6.681646771070917090e-01,1.036036193929323890e-01,7.367647211390218054e-01,6.786554271816379469e+02
-4.682623633236867811e+00,7.544855462400352764e+00,-5.378408823317332832e+00,5.473077020445833440e-01,6.521482688060500910e-02,8.343867841940032504e-01,6.873320912654230597e+02
-4.166865604093159980e+00,6.990462036893923425e+00,-6.377093098899807799e+00,4.301039476228046277e-01,3.026599631426772630e-02,9.022718901231404631e-01,6.960087553492081724e+02
-3.694479523630109341e+00,6.351729950915173895e+00,-7.263811668613716854e+00,3.495729983006475861e-01,2.757931374292334203e-02,9.365031234932241766e-01,7.046854194329932852e+02
-3.684535508658619118e+00,6.335023846685551518e+00,-7.282563402020001853e+00,2.643137601646671775e-01,2.460842078202930133e-02,9.641227420895274181e-01,7.048924042306986166e+02
-3.338721712148195131e+00,5.588875911198774915e+00,-7.967646064390373262e+00,1.762091939799648732e-01,2.141304855838084206e-02,9.841198104440167516e-01,7.135690683144837294e+02
-3.093979480431051421e+00,4.815840792285307259e+00,-8.533597805262276736e+00,8.739327964031505525e-02,1.807059206966635245e-02,9.960099740343775210e-01,7.222457323982688422e+02
-2.978183913666146765e+00,4.047818679722903212e+00,-8.979810467251535755e+00,-0.000000000000000000e+00,1.466700636142671300e-02,9.998924336769400290e-01,7.309223964820539550e+02
-3.001300804540479206e+00,3.459691232888562062e+00,-9.242181130727328053e+00,0.000000000000000000e+00,1.100022547084664182e-02,9.999394956894094300e-01,7.379002473021155311e+02
-3.170907484446949809e+00,2.796182306833582931e+00,-9.448703241859572444e+00,0.000000000000000000e+00,7.333198821096688878e-03,9.999731117360357580e-01,7.465769113859006438e+02
-3.467121476978066053e+00,2.233317187509651802e+00,-9.535974949623724939e+00,0.000000000000000000e+00,3.666074348219260353e-03,9.999932799268569372e-01,7.552535754696857566e+02
-3.689952742094538607e+00,1.994367810185365686e+00,-9.518808548233741007e+00,-0.000000000000000000e+00,-9.999999999994999936e-07,9.999999999994999555e-01,7.600325983300808730e+02
-4.180172859120071749e+00,1.708240811723308994e+00,-9.368336854859855123e+00,3.333333333331481180e-07,-9.999999999994443011e-07,9.999999999994444444e-01,7.687092624138659858e+02
-4.717307709327899445e+00,1.578555548256754149e+00,-9.094792556545877815e+00,6.666666666661851689e-07,-9.999999999992778592e-07,9.999999999992779109e-01,7.773859264976510985e+02
-4.748477736006466721e+00,1.579841659849086088e+00,-9.072124459657509021e+00,9.999999999990000324e-07,-9.999999999990000324e-07,9.999999999990001331e-01,7.778831474013238676e+02
-5.272035407470309742e+00,1.751947861855400745e+00,-8.552206394976948900e+00,2.568575641092677997e-01,-3.289586663959863100e-01,9.087411004036449746e-01,7.865598114851089804e+02
-5.737805228363124677e+00,2.070718151308043264e+00,-7.900191698875291380e+00,5.137138946730473998e-01,-6.579161085828583166e-01,5.506763373226034597e-01,7.952364755688940932e+02
-6.097805971773242462e+00,2.523321278901385245e+00,-7.112141756262317038e+00,6.082780736217244799e-01,-7.790250942877499085e-01,1.520450184024658424e-01,8.039131396526792059e+02
-6.229725735070497983e+00,2.861570766166045221e+00,-6.566852167148239161e+00,5.907565175679554415e-01,-7.991940069887703002e-01,1.108858699033161699e-01,8.090429698217538999e+02
-6.314838733496232592e+00,3.540665645659266225e+00,-5.526037555162012893e+00,5.692868280504721490e-01,-8.196330289482360865e-01,6.414207094701687706e-02,8.177196339055390126e+02
-6.278033987924185766e+00,4.313916779885954789e+00,-4.394112730424775570e+00,5.429470790201437191e-01,-8.396932313541719539e-01,1.112414497760775590e-02,8.263962979893241254e+02
-6.140220325032301751e+00,5.167222313531020461e+00,-3.201795328626114490e+00,5.106726292563247283e-01,-8.583913503129727562e-01,-4.876223370912750876e-02,8.350729620731092382e+02
-5.922763763136713600e+00,6.087378257984407348e+00,-1.979815545440350988e+00,4.713136217439771736e-01,-8.743221977585541316e-01,-1.158626966077817982e-01,8.437496261568943510e+02
-5.644225559232214806e+00,7.058895019494136669e+00,-7.557930018655671933e-01,4.237683994427038914e-01,-8.856079803890870572e-01,-1.900495953821820516e-01,8.524262902406794637e+02
-5.317273762050896302e+00,8.060638095270455494e+00,4.488857406977671549e-01,3.672202639379484879e-01,-8.899488386595560963e-01,-2.704447121351252759e-01,8.611029543244645765e+02
-5.261527568637898611e+00,8.218224073002014407e+00,6.305228667254069164e-01,3.014743865286720337e-01,-8.848567110054603724e-01,-3.551644622646809579e-01,8.624486719149061855e+02
-4.875790978969769540e+00,9.234926735665345277e+00,1.757568925110480018e+00,2.273197769251489309e-01,-8.681236651199319976e-01,-4.412335221596795920e-01,8.711253359986912983e+02
-4.464736465798559095e+00,1.023073828667500784e+01,2.825920311881155556e+00,1.467492815023479502e-01,-8.384581199467081580e-01,-5.248358119202386485e-01,8.798020000824764111e+02
-4.040635148329173809e+00,1.118281963521041966e+01,3.817336280502249046e+00,6.284184215642479865e-02,-7.960489149302468759e-01,-6.019609853742711181e-01,8.884786641662615239e+02
-3.602484863346900212e+00,1.205623717963819530e+01,4.715912286669673215e+00,-2.076082979311696594e-02,-7.427366775335179083e-01,-6.692616945506236759e-01,8.971553282500466366e+02
-3.341081903194847325e+00,1.246866597131501209e+01,5.156536886180481005e+00,-1.006048269759987207e-01,-6.816344608970118513e-01,-7.247434929040543761e-01,9.019605574474145442e+02
-2.811403433357638981e+00,1.303022299890968227e+01,5.843275320486158719e+00,-1.740669000569191882e-01,-6.163669540533144309e-01,-7.679794868716310896e-01,9.106372215311996570e+02
-2.221569309857937657e+00,1.336634939919232146e+01,6.418874976039388613e+00,-2.396432014199847416e-01,-5.503009636696485352e-01,-7.998374743642840956e-01,9.193138856149847697e+02
-1.601761931323038901e+00,1.346688284767768451e+01,6.886945034313363578e+00,-2.968732644948272603e-01,-4.860588095770440598e-01,-8.219568714115912389e-01,9.279905496987698825e+02
-9.953228490439152143e-01,1.334043941330044447e+01,7.253971033421971804e+00,-3.460562951586309555e-01,-4.253763384681559234e-01,-8.362415986140053770e-01,9.366672137825549953e+02
-7.312706621404548857e-01,1.317851883569214877e+01,7.382881987860887563e+00,-3.879316964553696789e-01,-3.692008168707347493e-01,-8.445115485931740107e-01,9.407814125213211582e+02
-2.561362057243639634e-01,1.263069688011147562e+01,7.564403322452389666e+00,-4.234233541048481042e-01,-3.178893024158597758e-01,-8.483272096356206937e-01,9.494580766051062710e+02
9.907801283083292332e-02,1.188595131927743154e+01,7.661214108857727467e+00,-4.534738309269626400e-01,-2.714105598605084935e-01,-8.489392161165779660e-01,9.581347406888913838e+02
2.960832446837685095e-01,1.096123823025348543e+01,7.680452450525654839e+00,-4.789548785076024884e-01,-2.295069417829322667e-01,-8.473067850709172788e-01,9.668114047726764966e+02
3.158348424636748253e-01,9.878324719438118962e+00,7.632422255996729632e+00,-4.789548785076024884e-01,-2.295069417829322667e-01,-8.473067850709172788e-01,9.754880688564616094e+02
1.749833725143409013e-01,8.664399076464709637e+00,7.533353856051138386e+00,-4.789548785076024884e-01,-2.295069417829322667e-01,-8.473067850709172788e-01,9.841647329402467221e+02
-3.557712595754127655e-02,7.619435916549878840e+00,7.428847117965646341e+00,-4.789548785076024884e-01,-2.295069417829322667e-01,-8.473067850709172788e-01,9.910435143258105199e+02
-3.937789364094772537e-01,6.221790781017118022e+00,7.281486115065540332e+00,-2.490560524003022080e-01,-3.781959580893776707e-01,-8.915934611960967260e-01,9.997201784095956327e+02
-8.124653878078378355e-01,4.769817651772512157e+00,7.136715031864516057e+00,9.999998887670185872e-07,-4.977929446290005333e-01,-8.672959035280801698e-01,1.008396842493380746e+03
-1.257877578012361663e+00,3.289544212871314155e+00,7.010186280373632783e+00,-0.000000000000000000e+00,9.978136014349114902e-01,-6.609097360072592464e-02,1.017073506577165858e+03
-1.703447898006668959e+00,1.808849691471678733e+00,6.910441323231719224e+00,3.883072767934039882e-02,9.664763533026696773e-01,-2.538023504514212436e-01,1.025750170660950971e+03
-2.125575162743454705e+00,3.561626802551315363e-01,6.842462424144416744e+00,8.740821492832404060e-02,8.702177668184000181e-01,-4.848513610134972396e-01,1.034426834744735970e+03
-2.336186704905248490e+00,-4.413597405305252352e-01,6.824469635529985645e+00,1.373615225548326935e-01,6.837711850222641941e-01,-7.166510857137290413e-01,1.039362803459668157e+03
-2.634195281338086669e+00,-1.771922659936907118e+00,6.833088825712435366e+00,1.748164831921239781e-01,4.351090161583894278e-01,-8.832436477337476388e-01,1.048039467543453156e+03
-2.842295768299794911e+00,-3.006785941996211520e+00,6.886237450412906469e+00,1.941537319192045419e-01,1.932953637695665194e-01,-9.617386499080904372e-01,1.056716131627238155e+03
-2.939508920623524091e+00,-4.124756649652645990e+00,6.986102340748466588e+00,2.004490271390962919e-01,-0.000000000000000000e+00,-9.797041326436211062e-01,1.065392795711023155e+03
-2.926267619056346359e+00,-4.596188095267638829e+00,7.054817179016009909e+00,1.090540780380025027e-01,1.551547688244423739e-01,-9.818524358447734413e-01,1.069527337095564462e+03
-2.771418280500580256e+00,-5.450403759746699883e+00,7.238838686842908210e+00,1.081998825450684182e-02,3.103095003517991057e-01,-9.505740065063787991e-01,1.078204001179349461e+03
-2.492293507182095524e+00,-6.161866633354686762e+00,7.457170957114784393e+00,-8.452998294295005488e-02,4.501069091742863071e-01,-8.889648206184739276e-01,1.086880665263134460e+03
-2.102974335326969868e+00,-6.731965843668405114e+00,7.703797114439108640e+00,-7.872053085120907234e-02,2.340025086198711246e-01,-9.690438091139693677e-01,1.095557329346919460e+03
-1.931432488036086248e+00,-6.895400169974850613e+00,7.803296281293124359e+00,-6.509816724976492941e-02,-6.175288042678949568e-02,-9.959662696997907405e-01,1.098758131633647281e+03
-1.436113570798012606e+00,-7.231930512974982683e+00,8.089632161015721579e+00,-4.338808151601659252e-02,-3.815496306037352570e-01,-9.233294936091408500e-01,1.107434795717432280e+03
-9.708231125076683954e-01,-7.487119327167142124e+00,8.382513944474776935e+00,-1.965830612205282657e-02,-6.360035970133396388e-01,-7.714356587470567739e-01,1.116111459801217279e+03
-6.050486758174438151e-01,-7.684670883570573707e+00,8.670271214514702507e+00,2.499999767778782224e-05,-7.954159261150111071e-01,-6.060639437036319244e-01,1.124788123885002278e+03
-4.092900597366320725e-01,-7.845402107146118631e+00,8.941234533382466765e+00,1.838215656025209217e-05,-5.818978275655848353e-01,-8.132618999661481718e-01,1.133464787968787277e+03
-4.297581784008276951e-01,-7.969877022087935359e+00,9.156120711420710379e+00,9.191077038984555423e-06,-2.865079298900422011e-01,-9.580778705437500431e-01,1.141209167397182000e+03
-6.752174210487590367e-01,-8.097669477745977673e+00,9.349039364632053761e+00,-0.000000000000000000e+00,8.052996570096617249e-03,-9.999675740974014460e-01,1.149885831480966999e+03
-1.124081594250945670e+00,-8.221724336807628930e+00,9.473515872382780145e+00,1.762733884621712002e-02,-5.484561255668120999e-02,-9.983392387903436971e-01,1.158562495564751998e+03
-1.757096665474116914e+00,-8.351161297087404733e+00,9.508442917683355589e+00,3.557685523914914938e-02,-1.189293923949961279e-01,-9.922651293862188027e-01,1.167239159648536997e+03
-2.550010169914004088e+00,-8.494853252626358042e+00,9.437821021747710759e+00,5.361193963805739593e-02,-1.833555400794721346e-01,-9.815836723633958316e-01,1.175915823732321996e+03
-2.559220550457444787e+00,-8.496546883086976365e+00,9.436395891306306183e+00,7.148259063158539373e-02,-2.472320060524651752e-01,-9.663159806294580045e-01,1.176002597172595415e+03
-3.588152008869237797e+00,-8.694663981556548293e+00,9.221659818955489030e+00,8.894215454689392841e-02,-3.096771568080812220e-01,-9.466727796318110677e-01,1.184679261256380414e+03
-4.702390398237169755e+00,-8.921121934130672670e+00,8.894885656750780356e+00,1.057640650896636281e-01,-3.698796086951790518e-01,-9.230401061748132463e-01,1.193355925340165413e+03
-5.862406083982795835e+00,-9.185930226769650986e+00,8.455413564846008256e+00,1.217559983774186977e-01,-4.271489943075989504e-01,-8.959459880601758908e-01,1.202032589423950412e+03
-6.657356356930826280e+00,-9.399098736622805816e+00,8.081003563357521458e+00,4.833298244722830095e-01,-1.849524202968178821e-01,-8.556780253120570556e-01,1.207929869767793889e+03
-7.807425871413426144e+00,-9.758806089358783353e+00,7.424228285045012754e+00,7.525796740679735475e-01,9.257295990790948004e-02,-6.519617176442427109e-01,1.216606533851578888e+03
-8.908696288578759948e+00,-1.015260260569780648e+01,6.670227935804079245e+00,7.904350785701167448e-01,6.601106587894142730e-02,-6.089785921913671851e-01,1.225283197935363887e+03
-9.927389962030506609e+00,-1.057285872976220986e+01,5.828621654400564012e+00,8.254077320009974850e-01,3.896785084228696072e-02,-5.631905384092514844e-01,1.233959862019148886e+03
-1.082935643846877838e+01,-1.101335083756133670e+01,4.909046795738112756e+00,8.570366848428452311e-01,1.176677867276365932e-02,-5.151210185512253847e-01,1.242636526102933885e+03
-1.158009425842620210e+01,-1.146927279161399227e+01,3.921156928139030828e+00,8.849815925240366310e-01,-1.526299297239307878e-02,-4.653757857249820606e-01,1.251313190186718884e+03
-1.172350627698169845e+01,-1.158890373019260167e+01,3.656842050555283663e+00,9.473400790141485173e-01,-3.263078450191913421e-02,-3.185624061251676742e-01,1.253503822420338793e+03
-1.209676794574789582e+01,-1.208087860417862558e+01,2.564102294440726126e+00,9.859871675685373260e-01,-4.958963264350902539e-02,-1.592801736703436666e-01,1.262180486504123792e+03
-1.227277264759061026e+01,-1.258771905757546250e+01,1.448564202876049256e+00,9.978974941898378637e-01,-6.481196714837766937e-02,1.999998986248770867e-06,1.270857150587908791e+03
-1.225526806373590460e+01,-1.291755108094373838e+01,7.416319284989748573e-01,9.957162906546347392e-01,5.521039475556912407e-02,7.416792322769445722e-02,1.276364922682093948e+03
-1.203356080226555491e+01,-1.344063460567428159e+01,-3.516623252534251121e-01,9.687724632548369019e-01,1.915554369040141924e-01,1.574370637164825837e-01,1.285041586765878947e+03
-1.163875161011629622e+01,-1.395139747966446464e+01,-1.406421332787527900e+00,9.099703999285312372e-01,3.352896146932360932e-01,2.439974293568894781e-01,1.293718250849663946e+03
-1.109021653221268977e+01,-1.443103892892047746e+01,-2.402649004405066790e+00,8.189942432884208534e-01,4.726620212873110516e-01,3.253291304095289327e-01,1.302394914933448945e+03
-1.040638223198052437e+01,-1.485996967403462676e+01,-3.320361453812518793e+00,7.046169070255777767e-01,5.904256959908171787e-01,3.935892679526048488e-01,1.311071579017233944e+03
-9.604713926476375008e+00,-1.521784187326709947e+01,-4.139591159104616835e+00,5.809138184588078513e-01,6.815548185619899613e-01,4.449968143914518337e-01,1.319748243101018943e+03
-8.866822512486683294e+00,-1.543413599748952869e+01,-4.712010167635751756e+00,4.606628713290466526e-01,7.464027915170405869e-01,4.802838658485700796e-01,1.326825654046477666e+03
-7.875694519823019490e+00,-1.559740995353285875e+01,-5.277117688770384341e+00,3.841056461882449424e-01,7.115637892516696317e-01,5.883364907874714111e-01,1.335502318130262665e+03
-6.820586532335995322e+00,-1.567028393705954237e+01,-5.683201215514102955e+00,2.946893967188365937e-01,6.598094185195456651e-01,6.912377960545756928e-01,1.344178982214047664e+03
-5.726992029363564107e+00,-1.567080066313385878e+01,-5.905951045695348789e+00,1.968339680372802325e-01,5.924212935075797715e-01,7.812127751294809519e-01,1.352855646297832664e+03
-4.621078557977813972e+00,-1.561591007394298991e+01,-5.921095687503838079e+00,9.685063367592972039e-02,5.137456710216024014e-01,8.524584096969977098e-01,1.361532310381617663e+03
-4.610001004036006655e+00,-1.561485461143324471e+01,-5.919790738783055950e+00,1.054999761094275968e-03,4.298939026501068517e-01,9.028787955422169498e-01,1.361619784419703819e+03
-3.529658862999273783e+00,-1.546983360725184298e+01,-5.640827820009507221e+00,-1.096068109413075517e-02,7.695595101247694192e-01,6.384810285720926570e-01,1.370296448503488818e+03
-2.482472084632839415e+00,-1.530733074447983810e+01,-5.134757172997718833e+00,-2.094399741621250435e-02,9.665308807624755083e-01,2.556939684559319526e-01,1.378973112587273818e+03
-1.488752687118863882e+00,-1.514867190606531544e+01,-4.406595810633215926e+00,-1.854629347472864787e-01,9.546480269419229669e-01,2.329176774974737740e-01,1.387649776671058817e+03
-6.837971728517137082e-01,-1.501846114662853360e+01,-3.592802733217671740e+00,-3.703580188608985302e-01,9.074783860813115943e-01,1.982874596657291100e-01,1.395205345963566742e+03
1.665452462269760292e-01,-1.485485001361007207e+01,-2.490567971937454494e+00,-5.557592346627879820e-01,8.173090542473031572e-01,1.521104300579381730e-01,1.403882010047351741e+03
9.449477899046078155e-01,-1.463850419831939931e+01,-1.273474349360335545e+00,-7.163533410395565015e-01,6.906579553180757225e-01,9.914373170967363813e-02,1.412558674131136740e+03
1.654942278826717406e+00,-1.432836937016493195e+01,3.826005373363733971e-03,-8.357384675072601077e-01,5.471482322039262769e-01,4.658353705693601271e-02,1.421235338214921740e+03
2.301552517149172861e+00,-1.389157427231096875e+01,1.287117830886688852e+00,-9.132739256631584590e-01,4.073459668436689718e-01,-0.000000000000000000e+00,1.429912002298706739e+03
2.890482866243252680e+00,-1.333064701176585665e+01,2.535654219848467061e+00,-9.211487520441018484e-01,3.736046631210446223e-01,-1.091078929399916103e-01,1.438588666382491738e+03
3.426265274833366181e+00,-1.269458746737462107e+01,3.734286445920822928e+00,-9.160740429654414818e-01,3.316014768983819305e-01,-2.254968033559730523e-01,1.447265330466276737e+03
3.910845749580561304e+00,-1.205162559038395820e+01,4.880446931589172088e+00,-8.955855760477688943e-01,2.819561706094185216e-01,-3.441325236452645320e-01,1.455941994550061736e+03
4.343323250361772914e+00,-1.147000653975218576e+01,5.971579013447121831e+00,-8.591523663429586621e-01,2.265391727980164138e-01,-4.588433442856996725e-01,1.464618658633846735e+03
4.719950043196964096e+00,-1.101790315821667221e+01,7.005137463275008969e+00,-8.086442884606842574e-01,1.681946649529960092e-01,-5.637419351274686186e-01,1.473295322717631734e+03
4.793911420126770295e+00,-1.095386785427073306e+01,7.235929025072795007e+00,-7.478804724849265062e-01,1.100536681139975687e-01,-6.546472248550183615e-01,1.475350588592802978e+03
5.033809699083440670e+00,-1.088205569223901747e+01,8.144877808721508572e+00,-6.814917678457799166e-01,5.479198133478598715e-02,-7.297717513989165905e-01,1.484027252676587977e+03
5.190372177944286847e+00,-1.099104072564567147e+01,8.972201577426671903e+00,-5.381392887467291164e-01,4.857975255568351691e-02,-8.414547602508367641e-01,1.492703916760372977e+03
5.248322984941487412e+00,-1.124861819187539957e+01,9.696996874095132668e+00,-3.640011280755698908e-01,4.009999996874850231e-02,-9.305348831517381569e-01,1.501380580844157976e+03
5.193611304868583467e+00,-1.162204540225754457e+01,1.029838154798837380e+01,-1.759103070903274835e-01,3.008316146102467739e-02,-9.839464249926906936e-01,1.510057244927942975e+03
5.013418777333244591e+00,-1.207807896482990095e+01,1.075549910601692538e+01,4.930999840504345956e-03,1.974099936146751430e-02,-9.997929676611969629e-01,1.518733909011727974e+03
4.707900215157647672e+00,-1.258590276058189339e+01,1.105612018232019622e+01,4.396453147761691591e-03,4.711787880480129698e-02,-9.988796607683307904e-01,1.527410573095512973e+03
4.301768291984600978e+00,-1.312069412433785764e+01,1.120524220847578611e+01,3.855722585427107628e-03,7.460544498746914110e-02,-9.972056763685042124e-01,1.536087237179297972e+03
4.263202384983173943e+00,-1.316543912013822037e+01,1.120613670740247869e+01,3.309977543632093306e-03,1.021414364123370416e-01,-9.947643796479069822e-01,1.536793681076719395e+03
3.742281863624687954e+00,-1.371872496960142485e+01,1.108636754068515806e+01,2.760435424194768606e-03,1.296625390375297782e-01,-9.915543383832324809e-01,1.545470345160504394e+03
3.198961841026641828e+00,-1.425658542699312825e+01,1.084350611878347159e+01,2.208348280593804436e-03,1.571051032873425068e-01,-9.875794194488588529e-01,1.554147009244289393e+03
2.672084285018815564e+00,-1.476152574908575410e+01,1.049124751306368530e+01,1.654988639906035310e-03,1.844058757634339518e-01,-9.828487849087075290e-01,1.562823673328074392e+03
2.201193912516054674e+00,-1.521764269071940845e+01,1.004330951451405873e+01,1.101634878513876219e-03,2.115027261729555685e-01,-9.773767867214783189e-01,1.571500337411859391e+03
1.826513776009631940e+00,-1.561064585480729860e+01,9.513429773886869611e+00,5.495565420442304451e-04,2.383353500649900425e-01,-9.711827628706173332e-01,1.580177001495644390e+03
1.648239155758087326e+00,-1.584810453950229103e+01,9.067424818175455314e+00,-0.000000000000000000e+00,2.648459289687286611e-01,-9.642907413787041859e-01,1.586639509500936583e+03
1.573005580620030930e+00,-1.608263473455212633e+01,8.413641384132521495e+00,-0.000000000000000000e+00,3.410860306261160879e-01,-9.400320844054846914e-01,1.595316173584721582e+03
1.621442185108010969e+00,-1.614771720754356465e+01,8.092454511873084400e+00,-5.894740860392580495e-02,3.318085110318015896e-01,-9.415032209322178325e-01,1.599338965808190324e+03
1.907709412258167037e+00,-1.619268632064225244e+01,7.379255226686002977e+00,-1.220214840755063229e-01,3.205279364856492008e-01,-9.393469004346917117e-01,1.608015629891975323e+03
2.364103081615232860e+00,-1.615362327469221526e+01,6.672288782978426980e+00,-1.888106942491799001e-01,3.070295892267883575e-01,-9.327825861777074845e-01,1.616692293975760322e+03
2.973149154549213691e+00,-1.604533992110815888e+01,6.004094469244853016e+00,-2.586249310191187645e-01,2.911542858609771356e-01,-9.210550075213426169e-01,1.625368958059545321e+03
3.716942267761537799e+00,-1.588189282667890545e+01,5.407203407921754135e+00,-3.304772848448779832e-01,2.728323347931974618e-01,-9.035193862296757583e-01,1.634045622143330320e+03
4.577157708435624528e+00,-1.567657084014083679e+01,4.914131771629815404e+00,-4.031063089493590601e-01,2.521156990758791072e-01,-8.797402900655992841e-01,1.642722286227115319e+03
5.455305566581617249e+00,-1.546053486807082500e+01,4.586528100692920162e+00,-4.750490892148166999e-01,2.291999423493148169e-01,-8.495856338611452729e-01,1.650675198696688540e+03
6.490800345813079630e+00,-1.520832691945353154e+01,4.380920504791818715e+00,-5.447629792055244113e-01,2.044274122491792356e-01,-8.132912944377466147e-01,1.659351862780473539e+03
7.578405371631542486e+00,-1.495876172409129268e+01,4.313994382536667338e+00,-6.107773917278882525e-01,1.782666192905693892e-01,-7.714739076603879253e-01,1.668028526864258538e+03
8.689265593136658694e+00,-1.473182407254628679e+01,4.358329819256000270e+00,-6.718438295098201340e-01,1.512694152263111547e-01,-7.250816731697675710e-01,1.676705190948043537e+03
9.793755479078861015e+00,-1.454630612940582957e+01,4.486483627399417529e+00,-7.270499972183981363e-01,1.240146926115620052e-01,-6.752915352358470624e-01,1.685381855031828536e+03
1.086149740974679467e+01,-1.441978411255589343e+01,4.670995074890722520e+00,-7.758747529719418612e-01,9.705142360618326802e-02,-6.233774048493747610e-01,1.694058519115613535e+03
1.186138034476555703e+01,-1.436859541377903682e+01,4.884391616234096567e+00,-8.181796250137324256e-01,7.085297779362349779e-02,-5.705803683532796322e-01,1.702735183199398534e+03
1.276157876330366570e+01,-1.440781616734843062e+01,5.099194625511483281e+00,-8.541503295882708624e-01,4.578970205253701797e-02,-5.180062911299323503e-01,1.711411847283183533e+03
1.343573476519311782e+01,-1.453228469472242068e+01,5.265449141681409984e+00,-8.842110626085196712e-01,2.212056573971189072e-02,-4.665634762088303189e-01,1.719019715874761914e+03
1.404207792080312345e+01,-1.478864114625101678e+01,5.404086784794093212e+00,-9.089340091093366381e-01,-0.000000000000000000e+00,-4.169400041785726874e-01,1.727696379958546913e+03
1.446256552044218147e+01,-1.515956571542275455e+01,5.464564630997514882e+00,-8.308709244474055122e-01,2.821526618951672449e-01,-4.796283793661351158e-01,1.736373044042331912e+03
1.469170672979874759e+01,-1.562074694377401762e+01,5.417833473827337265e+00,-6.783337829138916808e-01,5.390148274999209121e-01,-4.993258402015258723e-01,1.745049708126116911e+03
1.472435890333437847e+01,-1.601017149638361303e+01,5.288285859436698821e+00,-6.380133416600609619e-01,6.106891663124512926e-01,-4.690391433690427325e-01,1.751545912523394691e+03
1.458959709521113446e+01,-1.656720128177415674e+01,4.991589224747933429e+00,-5.888670363530259522e-01,6.829561488437416727e-01,-4.322111894124548992e-01,1.760222576607179690e+03
1.428497352045583391e+01,-1.714199955899443850e+01,4.586206922090412696e+00,-5.306741039504943025e-01,7.531946250355343597e-01,-3.886937769168948842e-01,1.768899240690964689e+03
1.382105448487562604e+01,-1.771476275714857351e+01,4.088231947013952094e+00,-4.640293555799002712e-01,8.184088345543841791e-01,-3.389450349001106866e-01,1.777575904774749688e+03
1.320904259673049985e+01,-1.826613375930417860e+01,3.513776574503855610e+00,-3.904636498047079907e-01,8.756804355849850952e-01,-2.841160201658420315e-01,1.786252568858534687e+03
1.246076980062856343e+01,-1.877722066639865872e+01,2.878969000852426685e+00,-3.123302306227737635e-01,9.227081794839018247e-01,-2.259633655100501681e-01,1.794929232942319686e+03
1.158869019704402348e+01,-1.922961539262093567e+01,2.199949983045307977e+00,-2.324487228503785419e-01,9.582367533053824937e-01,-1.665830599430428438e-01,1.803605897026104685e+03
1.122571165725953790e+01,-1.937151783265980498e+01,1.938043341820353760e+00,-1.536234882216153119e-01,9.822038557877375009e-01,-1.080528090441184308e-01,1.806808658367369162e+03
1.014056598928308262e+01,-1.967554093666110759e+01,1.209038186548668792e+00,-7.821494970640294198e-02,9.955734024687524775e-01,-5.211546737021679337e-02,1.815485322451154161e+03
8.964346215572199128e+00,-1.987798083287434991e+01,4.740935965469459945e-01,-7.894998689485590443e-03,9.999688340121870578e-01,-0.000000000000000000e+00,1.824161986534939160e+03
7.711258624062468314e+00,-1.996727729374232041e+01,-2.499899270699541820e-01,3.614756970708340317e-02,9.930021198038215813e-01,1.124283917406470878e-01,1.832838650618724159e+03
6.395231631244187476e+00,-1.994254901484095299e+01,-9.451330588246795728e-01,8.372579948388828019e-02,9.687347180832631688e-01,2.335445064242024082e-01,1.841515314702509158e+03
5.029788626400604201e+00,-1.980850634981868907e+01,-1.592621963591126510e+00,1.325436201324936836e-01,9.244885213088899212e-01,3.574257443585663885e-01,1.850191978786294158e+03
3.628197310354769112e+00,-1.957037005877041480e+01,-2.173752744094059608e+00,1.796624150753271532e-01,8.605838851202068929e-01,4.765677216101731895e-01,1.858868642870079157e+03
2.549374502056398040e+00,-1.931821861480654334e+01,-2.549856496764941749e+00,2.222707049055268058e-01,7.808338480112992919e-01,5.838614866050573227e-01,1.865431305243040697e+03
1.109600623041750111e+00,-1.889495931672430729e+01,-2.946843376927926972e+00,2.584661085833629968e-01,6.914836092746932117e-01,6.745707441167432261e-01,1.874107969326825696e+03
-3.308003459432043436e-01,-1.838445219178905177e+01,-3.226004094501317532e+00,2.875901640367310996e-01,5.992183417843525151e-01,7.471474261606854128e-01,1.882784633410610695e+03
-1.758339281822310696e+00,-1.779108280505814932e+01,-3.378545329085576032e+00,3.677591593124612257e-01,5.568491589486509463e-01,7.447631938542423891e-01,1.891461297494395694e+03
-3.157177524867723406e+00,-1.711440580914669596e+01,-3.415372387687327649e+00,4.583907268395541190e-01,5.010074818273418940e-01,7.340772743386972943e-01,1.900137961578180693e+03
-4.510161885751794664e+00,-1.635193020240911466e+01,-3.357250811758513809e+00,5.575020721888158670e-01,4.285987460164790153e-01,7.109814023012684947e-01,1.908814625661965692e+03
-5.800007612144581159e+00,-1.550184169655571509e+01,-3.224965927035577717e+00,6.600950677681324263e-01,3.376746337205553949e-01,6.710069621470954315e-01,1.917491289745750692e+03
-7.009308509216302774e+00,-1.456300678048354236e+01,-3.039318505117844182e+00,7.577797551382191577e-01,2.292129712901078142e-01,6.109265557290995963e-01,1.926167953829535691e+03
-8.120547110139332503e+00,-1.353497654270354467e+01,-2.821120422692735996e+00,8.403747446095967133e-01,1.085719359298317338e-01,5.310201722635435884e-01,1.934844617913320690e+03
-9.116104894639347478e+00,-1.241799025137424373e+01,-2.591190319205489256e+00,8.996398967902612398e-01,-1.508316898085680646e-02,4.363720363596903518e-01,1.943521281997105689e+03
-9.980835490255886455e+00,-1.121294713860841341e+01,-2.370359639054413492e+00,9.327637232710783710e-01,-1.318856967533743318e-01,3.354966460955339791e-01,1.952197946080890688e+03
-1.041273020061125898e+01,-1.044968272876899462e+01,-2.256053069204179362e+00,9.427179859309932075e-01,-2.347781736851784484e-01,2.369852488305209948e-01,1.957337763481349839e+03
-1.099994803560334944e+01,-9.079353475550629327e+00,-2.107558491188382011e+00,9.356652607844818670e-01,-3.209026814640718595e-01,1.468059562493157777e-01,1.966014427565134838e+03
-1.143349237028779797e+01,-7.626228411019276621e+00,-2.022214924512011347e+00,9.180108922964629325e-01,-3.907342788809985423e-01,6.769582655081439471e-02,1.974691091648919837e+03
-1.170564019405128420e+01,-6.092476720396312828e+00,-2.020856242481321896e+00,8.948040728383966913e-01,-4.464590363424367214e-01,-1.000000081401510065e-05,1.983367755732704836e+03
-1.181484069408766047e+01,-4.483976484952105324e+00,-2.114760137453751465e+00,9.852187484924046501e-01,-0.000000000000000000e+00,-1.713009562701261757e-01,1.992044419816489835e+03
-1.177214462217681579e+01,-2.813399082596959477e+00,-2.296107140003358360e+00,9.863860745156399767e-01,6.603314609903089549e-02,-1.506058950303415245e-01,2.000721083900274834e+03
-1.159524532894566384e+01,-1.096269261966500874e+00,-2.547520876852396920e+00,9.826392794693007415e-01,1.338180888977014982e-01,-1.285020059291694661e-01,2.009397747984059833e+03
-1.130232491461825894e+01,6.526414788064843764e-01,-2.851610322891789284e+00,9.736403777164963635e-01,2.023548494284155008e-01,-1.052469942225512795e-01,2.018074412067844833e+03
-1.091204239666613063e+01,2.419329258010005201e+00,-3.190973428921034305e+00,9.592802090046573804e-01,2.705417216129781810e-01,-8.117054563489470298e-02,2.026751076151629832e+03
-1.044352171332490542e+01,4.190571891953167594e+00,-3.548200751112904339e+00,9.397060247419093404e-01,3.372581138946430523e-01,-5.665290527401110193e-02,2.035427740235414831e+03
-1.038368215175662890e+01,4.395471708461855087e+00,-3.590060970250561923e+00,9.153164946746523700e-01,4.014543405160802547e-01,-3.209559249034132922e-02,2.036431931246835802e+03
-9.829162851372771570e+00,6.158362573692874875e+00,-3.946507484063999538e+00,8.867238582434465721e-01,4.622321468759272856e-01,-7.889335607472278133e-03,2.045108595330620801e+03
-9.238316595935032183e+00,7.900025787679561873e+00,-4.283976495072757018e+00,8.546910772170688286e-01,5.189020468802074681e-01,1.561500141073736588e-02,2.053785259414406028e+03
-8.629397172164029683e+00,9.606206153319250873e+00,-4.587009248246329385e+00,9.066582192485144187e-01,4.215127235683486240e-01,1.725970275252379157e-02,2.062461923498191027e+03
-8.016780922415229327e+00,1.125625423964328142e+01,-4.844054993166825973e+00,9.546952534442406657e-01,2.969802353154992747e-01,1.896609825418787282e-02,2.071138587581976026e+03
-7.413488607787949825e+00,1.282652039663144627e+01,-5.045522960821786640e+00,9.895628968237799583e-01,1.426288484915350929e-01,2.054956952609818949e-02,2.079815251665761025e+03
-6.833516224178226572e+00,1.429387763446028359e+01,-5.181833931738295540e+00,9.990556840718045617e-01,-3.762603684202951021e-02,2.172605521904587972e-02,2.088491915749546024e+03
-6.291827113331021515e+00,1.563575155849507858e+01,-5.243422233525317999e+00,9.729398806274776046e-01,-2.299893859843786248e-01,2.220069861779365439e-02,2.097168579833331023e+03
-5.989962948065168824e+00,1.638251230592391039e+01,-5.229921728723634367e+00,9.101579438511968601e-01,-4.136853743343516521e-01,2.183868829414376336e-02,2.102574989166561409e+03
-5.576649715081822833e+00,1.742038802214490900e+01,-5.117261990332904631e+00,8.209581595908144180e-01,-5.706107167758963650e-01,2.076319103030127219e-02,2.111251653250346408e+03
-5.245169515800257365e+00,1.828501054526805802e+01,-4.903912342804403579e+00,7.206679984488696400e-01,-6.930126895486987681e-01,1.926260979667697784e-02,2.119928317334131407e+03
-5.033770652947460178e+00,1.890932378717100093e+01,-4.610952706293528713e+00,6.219542126182666664e-01,-7.828553366699155802e-01,1.762042149963728016e-02,2.127724495732276409e+03
-4.906641416538987777e+00,1.944566806089573419e+01,-4.159575383832570417e+00,5.318800518051196580e-01,-8.466680824654753135e-01,1.602400156073783069e-02,2.136401159816061408e+03
-4.883450486612733066e+00,1.984068353971619558e+01,-3.576334461681573984e+00,5.239559577196376550e-01,-8.514769312904976184e-01,2.138199827459041219e-02,2.145077823899846408e+03
-4.929235786673581643e+00,2.012229269397712272e+01,-2.867299533624612540e+00,5.638504423698793566e-01,-8.247710615532579670e-01,-4.272440360734353765e-02,2.153754487983631407e+03
-4.934862908683027349e+00,2.013631797331640527e+01,-2.807319984667804746e+00,6.005809772033134930e-01,-7.923187340118105215e-01,-1.073941970286795139e-01,2.154387382205320137e+03
-5.017813583856671755e+00,2.025360993758887318e+01,-1.884741936377115401e+00,6.333570144824947068e-01,-7.546493978806743108e-01,-1.713568746334873938e-01,2.163064046289105136e+03
-5.070446688311054828e+00,2.031310953261718666e+01,-8.857838937568630611e-01,6.616183103556286804e-01,-7.125963342686860713e-01,-2.333831094766582459e-01,2.171740710372890135e+03
-5.068696641728313246e+00,2.031519452238586965e+01,-7.538297709346011288e-01,5.891053436654811737e-01,-7.827276464005958889e-01,-2.007294836962401630e-01,2.172833140906843255e+03
-4.967751118495027818e+00,2.029064691721427494e+01,3.231236572130347096e-01,5.044018032363247750e-01,-8.478699593019084491e-01,-1.633871261921327478e-01,2.181509804990628254e+03
-4.761507210094311660e+00,2.021730641048943866e+01,1.400655185561100247e+00,4.092578832783929088e-01,-9.041923714159508796e-01,-1.222462287667326342e-01,2.190186469074413253e+03
-4.450710686976272257e+00,2.008415456836619839e+01,2.448797531692266993e+00,3.069433832589811284e-01,-9.484614162751080491e-01,-7.878262061486872303e-02,2.198863133158198252e+03
-4.078129831222002899e+00,1.987813983962428566e+01,3.450101757571859107e+00,2.017606653163663832e-01,-9.788155728253095100e-01,-3.482396194803513007e-02,2.207539797241983251e+03
-3.812194679288813504e+00,1.967440527963417907e+01,4.115114019560147440e+00,9.818418093690985116e-02,-9.951375684126270160e-01,7.815788351290721067e-03,2.213652121309497488e+03
-3.483431953335304865e+00,1.929346177778899118e+01,4.992166155449623055e+00,-0.000000000000000000e+00,-9.988629009158016547e-01,4.767499527078373350e-02,2.222328785393282487e+03
-3.252851776842780485e+00,1.881505222260563670e+01,5.789576868621128192e+00,0.000000000000000000e+00,-9.999507178327999846e-01,9.927834893269206831e-03,2.231005449477067486e+03
-3.244488943354880028e+00,1.877160928487433367e+01,5.843114183949060347e+00,0.000000000000000000e+00,-9.996110688694266333e-01,-2.788747019223184950e-02,2.231662615805189489e+03
-3.266796699872558385e+00,1.810608932918688652e+01,6.448797960478612978e+00,0.000000000000000000e+00,-9.978454066689848023e-01,-6.560902673876747859e-02,2.240339279888974488e+03
-3.434898079108652968e+00,1.735871965338436951e+01,6.941258910477828614e+00,-0.000000000000000000e+00,2.192499163315072760e-02,-9.997596184793053897e-01,2.249015943972759487e+03
-3.738878616764251817e+00,1.655398729760390353e+01,7.316829443746176942e+00,1.398377368196508652e-01,2.150796783705260368e-02,-9.899408137260925500e-01,2.257692608056544486e+03
-4.157306248534567317e+00,1.572212259841271909e+01,7.577224236732930329e+00,3.095123469756815848e-01,2.040216168291382123e-02,-9.506765269366176385e-01,2.266369272140329485e+03
-4.667645784129612174e+00,1.489244378810254332e+01,7.724181930107397065e+00,4.991412286588685077e-01,1.827886162290179653e-02,-8.663278346392236928e-01,2.275045936224114485e+03
-5.246273220376811430e+00,1.409332378461851043e+01,7.759464763015100353e+00,6.835149294679299103e-01,1.501844459513146726e-02,-7.297820136975107230e-01,2.283722600307899484e+03
-5.430743525238203695e+00,1.387032044351352056e+01,7.737315248983853699e+00,8.319022476902827590e-01,1.096731960944363239e-02,-5.548138139848716177e-01,2.286302034248829841e+03
-6.076457691357482815e+00,1.318656874925541445e+01,7.554189157822622569e+00,9.285374270422751541e-01,6.800723388927154209e-03,-3.711765034900499916e-01,2.294978698332614840e+03
-6.731431718133183750e+00,1.259510712504364705e+01,7.263533076395203736e+00,9.788646562594698342e-01,3.072568398680251486e-03,-2.044860485447973220e-01,2.303655362416399839e+03
-7.366185565433294613e+00,1.211716414757691851e+01,6.856057364770705043e+00,9.978441582980097646e-01,-0.000000000000000000e+00,-6.562801041122839907e-02,2.312332026500184838e+03
-7.590281577094214249e+00,1.197986954646618329e+01,6.646570766620216730e+00,9.978441582980097646e-01,-0.000000000000000000e+00,-6.562801041122839907e-02,2.315663338849083175e+03
-8.104582690201636908e+00,1.174524174367221896e+01,5.948544415220114345e+00,9.989604319928753196e-01,0.000000000000000000e+00,-4.558569197246110927e-02,2.324340002932868174e+03
-8.122864179212912816e+00,1.174048381836509591e+01,5.912821153572502375e+00,9.996741839895506576e-01,-0.000000000000000000e+00,-2.552500469786478376e-02,2.324706374150830470e+03
-8.452122169658387918e+00,1.174835260285461480e+01,4.960773851443859961e+00,9.999384992169884079e-01,0.000000000000000000e+00,1.109043658640313131e-02,2.333027701794162112e+03
-8.664902510453639906e+00,1.185916441419476186e+01,3.991510300290070923e+00,9.988621365819206899e-01,-0.000000000000000000e+00,4.769100652114944411e-02,2.340429736949079143e+03
-8.816619848298014261e+00,1.210359172605178379e+01,2.735285710192331798e+00,9.919139009520260286e-01,0.000000000000000000e+00,-1.269126199325116833e-01,2.349106401032864142e+03
-8.848678683843404613e+00,1.231137940094677141e+01,1.931176716164987317e+00,9.546778813502535543e-01,-0.000000000000000000e+00,-2.976409630084392854e-01,2.354278342309909476e+03
-8.817478878999969183e+00,1.262047006898008306e+01,9.367885331239099722e-01,9.969805276980340247e-01,-7.765196321375004984e-02,-0.000000000000000000e+00,2.360360353966545063e+03
-8.670384919769889009e+00,1.313241160313111600e+01,-5.306701107679970830e-01,9.706560712849845451e-01,-0.000000000000000000e+00,-2.404720176602656301e-01,2.369037018050330062e+03
-8.415552411005485567e+00,1.367874528036986703e+01,-2.024768556025354105e+00,9.955217309239521306e-01,9.453297444901666291e-02,0.000000000000000000e+00,2.377713682134115061e+03
-8.049915788772061376e+00,1.421672284117807372e+01,-3.522646264760916246e+00,9.913258471017681872e-01,-1.258018092552051215e-01,3.803905435311018268e-02,2.386390346217900060e+03
-7.572045670158490616e+00,1.470350266899208691e+01,-5.001441888135824243e+00,9.331821423794236514e-01,-3.512594603182638830e-01,7.607812222361422239e-02,2.395067010301685059e+03
-7.024059736109512286e+00,1.506948477445254042e+01,-6.337094886415215456e+00,8.300571737762227897e-01,-5.470711145318115642e-01,1.082510226628410899e-01,2.403130164613318811e+03
-6.328969500620465816e+00,1.533400629001341287e+01,-7.710743683664663450e+00,6.907856691227955981e-01,-6.593364544538680150e-01,2.968006050579647948e-01,2.411806828697103811e+03
-5.545273221509549266e+00,1.544208890028358105e+01,-8.998070432409482677e+00,5.048509599221557842e-01,-7.270629422817470600e-01,4.653009630618518688e-01,2.420483492780888810e+03
-5.021757874875457439e+00,1.540573802263270942e+01,-9.723700244951924532e+00,4.499652461081488641e-01,-6.688521155483698744e-01,5.917500526584709153e-01,2.425813156632938899e+03
-4.119170831157673796e+00,1.518260284235229740e+01,-1.078405730666373685e+01,3.765987842837856814e-01,-5.859506669427955172e-01,7.175201541317621778e-01,2.434489820716723898e+03
-3.186627360054934410e+00,1.480681804724039807e+01,-1.170834471090370599e+01,2.870061193494547469e-01,-4.797736804068185035e-01,8.291228515997267623e-01,2.443166484800508897e+03
-2.244944702101341782e+00,1.429550587489591429e+01,-1.248011108598511676e+01,1.882994064648988997e-01,-3.583612020744876836e-01,9.143962939408137869e-01,2.451843148884293896e+03
-1.314211496092204001e+00,1.366657387424053738e+01,-1.308293677271447208e+01,8.999306173010429566e-02,-2.337690150717141313e-01,9.681184309953210221e-01,2.460519812968078895e+03
-8.080888345493354441e-01,1.326089983297607944e+01,-1.331747501304719172e+01,-0.000000000000000000e+00,-1.168710120231059857e-01,9.931471021700133406e-01,2.465369066212374946e+03
5.813480801712973822e-02,1.245472253353624836e+01,-1.354347370928930161e+01,0.000000000000000000e+00,-5.853587414993770277e-02,9.982853056303606643e-01,2.474045730296159945e+03
1.617475949684420988e-01,1.234523716292788720e+01,-1.354699860173221992e+01,-0.000000000000000000e+00,-0.000000000000000000e+00,1.000000000000000000e+00,2.475142349573290630e+03
8.946134214587379008e-01,1.146937918374247012e+01,-1.338157888019318165e+01,-1.161849634762168182e-01,1.341999578130421327e-03,9.932266877703008756e-01,2.483466312374177505e+03
1.581853847476581088e+00,1.051794626955060608e+01,-1.300881060711376769e+01,-1.939374872508229652e-01,1.317914694654059027e-01,9.721210107877443773e-01,2.492142976457962504e+03
2.178983314516317993e+00,9.547948989711432688e+00,-1.244229465346393404e+01,-2.761204401501788364e-01,2.751358847526831353e-01,9.209005089870619942e-01,2.500819640541747503e+03
2.675417806320367742e+00,8.580368201379695137e+00,-1.169083195897171734e+01,-3.547485659519713508e-01,4.191051981431454521e-01,8.357656895592296964e-01,2.509496304625532503e+03
3.061340359451803828e+00,7.636606160758043771e+00,-1.076326193696715805e+01,-4.212593838631530918e-01,5.487589535305390509e-01,7.220831963335696546e-01,2.518172968709317502e+03
3.296083529406832469e+00,6.848922284259497673e+00,-9.803200732934831407e+00,-4.705058402148554753e-01,6.531917262355563247e-01,5.932662329014918301e-01,2.525780380867860003e+03
3.437888113568779769e+00,6.016754479536408518e+00,-8.549123975330950032e+00,-5.024140418229562366e-01,7.294800607248406177e-01,4.641540386380403893e-01,2.534457044951645003e+03
3.449566496062429710e+00,5.269128814897167778e+00,-7.147763448141356335e+00,-7.217110470173111469e-01,5.166590336587871812e-01,4.606480300098381719e-01,2.543133709035430002e+03
3.356127421248742415e+00,4.727598777362748805e+00,-5.873656361790705382e+00,-6.534602406939907793e-01,7.148493782734998137e-01,2.489579888538275276e-01,2.550354779863506792e+03
3.129101973764917055e+00,4.182550387917181922e+00,-4.233083290824819045e+00,-5.272147525879280483e-01,8.495966013001260420e-01,1.517299287959681178e-02,2.559031443947291791e+03
2.800343923844614835e+00,3.749540906094694481e+00,-2.505812735911972400e+00,-2.741344753364116094e-01,9.611296188353189995e-01,3.286556297257962889e-02,2.567708108031076790e+03
2.522711260003166700e+00,3.531329836875828576e+00,-1.290992844003145512e+00,-0.000000000000000000e+00,9.988457019085286159e-01,4.803398566493159022e-02,2.573602673824100748e+03
2.057616066677075306e+00,3.319669822824102834e+00,5.355302048389291025e-01,0.000000000000000000e+00,9.988457019085286159e-01,4.803398566493159022e-02,2.582279337907885747e+03
1.561933943220015664e+00,3.215089083273377391e+00,2.381064126459526253e+00,0.000000000000000000e+00,9.988457019085286159e-01,4.803398566493159022e-02,2.590956001991670746e+03
1.064770878760599837e+00,3.212121377282436185e+00,4.226659417782770767e+00,-0.000000000000000000e+00,9.988457019085286159e-01,4.803398566493159022e-02,2.599632666075455745e+03
1.029846539771612557e+00,3.218630641768286171e+00,4.360697426463134185e+00,-0.000000000000000000e+00,9.988457019085286159e-01,4.803398566493159022e-02,2.600267624125338443e+03
5.831243142765382137e-01,3.395322090363257939e+00,6.167046808524960788e+00,0.000000000000000000e+00,9.997433363837439080e-01,2.265527215241939368e-02,2.608944288209123442e+03
1.760417160262524039e-01,3.657907793755224901e+00,7.929823834287789808e+00,0.000000000000000000e+00,9.999961151803579140e-01,-2.787404562014845089e-03,2.617620952292908441e+03
1.474411465630834084e-01,3.684546061736148737e+00,8.064011969544161218e+00,0.000000000000000000e+00,9.996010369855873323e-01,-2.824476690182665256e-02,2.618304636174612369e+03
-1.688260725126590200e-01,4.091285098244973994e+00,9.693237165899606822e+00,0.000000000000000000e+00,9.985588690201211426e-01,-5.366735601142125917e-02,2.626981300258397368e+03
-4.355307204084643002e-01,4.558199123698812194e+00,1.122512916252554938e+01,-0.000000000000000000e+00,9.968741396062517079e-01,-7.900601106431859311e-02,2.635657964342182368e+03
-5.587735460121415754e-01,4.843541879114575899e+00,1.201398160177796903e+01,-0.000000000000000000e+00,9.968741396062517079e-01,-7.900601106431859311e-02,2.640509090032692711e+03
-7.339857892981839216e-01,5.377554141046581471e+00,1.328723256815426623e+01,0.000000000000000000e+00,9.709496716540444439e-01,-2.392837961812360470e-01,2.649185754116477710e+03
-8.635403003132654520e-01,5.909396007128405515e+00,1.440635817932589013e+01,0.000000000000000000e+00,9.013443287237064006e-01,-4.331032221972161422e-01,2.657862418200262709e+03
-9.506218753994887249e-01,6.409165075988064508e+00,1.535325361189594595e+01,0.000000000000000000e+00,7.688741960914853291e-01,-6.394000864753397462e-01,2.666539082284047709e+03
-9.995935621343744470e-01,6.847099099834452751e+00,1.610984983995413700e+01,0.000000000000000000e+00,5.766556260507236242e-01,-8.169873248368347829e-01,2.675215746367832708e+03
-1.015994442070757842e+00,7.193611924163175964e+00,1.665811739673517167e+01,0.000000000000000000e+00,3.605376968161668194e-01,-9.327446430693097090e-01,2.683892410451617707e+03
-1.006536987236898550e+00,7.419329370020332881e+00,1.698007013013479494e+01,0.000000000000000000e+00,1.618249243736504805e-01,-9.868194839237125482e-01,2.692569074535402706e+03
-9.936065627768737585e-01,7.456522195161215727e+00,1.701768997002261585e+01,-0.000000000000000000e+00,-0.000000000000000000e+00,-1.000000000000000000e+00,2.696615665404746323e+03
-9.524903626840198756e-01,7.383618935732854993e+00,1.685335324093507481e+01,-1.652864741847628882e-02,-5.778766304775980606e-02,-9.981920605845321370e-01,2.705292329488531323e+03
-8.995854812214862939e-01,7.176611503549834126e+00,1.645619516421607997e+01,-3.452458122426809578e-02,-1.207052710449152549e-01,-9.920878443128221535e-01,2.713968993572316322e+03
-8.344790358744376135e-01,6.864955251662162361e+00,1.584604280358323791e+01,-5.392649949932545178e-02,-1.885384994617717302e-01,-9.805840947478460246e-01,2.722645657656101321e+03
-7.555414285969943577e-01,6.478020475687458202e+00,1.504276750760221049e+01,-7.457022839736605901e-02,-2.607133616513873653e-01,-9.625319860104377678e-01,2.731322321739886320e+03
-6.599283149403253335e-01,6.045055074421979313e+00,1.406628076806968863e+01,-9.616602227248860491e-02,-3.362168452763955040e-01,-9.368619584083215379e-01,2.739998985823671319e+03
-5.435830190782483529e-01,5.595147263289285355e+00,1.293653007215940143e+01,-1.182898832105487991e-01,-4.135665635464446654e-01,-9.027569999985706195e-01,2.748675649907456318e+03
-4.534391447519204865e-01,5.318630880374088044e+00,1.214207293943207233e+01,-1.403992344510728296e-01,-4.908655528311803851e-01,-8.598482796454802735e-01,2.754126479035926423e+03
-2.776530759259829839e-01,4.911473263225225594e+00,1.075885275257046914e+01,-1.618789907484863844e-01,-5.659633444311997774e-01,-8.083815220021438597e-01,2.762803143119711422e+03
-6.521626756921886092e-02,4.557436374498366582e+00,9.277849446844237846e+00,-1.821138563513283737e-01,-6.367087336737961012e-01,-7.492906857744586757e-01,2.771479807203496421e+03
1.899814833455794050e-01,4.269552702060810390e+00,7.727831421045763705e+00,-2.005703081789590447e-01,-7.012364105168569228e-01,-6.841337939631629839e-01,2.780156471287281420e+03
4.938760187100763588e-01,4.055565397372079772e+00,6.140488365617388311e+00,-2.168647393088770081e-01,-7.582052036582760390e-01,-6.148939371875485893e-01,2.788833135371066419e+03
5.498305851476310568e-01,4.035091324904637844e+00,5.891244673773221585e+00,-2.307983874066597274e-01,-8.069201977479106835e-01,-5.437020312974361058e-01,2.790185295074792521e+03
9.683219931451655382e-01,3.990238272876670322e+00,4.298140281564266196e+00,-2.423531585147508105e-01,-8.473181324659055935e-01,-4.725642061692930662e-01,2.798861959158577520e+03
1.445670559929317589e+00,4.031262329745669781e+00,2.736349447505850740e+00,-2.516568988117373618e-01,-8.798459852147716420e-01,-4.031623092278180387e-01,2.807538623242362519e+03
1.972592850244628604e+00,4.156711551315133590e+00,1.238472523722482066e+00,-2.589342483281781293e-01,-9.052891452683137219e-01,-3.367560222209652343e-01,2.816215287326147518e+03
2.534368552435844801e+00,4.362714040379012559e+00,-1.626006328331519590e-01,-2.644582389267366995e-01,-9.246021900266926385e-01,-2.741762755265538254e-01,2.824891951409932517e+03
2.648586153954143541e+00,4.419283633781396325e+00,-4.132354218785771471e-01,-2.685118741471714809e-01,-9.387745599917729500e-01,-2.158788988165044054e-01,2.826593048671430552e+03
3.243562312666433023e+00,4.788603908066662029e+00,-1.549328323443924127e+00,-7.217110470173111469e-01,5.166590336587871812e-01,4.606480300098381719e-01,2.835269712755215551e+03
3.843450839227719573e+00,5.228917212125514524e+00,-2.516386384630885154e+00,-7.750329398832797034e-01,4.729388457526654821e-01,4.191095206196311929e-01,2.843946376839000550e+03
4.436952900268992472e+00,5.729097121733307318e+00,-3.281332076102811079e+00,-8.257967098226209890e-01,4.235406449034321286e-01,3.723883942349958676e-01,2.852623040922785549e+03
5.013574963051462774e+00,6.275428156982612471e+00,-3.811034230506072262e+00,-8.722872889287140996e-01,3.689261979186241880e-01,3.209491331390414426e-01,2.861299705006570548e+03
5.542928818093183274e+00,6.834692459841567036e+00,-4.063551449538572058e+00,-9.128747691579027768e-01,3.099845912112057511e-01,2.656486571517487350e-01,2.869672712387742195e+03
6.053477089198329608e+00,7.433376716677838836e+00,-4.043569374774833136e+00,-9.462382868221278498e-01,2.479876732336124545e-01,2.076901983149501141e-01,2.878349376471527194e+03
6.518541832675596837e+00,8.034145926592520581e+00,-3.765696159092544182e+00,-9.715557370779075441e-01,1.844630995402174456e-01,1.485019011966497993e-01,2.887026040555312193e+03
6.931013043308859700e+00,8.618803654409484594e+00,-3.272290934199565626e+00,-9.886021039891569329e-01,1.210116134445721192e-01,8.956600582672760713e-02,2.895702704639097192e+03
7.282983801387456602e+00,9.169456414045777493e+00,-2.605757784290015699e+00,-9.977301478460934847e-01,5.911735612063461626e-02,3.224422869783519913e-02,2.904379368722882191e+03
7.548557369068325862e+00,9.639040134708906749e+00,-1.855762001826909646e+00,-9.997500733636626169e-01,-0.000000000000000000e+00,-2.235600164052817251e-02,2.912535634723868952e+03
7.757739966930422781e+00,1.007728177731720187e+01,-9.727350487538670709e-01,-9.997500733636626169e-01,-0.000000000000000000e+00,-2.235600164052817251e-02,2.921212298807653951e+03
7.900164188650908415e+00,1.045660474534778039e+01,-6.120138689550353589e-02,-9.999428783991930469e-01,0.000000000000000000e+00,-1.068830850680353543e-02,2.929888962891438950e+03
7.982941280327581879e+00,1.077011607322408082e+01,7.765359056849255870e-01,-9.999995127131530159e-01,0.000000000000000000e+00,9.872048706680723509e-04,2.938163058196540987e+03
8.025608979398770160e+00,1.105606945098386973e+01,1.561181221566225741e+00,-9.999197859387677356e-01,0.000000000000000000e+00,1.266576836077112043e-02,2.946839722280325987e+03
8.029699220398677895e+00,1.120561191230327225e+01,1.940221716205389413e+00,-9.997036749064491801e-01,0.000000000000000000e+00,2.434260418567885456e-02,2.952012313799725689e+03
8.007216780155625102e+00,1.143070672506347663e+01,2.378256570495457467e+00,-9.993513238051594527e-01,0.000000000000000000e+00,3.601293668774190743e-02,2.960688977883510688e+03
8.001166109854088049e+00,1.145648530194063142e+01,2.403217089129625172e+00,-9.988630437736756296e-01,-0.000000000000000000e+00,4.767200208915402942e-02,2.961763015716904647e+03
7.929919084875360902e+00,1.165659556817223397e+01,2.356770424538778386e+00,-9.996744391065939261e-01,-0.000000000000000000e+00,-2.551501120745837750e-02,2.970439679800689646e+03
7.845537934190575768e+00,1.186249243150695776e+01,2.075851123620276795e+00,-5.759869306367779718e-01,0.000000000000000000e+00,-8.174589015575176587e-01,2.979116343884474645e+03
7.841818663023512492e+00,1.187128619277686603e+01,2.056817620730844620e+00,-9.546716665785920375e-01,-0.000000000000000000e+00,-2.976608960412061022e-01,2.979457466509550159e+03
7.732622468725876885e+00,1.212165499027473992e+01,1.388065222744957250e+00,-9.987431906494813605e-01,0.000000000000000000e+00,-5.012024672020055222e-02,2.988134130593335158e+03
7.593657149707026655e+00,1.241310268609827538e+01,5.573147690478607030e-01,-9.796755043347733505e-01,-0.000000000000000000e+00,2.005888985123733259e-01,2.996810794677120157e+03
7.541049291025577972e+00,1.250794029364112170e+01,2.956900722028939499e-01,-9.448310465699659710e-01,-4.086453514449040619e-02,3.249990510831185508e-01,2.999193198802010102e+03
7.282417853147922671e+00,1.291544803135857045e+01,-7.475986862553969381e-01,-8.869899270226260235e-01,-8.460909760979222483e-02,4.539715519303531011e-01,3.007869862885795101e+03
6.942186775935478948e+00,1.339401479999086853e+01,-1.840189193491847952e+00,-8.055412657604944515e-01,-1.284584316851885011e-01,5.784476644312450677e-01,3.016546526969580100e+03
6.838866164624494814e+00,1.352302329544639825e+01,-2.097336761931730020e+00,-7.047185512648576067e-01,-1.692182252594508496e-01,6.890115788164972166e-01,3.018571090606137659e+03
6.290949052758100457e+00,1.414822172219217578e+01,-3.183323733205543515e+00,-5.926969990548285327e-01,-2.043227434112172836e-01,7.790779703189626426e-01,3.027247754689922658e+03
5.648881513031673407e+00,1.483845726799004083e+01,-4.224634973717892095e+00,-4.786749718132251585e-01,-2.325609863056467275e-01,8.466319501460791708e-01,3.035924418773707657e+03
4.982183573145073652e+00,1.552164827322449625e+01,-5.111251912110149398e+00,-7.270136559394146936e-01,2.249118935600217251e-01,6.487416929817689804e-01,3.043893520388696743e+03
4.193100416841365252e+00,1.631447975411463602e+01,-5.976767266730808714e+00,-5.846040118941335795e-01,1.862610081223879110e-01,7.896486472669446144e-01,3.052570184472481742e+03
3.367805859018658587e+00,1.715463340122495595e+01,-6.721681501511133305e+00,-3.998269331308922370e-01,1.347830783792140497e-01,9.066266846534838386e-01,3.061246848556266741e+03
2.532960078400783299e+00,1.803869955638206335e+01,-7.324832139007239284e+00,-1.948680150196524796e-01,7.650177956793687006e-02,9.778414669286833449e-01,3.069923512640051740e+03
1.715046139499946554e+00,1.896219561247372454e+01,-7.765086222618156064e+00,-0.000000000000000000e+00,2.016699244647456035e-02,9.997966255272439096e-01,3.078600176723836739e+03
9.718042433466224095e-01,1.986770333333191729e+01,-8.013578637518511627e+00,0.000000000000000000e+00,-4.263797859018607639e-01,9.045442378205078571e-01,3.086846896479906263e+03
2.311402204873707344e-01,2.083033754857612152e+01,-8.090652519630021189e+00,0.000000000000000000e+00,-8.796572955359955870e-01,4.756080764771535851e-01,3.095523560563691262e+03
-4.699640923269066684e-01,2.177899675855289630e+01,-7.982956162467821137e+00,-0.000000000000000000e+00,-9.993875579744787574e-01,3.499298452272885107e-02,3.104200224647476261e+03
-1.134752462283566077e+00,2.268920004737633178e+01,-7.690149365304614015e+00,-0.000000000000000000e+00,-2.786299307168652734e-02,9.996117514400715276e-01,3.112876888731261261e+03
-1.543564195408471340e+00,2.323740344719412576e+01,-7.384239505402840464e+00,6.037884616498503249e-02,-7.540071315876367697e-02,9.953236294748231128e-01,3.118472596435692594e+03
-2.145356364315124331e+00,2.401738600371147569e+01,-6.741211403543051262e+00,1.364694922306926850e-01,-1.350710368444876519e-01,9.813928330164490843e-01,3.127149260519477593e+03
-2.708365873588250761e+00,2.472337466821940311e+01,-5.949927652009018075e+00,2.320377631175732092e-01,-2.096242238396698876e-01,9.498505994455174184e-01,3.135825924603262592e+03
-3.228585860204269409e+00,2.534840941035887951e+01,-5.033020335480057561e+00,3.488935298105719229e-01,-3.001294319681198641e-01,8.878038234445788657e-01,3.144502588687047592e+03
-3.702257274513038432e+00,2.588533423592590665e+01,-4.013147698627942184e+00,4.819474053591840113e-01,-4.021022434174153504e-01,7.784860206235125757e-01,3.153179252770832591e+03
-4.125872220603248763e+00,2.632680468100192073e+01,-2.912989426118679948e+00,6.132459069922155948e-01,-5.010578816135672353e-01,6.106311954283200061e-01,3.161855916854617590e+03
-4.496177209122958374e+00,2.666529538540548927e+01,-1.755241919248005100e+00,7.154537191462991830e-01,-5.757423365458584907e-01,3.957862272344049859e-01,3.170532580938402589e+03
-4.810176321866837412e+00,2.689310774340222210e+01,-5.626135698856487011e-01,7.711163115390771150e-01,-6.134013731527752089e-01,1.706411131370708101e-01,3.179209245022187588e+03
-5.065134287439501115e+00,2.700237762957986121e+01,6.421799675409034514e-01,7.850110852927529859e-01,-6.188056644320469868e-01,-2.893346910252804841e-02,3.187885909105972587e+03
-5.258579467469779445e+00,2.698508319774147068e+01,1.836420505172994933e+00,7.734599080745160338e-01,-6.052477498253504562e-01,-1.882416848966015355e-01,3.196562573189757586e+03
-5.382290871546856259e+00,2.684006739949226628e+01,2.944184738756088660e+00,7.505828847535910286e-01,-5.838109028554018254e-01,-3.094998591633572604e-01,3.204839683736362986e+03
-5.446359500620178373e+00,2.654518874392789130e+01,4.050236357821203725e+00,7.245467798380157420e-01,-5.607160125725629829e-01,-4.007861238504739076e-01,3.213516347820147985e+03
-5.443314804540124285e+00,2.609914347139981317e+01,5.078657673855569321e+00,6.991543924193900361e-01,-5.387433023843093416e-01,-4.700412638234244267e-01,3.222193011903932984e+03
-5.379221411847600720e+00,2.550037177465105742e+01,6.009543346916675688e+00,7.062252817933025728e-01,-4.812062718198142908e-01,-5.193133690915775480e-01,3.230869675987717983e+03
-5.274972712693854149e+00,2.476160975517791130e+01,6.828561026007762713e+00,7.092478043464981452e-01,-4.179694162999207929e-01,-5.676875188583723197e-01,3.239546340071502982e+03
-5.158248720314388081e+00,2.390348382162944318e+01,7.524177989385593790e+00,7.076348859565440019e-01,-3.497343458784052950e-01,-6.139533821800097213e-01,3.248223004155287981e+03
-5.055845959416801705e+00,2.294768446796528849e+01,8.084887201649870292e+00,7.010207736810688539e-01,-2.775871784246975449e-01,-6.568981909259689056e-01,3.256899668239072980e+03
-4.993661824054425047e+00,2.191693889710746035e+01,8.499209708329791724e+00,6.893330785465510147e-01,-2.029324997432664091e-01,-6.954410883529127396e-01,3.265576332322857979e+03
-4.993553587028843666e+00,2.102841189653397791e+01,8.710134469306469285e+00,6.728214065218162121e-01,-1.273646509898841706e-01,-7.287589454711549397e-01,3.272694965269143722e+03
-5.077494602397553791e+00,1.991562344344737667e+01,8.799599555377410454e+00,6.520313823149691546e-01,-5.250180813509754130e-02,-7.563720226310435280e-01,3.281371629352928721e+03
-5.269870501865385748e+00,1.879752729777831988e+01,8.710478504048914772e+00,6.277301355225913815e-01,2.017837814074316741e-02,-7.781694609867431112e-01,3.290048293436713720e+03
-5.575346649943607069e+00,1.769784572608973150e+01,8.440755745811186372e+00,6.008041548521840802e-01,8.946502305885221940e-02,-7.943742047432255093e-01,3.298724957520498720e+03
-5.754588289444305005e+00,1.720469543073025420e+01,8.239619369065378507e+00,6.549647737445472018e-01,1.228693668977566822e-01,-7.456032885066283811e-01,3.302734939361821034e+03
-6.190544146741136622e+00,1.618006368375638004e+01,7.664723874941595128e+00,7.052257926462793813e-01,1.556930182461277457e-01,-6.916764167266641339e-01,3.311411603445606033e+03
-6.641387675879696140e+00,1.520964474906211450e+01,6.984596688390778851e+00,7.506148534068098899e-01,1.873009634205936302e-01,-6.336368762523141296e-01,3.320088267529391032e+03
-6.665396249657008276e+00,1.515756796280800778e+01,6.941695589991510040e+00,7.348826865409293640e-01,1.671841678133076936e-01,-6.572647039473198394e-01,3.320583158233141148e+03
-7.037089434209256922e+00,1.430907958601518004e+01,6.138995099200866612e+00,7.181122192583382358e-01,1.466870509172146786e-01,-6.802924001082730765e-01,3.329259822316926147e+03
-7.348073949297907248e+00,1.354322648010774977e+01,5.314754789511366262e+00,7.003439197092963253e-01,1.258791869382341888e-01,-7.026185483048307256e-01,3.337936486400711146e+03
-7.570510102269981445e+00,1.287776383819250370e+01,4.510156552990956413e+00,6.816302229196783413e-01,1.048349558317645674e-01,-7.241476860684025185e-01,3.346613150484496146e+03
-7.675757491356073992e+00,1.232933290429322781e+01,3.766378123730183436e+00,6.620348349370606122e-01,8.363225032858427610e-02,-7.447922690487838171e-01,3.355289814568281145e+03
-7.661603758542776532e+00,1.218342101446742198e+01,3.540390076996829727e+00,6.416316709750297109e-01,6.235104856149112362e-02,-7.644744243891182789e-01,3.358313627308463310e+03
-7.454343643499566241e+00,1.190363597859866651e+01,3.014982590662538708e+00,6.205034677416758626e-01,4.107191256955841641e-02,-7.831274126975976690e-01,3.366990291392248309e+03
-7.208452919905537826e+00,1.182178705104757199e+01,2.778228496904747491e+00,5.987401303120990503e-01,1.987447799087339873e-02,-8.006967350242168990e-01,3.372442034196337318e+03
-6.625388276503745288e+00,1.184351727988978453e+01,2.558292919511568009e+00,5.764368893973353947e-01,-1.163999776659892411e-03,-8.171408432127501564e-01,3.381118698280122317e+03
-5.858847428017539549e+00,1.200225016039147974e+01,2.482160345316918981e+00,4.925733071322829781e-01,1.050016989233978730e-02,-8.702076094432854569e-01,3.389795362363907316e+03
-4.921293537560943676e+00,1.227787864356005443e+01,2.530560078177037209e+00,3.852049197912711942e-01,2.438804711421730179e-02,-9.225087495121956360e-01,3.398472026447692315e+03
-3.825822128193040683e+00,1.265087223209531508e+01,2.684195398523056220e+00,2.505913726435548550e-01,4.040739495796899505e-02,-9.672492989862178092e-01,3.407148690531477314e+03
-2.586151587103486804e+00,1.310229552810637266e+01,2.923747591283312186e+00,8.902988410987840162e-02,5.785546401917478904e-02,-9.943472356367807352e-01,3.415825354615262313e+03
-1.217373180596355464e+00,1.361375766378316499e+01,3.231925468611010821e+00,-9.160629838860573360e-02,7.524464903890745737e-02,-9.929484019255729876e-01,3.424502018699047312e+03
2.632952639395819694e-01,1.416740292768763609e+01,3.595514471477615270e+00,-2.753297790725804939e-01,9.062757648312987080e-02,-9.570685216517355043e-01,3.433178682782832311e+03
1.837274191309672178e+00,1.474605977883044972e+01,4.003333936791386272e+00,-4.436681515975821610e-01,1.024575757564046424e-01,-8.903151219810351291e-01,3.441855346866617310e+03
3.485392116956320674e+00,1.533334833141242370e+01,4.444193932924860313e+00,-5.839396922434098025e-01,1.102815922868128073e-01,-8.042713511156274198e-01,3.450532010950402309e+03
5.187898068740269153e+00,1.591369798820881165e+01,4.906897587744560418e+00,-6.927693757630011273e-01,1.146454281648050244e-01,-7.119880742019845110e-01,3.459208675034187308e+03
6.924474233419288360e+00,1.647236477503082952e+01,5.380243420959589074e+00,-7.735408439922638602e-01,1.165102551065071990e-01,-6.229445586332323925e-01,3.467885339117972308e+03
7.485416386224390983e+00,1.664491584687957015e+01,5.532696468853076865e+00,-8.321958754693862259e-01,1.167789825250775682e-01,-5.420449188878623259e-01,3.470665633514013280e+03
