-5.618998052857441472e+00,-1.708319144127842026e+00,2.399890345209665821e+00,-4.368699999999999667e-02,-9.773290000000000033e-01,-2.071679999999999910e-01,0.000000000000000000e+00
-4.992077020573240098e+00,1.415464629002742836e-01,8.404838780185718283e-01,-3.367975825357934824e-03,-9.960402623847730563e-01,-8.882821873773871779e-02,8.676664083785063042e+00
-4.243207103119369883e+00,1.935428109127193874e+00,-6.349310086934780717e-01,-3.965879391601896675e-02,-9.980490873185391409e-01,-4.819957847050832661e-02,1.735332816757012608e+01
-3.288037479035485156e+00,3.643394431830373925e+00,-1.935675044284498547e+00,-7.583175176119610894e-02,-9.970919589530546912e-01,-7.427705771419805363e-03,2.602999225135518913e+01
-2.106021113230296393e+00,5.252065342555207295e+00,-3.030350317574137087e+00,-1.117793563050812622e-01,-9.931717220773619292e-01,3.336623992751272527e-02,3.470665633514025217e+01
-7.847461570789451279e-01,6.749563905435694622e+00,-3.975041635270347928e+00,-1.473947840946205068e-01,-9.863000258127588848e-01,7.406103361611086899e-02,4.338332041892531521e+01
-1.234735170105946134e-01,7.431725940956567023e+00,-4.378941306633404196e+00,-1.825721985827848670e-01,-9.764972890221198520e-01,1.145357447859469552e-01,4.762926577760620717e+01
1.187010701944500646e+00,8.736438271062972660e+00,-5.067922104069658040e+00,-2.181399174406472574e-01,-9.514580164412682617e-01,2.171189060602098098e-01,5.630592986139127021e+01
2.381465992712097801e+00,9.964259270568041060e+00,-5.600203899950757958e+00,-2.509993461040529450e-01,-9.146060592845143278e-01,3.170064424829069361e-01,6.498259394517633325e+01
3.366458590795835537e+00,1.114069597258393607e+01,-5.952893461914741557e+00,-2.807425263830456985e-01,-8.663989498116381194e-01,4.129582226396499300e-01,7.365925802896140340e+01
4.049447961143545882e+00,1.229504181649102534e+01,-6.103134987438842529e+00,-3.070001889186786403e-01,-8.074351950118364707e-01,5.037829789308385653e-01,8.233592211274645933e+01
4.381281559298075834e+00,1.344105375437055550e+01,-6.044459500679463027e+00,-3.294463373945268891e-01,-7.384468462292943514e-01,5.883530964239074290e-01,9.101258619653151527e+01
4.397644964468051754e+00,1.455532416646920701e+01,-5.803130830686431985e+00,-3.478022956077905792e-01,-6.602904111755957262e-01,6.656186115784544777e-01,9.968925028031657121e+01
4.391949108364946674e+00,1.458538154892026029e+01,-5.793074791312047722e+00,-3.618401671874790781e-01,-5.739362210825537103e-01,7.346202471611623652e-01,9.993573440844978961e+01
4.013043371617354360e+00,1.556416801191431176e+01,-5.348357106073907019e+00,-3.362475526361681788e-01,-6.593741100412632283e-01,6.724294508371725376e-01,1.086123984922348598e+02
3.470501965273980360e+00,1.642033508279746812e+01,-4.807527468013986116e+00,-3.066797134712257455e-01,-7.370166440248941964e-01,6.022889836078183512e-01,1.172890625760199157e+02
2.836466276541608433e+00,1.710293078169494407e+01,-4.213288533170569394e+00,-2.734862092750411366e-01,-8.059459184458840353e-01,5.250280657990455957e-01,1.259657266598049716e+02
2.180833708868079146e+00,1.755802391511909732e+01,-3.608354054692786583e+00,-2.370594616873270832e-01,-8.653470370776150666e-01,4.415600944892463242e-01,1.346423907435900276e+02
1.571211660930490472e+00,1.772877385254597726e+01,-3.035439972600271208e+00,-1.978301155219870933e-01,-9.145177448346893945e-01,3.528718461066622236e-01,1.433190548273750835e+02
1.271802488906842443e+00,1.762846135651961177e+01,-2.737608209332542231e+00,-1.562619481482047101e-01,-9.528767293222707435e-01,2.600118118018265312e-01,1.484612551881487548e+02
9.204454808392115162e-01,1.706955516592719491e+01,-2.339427019907452276e+00,-1.737379314071057501e-01,-9.717279616225884542e-01,1.598683827069180552e-01,1.571379192719338107e+02
7.467281317283921416e-01,1.610516487017326170e+01,-2.055154377064624782e+00,-1.893567381905410518e-01,-9.801919005330154144e-01,5.801606527147323833e-02,1.658145833557188666e+02
7.330007540367700081e-01,1.478891764615314663e+01,-1.852115941349190331e+00,-2.029514157104921335e-01,-9.781780769073109560e-01,-4.445641367883276796e-02,1.744912474395039226e+02
7.336533387643675574e-01,1.477460843927611833e+01,-1.850467336529986850e+00,-2.143766461990032068e-01,-9.657080136696332140e-01,-1.464536988147968344e-01,1.745738424909750393e+02
8.782300867270552702e-01,1.312946776606552390e+01,-1.692859886512709355e+00,-2.470669880541902785e-01,-9.559733888561791071e-01,-1.583375609406661999e-01,1.832505065747600952e+02
1.144042831683604877e+00,1.130903461907873009e+01,-1.542734401387021448e+00,-2.794349862059660738e-01,-9.449915559931495457e-01,-1.700148451690450813e-01,1.919271706585451511e+02
1.522703854802320622e+00,9.412231224087895143e+00,-1.357125278238951127e+00,-3.114384170513522787e-01,-9.327768413783614765e-01,-1.814703186884657482e-01,2.006038347423302071e+02
2.040478066057003659e+00,7.570145199319827434e+00,-1.104708636909504937e+00,-3.430355324197927325e-01,-9.193451789974853572e-01,-1.926890379433452150e-01,2.092804988261152630e+02
2.444477518871125188e+00,6.660141253631388203e+00,-9.262708804556617492e-01,-3.741851139530396053e-01,-9.047140897656174019e-01,-2.036563680987822644e-01,2.140452653255603650e+02
3.429393915621506750e+00,5.241690329653504676e+00,-5.445323981178535888e-01,-5.613786985705985222e-01,-8.071756753982497479e-01,-1.825359850478177615e-01,2.227219294093454209e+02
4.589783215485810253e+00,4.023196901144152626e+00,-1.435843124985070329e-01,-7.233094761013780793e-01,-6.733132863721393857e-01,-1.532012407834240086e-01,2.313985934931304769e+02
5.813472514063208862e+00,2.936812545918399575e+00,2.275262649521005154e-01,-8.526903587671018636e-01,-5.091509084965635257e-01,-1.169722379184303246e-01,2.400752575769155328e+02
6.985685107113340564e+00,1.919389986757567446e+00,5.197584530909834521e-01,-9.436990427547583549e-01,-3.220760589572438937e-01,-7.547932797240672342e-02,2.487519216607005887e+02
7.989113650401351130e+00,9.125616902572868394e-01,6.840878345813428130e-01,-9.922400152221946268e-01,-1.205073430428183490e-01,-3.058974444756596203e-02,2.574285857444856447e+02
8.616401516808492644e+00,4.307142935217561728e-04,6.745391620021562451e-01,-9.961288573280115966e-01,8.648438783022749377e-02,1.567642371978484814e-02,2.649877709955470095e+02
8.881041983085401270e+00,-8.172688557944742804e-01,5.090031428083514609e-01,-9.960050041060802828e-01,2.681256586853116020e-02,8.516523990490777740e-02,2.713461404703121502e+02
8.900399934687190040e+00,-1.997615665584389300e+00,5.832552876430555089e-02,-9.996325654165481023e-01,2.508700430389014177e-02,-1.016741707049158283e-02,2.800228045540972062e+02
8.685271997415917156e+00,-3.219082675813187855e+00,-5.838612868724144533e-01,-9.941590039475188822e-01,2.313303934157821470e-02,-1.054074824527029136e-01,2.886994686378822621e+02
8.529495935657285699e+00,-3.821926331725465698e+00,-9.655788696809795013e-01,-9.796341517549558287e-01,2.096845995915662744e-02,-1.996878874593888131e-01,2.929048761537363816e+02
8.162234372101615065e+00,-5.061053133215384747e+00,-1.867449402194087948e+00,-9.999279911621977712e-01,1.075823017125308173e-02,-5.125716974883178303e-03,3.015815402375214376e+02
7.734464450563081073e+00,-6.239601370841207029e+00,-2.862077260219695329e+00,-9.818539960636194497e-01,1.352023562022937732e-04,1.896330987325995365e-01,3.102582043213064935e+02
7.213792129268717268e+00,-7.287305814502582635e+00,-3.929024006822966264e+00,-9.261056865411896322e-01,-1.049301272334253986e-02,3.771155711990050174e-01,3.189348684050915494e+02
6.570631331278567799e+00,-8.132582885638248271e+00,-5.047836076969475450e+00,-8.348221503395484300e-01,-2.071860544700142304e-02,5.501279093913942209e-01,3.276115324888766054e+02
6.500338891944589470e+00,-8.186644988101338782e+00,-5.152258973228354577e+00,-7.115059683998361528e-01,-3.014921462224186971e-02,7.020315390275612133e-01,3.283969988504130129e+02
5.595069605266045798e+00,-8.539249305692280245e+00,-6.324026612167830130e+00,-6.536643479441158755e-01,3.700317466062289645e-02,7.558780889041308848e-01,3.370736629341980688e+02
4.940791835265359033e+00,-8.646639167287595740e+00,-7.074931456252498307e+00,-5.887928496174840154e-01,1.037576103777101688e-01,8.015954955718459507e-01,3.426735174398660888e+02
3.858937238670652192e+00,-8.701678809102840972e+00,-8.189657258911214655e+00,-5.425160029974706033e-01,1.881373981016959684e-01,8.187055062270917061e-01,3.513501815236511447e+02
2.766176400161541871e+00,-8.705261874107179665e+00,-9.198866933929890521e+00,-4.910558246044596231e-01,2.707196546329136977e-01,8.279933850683879326e-01,3.600268456074362007e+02
1.728749769877750531e+00,-8.721852760620519618e+00,-1.003606045442257155e+01,-4.349039756956141201e-01,3.507153764751774760e-01,8.293703977280664219e-01,3.687035096912212566e+02
8.102663071514026871e-01,-8.818581945259889920e+00,-1.063477360261594029e+01,-3.745969406253577549e-01,4.273602722238362128e-01,8.228233891901866048e-01,3.773801737750063126e+02
7.166297429377023465e-02,-9.065165072902262366e+00,-1.092859183548085689e+01,-3.107109017878274537e-01,4.999220637582542648e-01,8.084149093610671910e-01,3.860568378587913685e+02
-7.366218042932947893e-03,-9.135728923043902938e+00,-1.091996552852937974e+01,-2.438562354330153503e-01,5.677074817019651665e-01,7.862826156409535860e-01,3.873951322043604932e+02
-3.274195142900755418e-01,-9.791738803006134972e+00,-1.052529440560894081e+01,-3.412983203417753186e-01,7.248645287231524348e-01,5.984019314233026687e-01,3.960717962881455492e+02
-6.075522264126871352e-01,-1.053166815930516442e+01,-9.879964099124642019e+00,-4.150226908914686486e-01,8.316488495593358232e-01,3.689367927872276298e-01,4.047484603719306051e+02
-9.572790346787478644e-01,-1.113449619532465107e+01,-9.192701428717169776e+00,-4.599060766381244392e-01,8.806397640443527353e-01,1.138332405545638137e-01,4.124121790381846040e+02
-1.538468231107996242e+00,-1.164578013531358813e+01,-8.376181335586499799e+00,-2.677550468808208017e-01,9.367148765366906105e-01,2.255448402084727078e-01,4.210888431219696599e+02
-2.331315748030149404e+00,-1.188151655479563829e+01,-7.607692873492221786e+00,-6.153459487635513231e-02,9.435693510248575055e-01,3.254049376390792947e-01,4.297655072057547159e+02
-2.944891779900526085e+00,-1.181699861001751550e+01,-7.203319292256880502e+00,1.479192953169994329e-01,9.008430144504175896e-01,4.081663207423909534e-01,4.350274833273855393e+02
-4.145418638641316988e+00,-1.138003565439510112e+01,-6.612220585207439605e+00,3.689081548286073375e-01,7.755523569899511749e-01,5.122726958066315950e-01,4.437041474111705952e+02
-5.478942283214150777e+00,-1.067294802338064663e+01,-6.018054640576025349e+00,5.620915979693242859e-01,5.918067147297463304e-01,5.777679879448840428e-01,4.523808114949556511e+02
-6.887566668556003080e+00,-9.770062759018305343e+00,-5.333538949418990427e+00,7.129090226309697798e-01,3.634553671772060568e-01,5.997157005800053398e-01,4.610574755787407071e+02
-7.530925388692513600e+00,-9.308003063747596784e+00,-4.958080720348291059e+00,8.099930170964022569e-01,1.077095904400106607e-01,5.764615827466917919e-01,4.649508163910221015e+02
-8.921023407004915029e+00,-8.187859608168974290e+00,-3.960417060381446586e+00,9.121737878113689302e-01,5.035099135672718024e-02,4.066961500924460293e-01,4.736274804748071574e+02
-1.016273732943841601e+01,-7.003054726955038056e+00,-2.825259616481637259e+00,9.755403679057343957e-01,-9.150101720879122782e-03,2.196252859433326377e-01,4.823041445585922133e+02
-1.114227638213724525e+01,-5.796778861561292295e+00,-1.580339291044267069e+00,9.973964401629645815e-01,-6.826184272539490006e-02,2.320909259012521667e-02,4.909808086423772693e+02
-1.174744224224767386e+01,-4.616839299425993914e+00,-2.534098692646604145e-01,9.768120052642101925e-01,-1.244689542068378313e-01,-1.741946779072608420e-01,4.996574727261623252e+02
-1.191948849298021607e+01,-3.499829257936473592e+00,1.124096711183367514e+00,9.146629524612304163e-01,-1.753797537513852589e-01,-3.641862509345549781e-01,5.083341368099473812e+02
-1.170869482914851822e+01,-2.476357562041285210e+00,2.482072911520676328e+00,8.135937914389708148e-01,-2.188279215618630924e-01,-5.386812445941522309e-01,5.168135734390102698e+02
-1.120129167348757981e+01,-1.487444870626804416e+00,3.841745552015005227e+00,7.306055956926924555e-01,-2.252928826849119603e-01,-6.445592141563665223e-01,5.254902375227953826e+02
-1.049772336909821924e+01,-5.416250767562301727e-01,5.129345039632694281e+00,6.343649551060716041e-01,-2.276712522935417371e-01,-7.387454938017146144e-01,5.341669016065804954e+02
-9.693369991254755291e+00,3.804382424385178707e-01,6.302464398892821507e+00,5.266175720476107269e-01,-2.259198912976862206e-01,-8.195316562078048817e-01,5.428435656903656081e+02
-8.877443383360837714e+00,1.296090486152401633e+00,7.312198596792265803e+00,4.093178619948645847e-01,-2.200705675131602312e-01,-8.854523325206392625e-01,5.515202297741507209e+02
-8.137567881086845034e+00,2.202766713421964173e+00,8.086756557889364316e+00,2.845935059107914666e-01,-2.102293794643945724e-01,-9.353117899411956815e-01,5.600851580535378389e+02
-7.526590801107004403e+00,3.130509033320519663e+00,8.578398390795129558e+00,3.881089469550981219e-01,-2.043720079216604646e-01,-8.986665275121346053e-01,5.687618221373229517e+02
-7.126275444790882929e+00,4.076751094797836039e+00,8.708901976959346314e+00,4.869311001952159046e-01,-1.960432382541079932e-01,-8.511540121487433108e-01,5.774384862211080645e+02
-7.008852964647703132e+00,5.053829810204981676e+00,8.410013559766648328e+00,5.798649604715858663e-01,-1.853437871451777408e-01,-7.933487935223333398e-01,5.861151503048931772e+02
-7.192778918251056197e+00,6.061228939386705150e+00,7.658050576510194496e+00,6.657867248713762454e-01,-1.724030376321336322e-01,-7.259498809142899134e-01,5.947918143886782900e+02
-7.200414888563004823e+00,6.081883876715423298e+00,7.637088252547193257e+00,7.436573803477899425e-01,-1.573774747788223849e-01,-6.497722917187327418e-01,5.949680667067356126e+02
-7.696490407485480745e+00,7.083176021115193954e+00,6.381210468175075867e+00,8.482806857002085366e-01,-1.631096659235745649e-01,-5.037986851422148193e-01,6.036447307905207253e+02
-8.263461157103428434e+00,8.031319281202526028e+00,4.849816524678030483e+00,9.255153326271754466e-01,-1.635754943131005335e-01,-3.415588188483091869e-01,6.123213948743058381e+02
-8.763995413484247266e+00,8.868302049834412060e+00,3.152914430939839807e+00,9.728676360037753490e-01,-1.587599208423001729e-01,-1.682909693103899762e-01,6.209980589580909509e+02
-9.063182568910210790e+00,9.530498857751950936e+00,1.400546693722290792e+00,9.888087259596605172e-01,-1.488184275192853401e-01,1.041052820829962977e-02,6.296747230418760637e+02
-9.073222275944575088e+00,9.970810401373785936e+00,-3.181857597520368897e-01,9.728239090817356605e-01,-1.340719972858524234e-01,1.887759027617765539e-01,6.383513871256611765e+02
-8.796917870035498410e+00,1.018322619297854281e+01,-1.956095286951496037e+00,9.254292862419315480e-01,-1.149967505468979106e-01,3.610462346156407265e-01,6.470280512094462892e+02
-8.461722664179939457e+00,1.018381933310570275e+01,-2.945243761703100205e+00,8.481550905673442831e-01,-9.220857296295702221e-02,5.216593921491835539e-01,6.526254349302826085e+02
-7.737354312039735227e+00,9.987657122102355345e+00,-4.352415120638129409e+00,7.776125386458360156e-01,-4.456268655531669953e-02,6.271609894661736018e-01,6.613020990140677213e+02
-6.850401811071574976e+00,9.610060039559959577e+00,-5.609471704269645365e+00,6.927798105210042356e-01,3.902121162841225462e-03,7.211372321448109579e-01,6.699787630978528341e+02
-5.845301863235141226e+00,9.072476754168251389e+00,-6.690271023738405987e+00,5.952158778530286520e-01,5.229521483934691101e-02,8.018611284113921212e-01,6.786554271816379469e+02
-4.765452223229251771e+00,8.398090304386204963e+00,-7.568707323718294688e+00,4.867136692493090888e-01,9.972727777323925347e-02,8.678492232147556606e-01,6.873320912654230597e+02
-3.664430841919466442e+00,7.609217270981823766e+00,-8.235438324361163964e+00,3.692671226219803593e-01,1.453266541752663010e-01,9.178888580526997076e-01,6.960087553492081724e+02
-2.617357139785109421e+00,6.725320365985136384e+00,-8.714608465985721253e+00,2.450345441953358239e-01,1.882553668694941229e-01,9.510604549639738448e-01,7.046854194329932852e+02
-2.594288944115274553e+00,6.702760010780962396e+00,-8.723393984081731389e+00,1.162989472444665717e-01,2.277245161993210754e-01,9.667544153464775469e-01,7.048924042306986166e+02
-1.751152383799485568e+00,5.706548066368456240e+00,-9.001747071899254493e+00,1.113848723365478549e-01,2.158738945173439561e-01,9.700463245875748930e-01,7.135690683144837294e+02
-1.135148714237068202e+00,4.660746375114225515e+00,-9.175361679993436326e+00,1.064512592764862153e-01,2.039854067266347326e-01,9.731680652418285282e-01,7.222457323982688422e+02
-8.302881606289638228e-01,3.592414121091923374e+00,-9.285200868275955699e+00,1.014989723028712487e-01,1.920611353733997773e-01,9.761190905140227914e-01,7.309223964820539550e+02
-8.796480373704897993e-01,2.751231077833435901e+00,-9.348590511496464472e+00,9.652887891348881089e-02,1.801031692493015590e-01,9.788988834027094743e-01,7.379002473021155311e+02
-1.309854548324922652e+00,1.808083325093295279e+00,-9.412896600682516990e+00,1.135446951872326055e-01,8.654313545891564874e-02,9.897554687375654803e-01,7.465769113859006438e+02
-2.081928325292826010e+00,1.073014890179752490e+00,-9.471710832385763723e+00,1.295203363031981192e-01,-7.809690852718526206e-03,9.915450021097537148e-01,7.552535754696857566e+02
-2.670371958083286756e+00,8.218098347265117010e-01,-9.502241525128763300e+00,1.443094579490000473e-01,-1.020909938371208914e-01,9.842510905858934400e-01,7.600325983300808730e+02
-3.959820357526607992e+00,6.455008882626864786e-01,-9.536405027689001557e+00,1.182535291420395429e-01,-6.247382760298440807e-02,9.910151985208535130e-01,7.687092624138659858e+02
-5.362426485743554849e+00,7.061540618156282312e-01,-9.514806628344633310e+00,9.192631020858432755e-02,-2.271334336316948449e-02,9.955057295234127634e-01,7.773859264976510985e+02
-5.443975704386308401e+00,7.196003917427303831e-01,-9.509278425605343088e+00,6.538818911962390734e-02,1.709925840244902462e-02,9.977123834425128956e-01,7.778831474013238676e+02
-6.804925445419759633e+00,1.101486431533366561e+00,-9.302429019752553430e+00,2.291969885881379176e-01,-3.519132147941398392e-01,9.075372332174886925e-01,7.865598114851089804e+02
-7.959778768404953908e+00,1.614760247372374335e+00,-8.903110774682950534e+00,3.537820700183388900e-01,-6.607008873180166830e-01,6.620502884459356086e-01,7.952364755688940932e+02
-8.725639915014923531e+00,2.208306943967176306e+00,-8.218565716565327861e+00,4.178224977145476027e-01,-8.564192176062817019e-01,3.032630609204765015e-01,8.039131396526792059e+02
-8.880047112229396689e+00,2.578408713389279683e+00,-7.612925416855930827e+00,4.103586827560243289e-01,-9.055738540276552229e-01,-1.074232115929470155e-01,8.090429698217538999e+02
-8.658585159361402717e+00,3.210914880792382409e+00,-6.278839441076351058e+00,3.711242360356480363e-01,-9.133691135524185656e-01,-1.673967258767043442e-01,8.177196339055390126e+02
-8.062966306463200894e+00,3.836671595510633637e+00,-4.722375592858699456e+00,3.299610871755316310e-01,-9.164176478319363550e-01,-2.265002774636327987e-01,8.263962979893241254e+02
-7.216710476034337240e+00,4.445752624487991689e+00,-3.041355180449524909e+00,2.870831564092347077e-01,-9.147036163986073110e-01,-2.844267136759331405e-01,8.350729620731092382e+02
-6.243381648153897956e+00,5.033279219244339409e+00,-1.333625462522398664e+00,2.427132748205763635e-01,-9.082359281192207145e-01,-3.408749992275361129e-01,8.437496261568943510e+02
-5.222312069018477665e+00,5.604249108814979508e+00,3.114715616400812737e-01,1.970820265040816865e-01,-8.970481948441537678e-01,-3.955517803713045066e-01,8.524262902406794637e+02
-4.144056205831937234e+00,6.175952646294890158e+00,1.821628586146016193e+00,1.504265504626141059e-01,-8.811985567538619391e-01,-4.481729091430085021e-01,8.611029543244645765e+02
-3.962169358695177390e+00,6.268822269618421927e+00,2.027711121463409150e+00,1.029893084571966433e-01,-8.607693803081427619e-01,-4.984649197948718413e-01,8.624486719149061855e+02
-2.692794231693337537e+00,6.902708154462884771e+00,3.167239164064425072e+00,-3.140175100943892045e-02,-8.001037738608889338e-01,-5.990374621737617478e-01,8.711253359986912983e+02
-1.366644118597915458e+00,7.568335159015593838e+00,4.150443612443640795e+00,-1.647924459611365133e-01,-7.139499420245820627e-01,-6.805269502656379199e-01,8.798020000824764111e+02
-4.740368366378826248e-02,8.276102550926500712e+00,5.029627399668903820e+00,-2.929334777903277454e-01,-6.050524143142061995e-01,-7.403374592189873038e-01,8.884786641662615239e+02
1.204985070423731930e+00,9.016849859837856584e+00,5.837836822662920255e+00,-4.117427818900232239e-01,-4.768802339741620155e-01,-7.765636638465002184e-01,8.971553282500466366e+02
1.833000925117978630e+00,9.424547775114872294e+00,6.244735850291087687e+00,-5.174355599366241565e-01,-3.335164531271039845e-01,-7.880515318218965781e-01,9.019605574474145442e+02
2.807693070160610649e+00,1.010105376251727982e+01,6.886750507258547316e+00,-4.950215570748310312e-01,-2.999033743917595696e-01,-8.154812223800639304e-01,9.106372215311996570e+02
3.577203853394489208e+00,1.065137629589178303e+01,7.413839607702348289e+00,-4.714271214852751579e-01,-2.655751477746871592e-01,-8.409662954051936312e-01,9.193138856149847697e+02
4.083532992854734367e+00,1.100794299232397222e+01,7.801283967331861469e+00,-4.467085136525899558e-01,-2.306136278707457965e-01,-8.644459835441085094e-01,9.279905496987698825e+02
4.265688765940889304e+00,1.110553655130205364e+01,8.024393472691544460e+00,-4.209246740451105251e-01,-1.951021789956426666e-01,-8.858643002886756879e-01,9.366672137825549953e+02
4.180101507622000057e+00,1.100817378326307860e+01,8.046280581189323655e+00,-3.941370826851670617e-01,-1.591254765645977731e-01,-9.051701733679451412e-01,9.407814125213211582e+02
3.656459169642831686e+00,1.049794597030096632e+01,7.931423813526231825e+00,-3.442808168334945407e-01,-2.022640197466455403e-01,-9.168194944885603714e-01,9.494580766051062710e+02
2.853338189126602753e+00,9.705274329448304371e+00,7.694461388312839212e+00,-2.928813935944613589e-01,-2.444959464179750352e-01,-9.243593573223460869e-01,9.581347406888913838e+02
1.847120450103694189e+00,8.650806103380668688e+00,7.380799450090878899e+00,-2.401691956609915968e-01,-2.856319655600397245e-01,-9.277559688322984943e-01,9.668114047726764966e+02
7.147588939213384007e-01,7.351939580840317845e+00,7.035860071040697328e+00,-1.863804891728805258e-01,-3.254876980594706426e-01,-9.269941055183000822e-01,9.754880688564616094e+02
-4.662735422593745072e-01,5.822808011166981323e+00,6.705071772312519052e+00,-1.317563650223563532e-01,-3.638845028852309427e-01,-9.220771816035565616e-01,9.841647329402467221e+02
-1.379914218966336925e+00,4.434282886534381518e+00,6.488232345085914510e+00,-7.654165855424162335e-02,-4.006502775698662089e-01,-9.130272337595362053e-01,9.910435143258105199e+02
-2.454977329752282778e+00,2.494986861496505171e+00,6.299904641630805990e+00,-4.178818250475122356e-03,-3.063559869263282054e-01,-9.519067952023857471e-01,9.997201784095956327e+02
-3.443880032171543260e+00,4.583967148667160707e-01,6.201373147638318706e+00,6.824936261955985572e-02,-2.072704779048407386e-01,-9.758990590687762756e-01,1.008396842493380746e+03
-4.346721097828147862e+00,-1.559766831664434861e+00,6.186834744750576043e+00,1.396101545592025595e-01,-1.049433852877147549e-01,-9.846288085510011001e-01,1.017073506577165858e+03
-5.158768712168667392e+00,-3.443876103295184787e+00,6.250468713135211019e+00,2.087875220505432117e-01,-9.750377834048800253e-04,-9.779595185576571703e-01,1.025750170660950971e+03
-5.856494923004345488e+00,-5.099973617365587408e+00,6.381076954080613817e+00,2.746995763119384759e-01,1.030085682976068506e-01,-9.559954903823497663e-01,1.034426834744735970e+03
-6.157292830917160842e+00,-5.887269585124842664e+00,6.482734168611219872e+00,3.363154941432177636e-01,2.053811966869528161e-01,-9.190802208983084309e-01,1.039362803459668157e+03
-6.460821325311355778e+00,-6.978803177085919351e+00,6.688104549629390050e+00,4.312109816534847040e-01,1.433437730117510800e-01,-8.907904647215677540e-01,1.048039467543453156e+03
-6.480573586922314000e+00,-7.754579914567917065e+00,6.895673146271352749e+00,5.202186384256228813e-01,7.934912842865106397e-02,-8.503377470458293175e-01,1.056716131627238155e+03
-6.143602717573552141e+00,-8.192907576270442860e+00,7.078130283864503269e+00,6.021231653306643450e-01,1.427103943032683418e-02,-7.982744084613963009e-01,1.065392795711023155e+03
-5.791073760100005963e+00,-8.240798302700548916e+00,7.145220261819128282e+00,6.758062433931372182e-01,-5.100192486214095294e-02,-7.353113116561406093e-01,1.069527337095564462e+03
-4.675199155364535564e+00,-8.067960978744947553e+00,7.252544496963003517e+00,4.934585081501333126e-01,1.107147122022315716e-01,-8.626928498816491819e-01,1.078204001179349461e+03
-3.268352812556147402e+00,-7.745260094826888597e+00,7.352869017654501071e+00,2.737909547071548655e-01,2.640580610402369355e-01,-9.248296348631031005e-01,1.086880665263134460e+03
-1.673441502776393586e+00,-7.405153251594889241e+00,7.476956252945221593e+00,3.341683011904513639e-02,3.974309210208203935e-01,-9.170223435020984359e-01,1.095557329346919460e+03
-1.052303255554760231e+00,-7.305083339260516340e+00,7.540121839473841625e+00,-2.094846141276613394e-01,5.007464323909911474e-01,-8.398614212428211490e-01,1.098758131633647281e+03
6.117285676216652757e-01,-7.133122295032198856e+00,7.767254371379925360e+00,-2.537190323457308438e-01,4.214323047526430388e-01,-8.706431330546117175e-01,1.107434795717432280e+03
2.100300949673862494e+00,-7.064915505874555635e+00,8.052281512834943200e+00,-2.956205087151233535e-01,3.382431480081991571e-01,-8.934193235269696221e-01,1.116111459801217279e+03
3.227138812531298306e+00,-7.086379264815145795e+00,8.397653555293187466e+00,-3.348037688690574387e-01,2.519438708201624522e-01,-9.079805737492914197e-01,1.124788123885002278e+03
3.806319546627249917e+00,-7.175852070757603229e+00,8.805808105256140550e+00,-3.709085308699933692e-01,1.633279768842437751e-01,-9.141929958676487944e-01,1.133464787968787277e+03
3.739958394976119482e+00,-7.291936507609177553e+00,9.213220392695758321e+00,-4.036028172809659753e-01,7.321027026902206247e-02,-9.119994639298869554e-01,1.141209167397182000e+03
3.069543350130047088e+00,-7.435521749354482068e+00,9.667579831498791521e+00,-3.029004571203451901e-01,5.368857538695297194e-02,-9.515076720386448361e-01,1.149885831480966999e+03
1.948322516483176114e+00,-7.569736432854637265e+00,1.004850670527026324e+01,-1.985381788255302649e-01,3.351816679604685545e-02,-9.795188227097115785e-01,1.158562495564751998e+03
5.260492710744277822e-01,-7.677547722984864542e+00,1.028276114290826904e+01,-9.177697589201816442e-02,1.294276044171016084e-02,-9.956944670166694156e-01,1.167239159648536997e+03
-1.071834009719580205e+00,-7.760292026277640254e+00,1.032086775001264201e+01,1.609317429308053729e-02,-7.789034554004459730e-03,-9.998391574053721031e-01,1.175915823732321996e+03
-1.088517481784666785e+00,-7.761087390910824446e+00,1.032010938664959276e+01,1.237688947430217040e-01,-2.842671935369200237e-02,-9.919028089081008970e-01,1.176002597172595415e+03
-2.801513441002506877e+00,-7.860109596560781675e+00,1.014134472617616467e+01,1.674504476834246247e-01,-1.035541187094265597e-01,-9.804258728053885097e-01,1.184679261256380414e+03
-4.564402001624483063e+00,-8.010447863308833405e+00,9.786494267780003753e+00,2.098453113271832315e-01,-1.778857964666243907e-01,-9.614154090333838498e-01,1.193355925340165413e+03
-6.329510092687423928e+00,-8.259743654549220437e+00,9.277405399937256547e+00,2.506277369990793091e-01,-2.508506110710164716e-01,-9.350174909429737058e-01,1.202032589423950412e+03
-7.500346757093016237e+00,-8.519589376240084277e+00,8.838855925829269822e+00,2.894843643390756505e-01,-3.218879225426674595e-01,-9.014349494673933316e-01,1.207929869767793889e+03
-9.138603342264477902e+00,-9.018604686371466173e+00,8.068013753473332272e+00,4.464374195374632426e-01,-2.923945707479433387e-01,-8.456932336458802268e-01,1.216606533851578888e+03
-1.064484146325416347e+01,-9.585017432852881214e+00,7.179284708873781895e+00,5.906172917885337270e-01,-2.545354321105332551e-01,-7.657551360855321398e-01,1.225283197935363887e+03
-1.196334191201701813e+01,-1.017322839628053188e+01,6.181319046309165621e+00,7.178988218466483273e-01,-2.093937062030589158e-01,-6.639077928405979767e-01,1.233959862019148886e+03
-1.303636894748294139e+01,-1.073997526436406069e+01,5.082789745606984155e+00,8.246403318188109122e-01,-1.582609538658915627e-01,-5.430651835828854690e-01,1.242636526102933885e+03
-1.381819229231706814e+01,-1.127569451779473830e+01,3.899014642693089172e+00,9.077878140199688861e-01,-1.026001450663835551e-01,-4.066847611477215074e-01,1.251313190186718884e+03
-1.393651487766634567e+01,-1.141413807773651357e+01,3.584303638377416057e+00,9.649623076493765161e-01,-4.400380306369711808e-02,-2.586685333246281915e-01,1.253503822420338793e+03
-1.409045674277259508e+01,-1.203095836500686922e+01,2.297096528338784971e+00,9.885497886351974905e-01,4.150880391001534470e-02,-1.450666556644195082e-01,1.262180486504123792e+03
-1.393436404193270484e+01,-1.278476759426608211e+01,9.973436617451920672e-01,9.916009367757188109e-01,1.261590812890831248e-01,-2.845115801155085125e-02,1.270857150587908791e+03
-1.364482377991190454e+01,-1.337896188436874922e+01,1.823334053677213296e-01,9.740523678110531991e-01,2.081885228713349911e-01,8.875541507024274634e-02,1.276364922682093948e+03
-1.293364616635649789e+01,-1.445222803524871580e+01,-1.069992199077933526e+00,9.208681698189091769e-01,3.217817633377452746e-01,2.201279414301333115e-01,1.285041586765878947e+03
-1.203919604196144633e+01,-1.555529657572563629e+01,-2.279530807422764038e+00,8.373038177149125794e-01,4.247591553052421642e-01,3.442382559001382902e-01,1.293718250849663946e+03
-1.103077508604284951e+01,-1.656466107504315843e+01,-3.433995254027459865e+00,7.261161692692282843e-01,5.137234047579698482e-01,4.569918731558190728e-01,1.302394914933448945e+03
-9.972453914010227294e+00,-1.735404404681419166e+01,-4.521109845439691632e+00,5.909733865088969695e-01,5.857395205589061016e-01,5.546689737982467561e-01,1.311071579017233944e+03
-8.907913542334451762e+00,-1.783152629977318071e+01,-5.524191597425391898e+00,4.363339226408531890e-01,6.384316387828369299e-01,6.340471201374339172e-01,1.319748243101018943e+03
-8.042211848875414404e+00,-1.794833397254619456e+01,-6.254229736033208198e+00,2.672994389971181661e-01,6.700614025820496034e-01,6.925075643500980815e-01,1.326825654046477666e+03
-6.978821637012216250e+00,-1.777271087662287741e+01,-7.014005069386723079e+00,2.095569181453593999e-01,6.181841104452412416e-01,7.575831991599173421e-01,1.335502318130262665e+03
-5.908987909744555012e+00,-1.729653839306200069e+01,-7.609962909356301708e+00,1.496642916885177477e-01,5.599640707566438946e-01,8.148857829500415484e-01,1.344178982214047664e+03
-4.828693654961187853e+00,-1.653694557726640824e+01,-8.012256297854621678e+00,8.823606833364458502e-02,4.959986330823977219e-01,8.638273856648046589e-01,1.352855646297832664e+03
-3.734614861810361841e+00,-1.551108625845075295e+01,-8.191078622380638663e+00,2.590251115423135297e-02,4.269440926838352635e-01,9.039058588355349810e-01,1.361532310381617663e+03
-3.723507099249693031e+00,-1.549906035733872933e+01,-8.191556111724668909e+00,-3.669682787513936506e-02,3.535089580063774384e-01,9.347099868043425852e-01,1.361619784419703819e+03
-2.623611577526653971e+00,-1.416990157029389685e+01,-8.085556950748371108e+00,-3.732107506703783578e-02,2.450536588491707968e-01,9.687898851861556082e-01,1.370296448503488818e+03
-1.547082758648682610e+00,-1.269593381599909065e+01,-7.669050296443373327e+00,-3.746296951973529521e-02,1.334312108957312615e-01,9.903487455802073569e-01,1.378973112587273818e+03
-5.384623211457915115e-01,-1.117889732019872717e+01,-6.885396473347904056e+00,-3.712067750665033056e-02,2.008424195942915338e-02,9.991079413781319696e-01,1.387649776671058817e+03
2.534631073611483543e-01,-9.893056691653324464e+00,-5.863624303537508631e+00,-3.629862266504071261e-02,-9.352233309160375152e-02,9.949542618652561510e-01,1.395205345963566742e+03
1.070851295989975860e+00,-8.511830313424409766e+00,-4.348589433440350760e+00,-1.714974206000077495e-01,-3.000284513449503199e-01,9.383866810165280015e-01,1.403882010047351741e+03
1.824393907481720811e+00,-7.270634672354909789e+00,-2.579695443265803245e+00,-2.956993373725143037e-01,-4.872958947286964992e-01,8.216462820793758448e-01,1.412558674131136740e+03
2.539426102086139725e+00,-6.215529185956222946e+00,-6.478183869492283309e-01,-4.009400488947157948e-01,-6.433163155112905374e-01,6.522186714476321256e-01,1.421235338214921740e+03
3.239331093448545751e+00,-5.393641990818051291e+00,1.356131686080105814e+00,-4.804710199978229346e-01,-7.580849311445094774e-01,4.409680669942726561e-01,1.429912002298706739e+03
3.945523383915223725e+00,-4.853109669313600882e+00,3.341229687842247831e+00,-5.291923064280643629e-01,-8.242421642721011743e-01,2.014407045458136980e-01,1.438588666382491738e+03
4.677432722323043635e+00,-4.643016583659236751e+00,5.216554451093072586e+00,-5.439796502955289714e-01,-8.375456699162220353e-01,-5.100383185458228635e-02,1.447265330466276737e+03
5.435900997274459634e+00,-4.786549019318687037e+00,6.915953205494085765e+00,-5.238848567649018184e-01,-7.971424243509648289e-01,-3.001776343236264855e-01,1.455941994550061736e+03
6.188036356559185158e+00,-5.253257377051224530e+00,8.422800884429465285e+00,-4.701965822651688054e-01,-7.056233984855690977e-01,-5.301026254725810238e-01,1.464618658633846735e+03
6.885989060048131272e+00,-5.984495273344915489e+00,9.745258059542482698e+00,-3.863576437490049420e-01,-5.688573240823033839e-01,-7.260352029708891930e-01,1.473295322717631734e+03
7.031073083363724940e+00,-6.207510643945647999e+00,1.001681900139464787e+01,-2.777441831138430794e-01,-3.956142626945782781e-01,-8.754116311189407140e-01,1.475350588592802978e+03
7.529977873989304626e+00,-7.320795102364836104e+00,1.099235361944973022e+01,-2.125266845311714337e-01,-3.277262180397311764e-01,-9.205574041697980325e-01,1.484027252676587977e+03
7.873479392751771222e+00,-8.559565316088217912e+00,1.180190355370194588e+01,-1.449925973853630201e-01,-2.562658793079746755e-01,-9.556688473557953811e-01,1.492703916760372977e+03
8.021533235908776760e+00,-9.859551482535033884e+00,1.245376100571938061e+01,-7.587805896433412467e-02,-1.820121812557249363e-01,-9.803632418868073461e-01,1.501380580844157976e+03
7.936556872156420361e+00,-1.115492127594693095e+01,1.295625096766825557e+01,-5.936432933951753775e-03,-1.057745057617670292e-01,-9.943714158680194704e-01,1.510057244927942975e+03
7.583452903880500529e+00,-1.237835482751382976e+01,1.331772947732336476e+01,6.406990206418139433e-02,-2.838385982236356353e-02,-9.975406779432783866e-01,1.518733909011727974e+03
6.956995952223913093e+00,-1.347826783601134615e+01,1.354274356677155389e+01,1.333778620302585594e-01,4.931618209454041724e-02,-9.898364814979481174e-01,1.527410573095512973e+03
6.108288923244917790e+00,-1.443751858212004180e+01,1.362819200780201534e+01,2.012319749135407787e-01,1.264786726606365319e-01,-9.713428012986208282e-01,1.536087237179297972e+03
6.027027888875114314e+00,-1.450514949279272336e+01,1.362413887144123592e+01,2.668926149999759079e-01,2.022625230982146860e-01,-9.422612184572271010e-01,1.536793681076719395e+03
4.922746680590943669e+00,-1.520882271561675303e+01,1.343540231928894002e+01,2.101432049055386442e-01,2.323859636489497837e-01,-9.496497234921594810e-01,1.545470345160504394e+03
3.761759077239132498e+00,-1.577832726464448143e+01,1.309276321586160918e+01,1.525148800001558391e-01,2.615374401540463412e-01,-9.530663034511951404e-01,1.554147009244289393e+03
2.622044343370883990e+00,-1.622268775423867027e+01,1.258938802427346282e+01,9.424866583859461966e-02,2.895950297330572298e-01,-9.524966707235926755e-01,1.562823673328074392e+03
1.581173957014851306e+00,-1.655406299662670833e+01,1.191847661953421778e+01,3.558825544926490919e-02,3.164413843523365966e-01,-9.479432083944557830e-01,1.571500337411859391e+03
7.162641083086730420e-01,-1.678773305667584737e+01,1.107326371359288686e+01,-2.322100957925450973e-02,3.419642214640154498e-01,-9.394249602551494327e-01,1.580177001495644390e+03
2.568962584721403153e-01,-1.690322342459475635e+01,1.030938101611674007e+01,-8.193316489935459357e-02,3.660567934804794810e-01,-9.269775512027564890e-01,1.586639509500936583e+03
-4.518537024330063906e-02,-1.699856726286798647e+01,9.097544520394524881e+00,-7.339820893151881298e-02,2.943545306251214577e-01,-9.528725587486900350e-01,1.595316173584721582e+03
-1.454470193012344890e-02,-1.701406635979963866e+01,8.451012823478656344e+00,-6.443133191886339650e-02,2.209201003003394281e-01,-9.731602708393369827e-01,1.599338965808190324e+03
4.301243231448473314e-01,-1.695701100728276600e+01,6.919386646367561511e+00,-2.825837107961863270e-01,2.562784319178806891e-01,-9.243731993773647293e-01,1.608015629891975323e+03
1.219047818590329735e+00,-1.679267147143679395e+01,5.352639779401669351e+00,-4.862618663095419347e-01,2.785099367683370741e-01,-8.282388619808337404e-01,1.616692293975760322e+03
2.303669290791545254e+00,-1.651891828449207722e+01,3.877102402734506459e+00,-6.650332209188513088e-01,2.864758996784507183e-01,-6.896813568443076470e-01,1.625368958059545321e+03
3.635867854627513385e+00,-1.613159441626822144e+01,2.619085597803409993e+00,-8.097409480667336901e-01,2.797682983579591331e-01,-5.157977280472992865e-01,1.634045622143330320e+03
5.167989739227626167e+00,-1.562453024876826646e+01,1.704854995309275090e+00,-9.129729875143958173e-01,2.587307018160387440e-01,-3.154944500425398979e-01,1.642722286227115319e+03
6.703398987238761819e+00,-1.505825814827922926e+01,1.254455503889881030e+00,-9.694416944573922557e-01,2.244406727675793134e-01,-9.903123474924302450e-02,1.650675198696688540e+03
8.444433978300608601e+00,-1.437613845249745914e+01,1.169283983240250402e+00,-9.634091661728874101e-01,2.200265858574330657e-01,-1.530656070064180807e-01,1.659351862780473539e+03
1.015974192409666621e+01,-1.369557993557789288e+01,1.423714569023081244e+00,-9.545099242902227443e-01,2.149577899010385595e-01,-2.066445087359914945e-01,1.668028526864258538e+03
1.176719152392286816e+01,-1.307877224712712305e+01,1.949647064473233549e+00,-9.427704500639234597e-01,2.092493675640858530e-01,-2.596085142263035439e-01,1.676705190948043537e+03
1.321148155221092502e+01,-1.258519366229756464e+01,2.678997620357624232e+00,-9.282256754272463217e-01,2.029183046136433521e-01,-3.118000274677270034e-01,1.685381855031828536e+03
1.444945873884601895e+01,-1.227249293225881388e+01,3.543676421872525406e+00,-9.109188790550547532e-01,1.959834393838523481e-01,-3.630637509678466546e-01,1.694058519115613535e+03
1.543543029019946289e+01,-1.219656996049029907e+01,4.475565374563077015e+00,-8.909015576119468927e-01,1.884654067341021422e-01,-4.132471477306856045e-01,1.702735183199398534e+03
1.612119048271969035e+01,-1.241149735712260238e+01,5.406532314907484427e+00,-8.682332725666674911e-01,1.803865766657715419e-01,-4.622008950285761975e-01,1.711411847283183533e+03
1.643186767249129332e+01,-1.287279503047304452e+01,6.159990368479721035e+00,-8.429814730273218482e-01,1.717709877797003459e-01,-5.097793286196501406e-01,1.719019715874761914e+03
1.646198661770016614e+01,-1.366515260584086988e+01,6.868792470654014437e+00,-8.343385192532712935e-01,2.748922552605894132e-01,-4.778195091102410696e-01,1.727696379958546913e+03
1.619786923424511116e+01,-1.464374726323211462e+01,7.340027879280977885e+00,-8.159086549051390858e-01,3.747889726710385006e-01,-4.402548044184568243e-01,1.736373044042331912e+03
1.567401529487291434e+01,-1.572721160321481904e+01,7.483974065276575161e+00,-7.879080638609089471e-01,4.702893619275109738e-01,-3.975258469069657408e-01,1.745049708126116911e+03
1.511522066430868705e+01,-1.656198277407920827e+01,7.283992836870985421e+00,-7.506651869443968783e-01,5.602732102670802128e-01,-3.501338415016798655e-01,1.751545912523394691e+03
1.417548796048922632e+01,-1.764424415262228507e+01,6.576023637186055204e+00,-6.490705663104587853e-01,7.062801128165707709e-01,-2.826195361081620394e-01,1.760222576607179690e+03
1.306220550810432535e+01,-1.863327385366811839e+01,5.488593087199857834e+00,-5.239810708751125867e-01,8.267212658614039311e-01,-2.048750495739156130e-01,1.768899240690964689e+03
1.179634115190655841e+01,-1.947146839986807620e+01,4.126326461641590448e+00,-3.799246575692173389e-01,9.172369812235808828e-01,-1.197145557049271863e-01,1.777575904774749688e+03
1.040104490437636997e+01,-2.010207059654497996e+01,2.593906348918830762e+00,-2.221158383309843332e-01,9.745508019302883129e-01,-3.022066876196460167e-02,1.786252568858534687e+03
8.901636150811471637e+00,-2.046923566359744484e+01,9.960508129218350604e-01,-5.626692818187359335e-02,9.965881001236567283e-01,6.036713912160222850e-02,1.794929232942319686e+03
7.325121387377090620e+00,-2.054806369473356042e+01,-5.743903871780999815e-01,1.116187250995877428e-01,9.825511729148885820e-01,1.487697980488185689e-01,1.803605897026104685e+03
6.722827409442752256e+00,-2.048400281516354937e+01,-1.121911678928691369e+00,2.754640459086269422e-01,9.329481181987624439e-01,2.317873339113244169e-01,1.806808658367369162e+03
5.053967409561177071e+00,-2.010350835948095494e+01,-2.478948713026542183e+00,3.551432785592876229e-01,8.864294859911115987e-01,2.968400546756150282e-01,1.815485322451154161e+03
3.369614505601312704e+00,-1.956203280045248505e+01,-3.661222976390345440e+00,4.302963235040505596e-01,8.286136354598777620e-01,3.581096439767214590e-01,1.824161986534939160e+03
1.690112009176282015e+00,-1.892774611628496473e+01,-4.611610268347059893e+00,4.999653889674951501e-01,7.602374099340085678e-01,4.148152484802856144e-01,1.832838650618724159e+03
3.300294392474426713e-02,-1.826956459662910603e+01,-5.273034755963760922e+00,5.632625739978024404e-01,6.821722373697258757e-01,4.662341807458020848e-01,1.841515314702509158e+03
-1.587324644981810140e+00,-1.763407314945857252e+01,-5.615069920796022629e+00,6.193811835118329112e-01,5.954130248128323144e-01,5.117111288559283988e-01,1.850191978786294158e+03
-3.158738864346844810e+00,-1.702243927914281585e+01,-5.660533945603942740e+00,6.676060085868116278e-01,5.010654795435297570e-01,5.506665075240747553e-01,1.858868642870079157e+03
-4.302820990412685731e+00,-1.656562590577627248e+01,-5.505857299722857867e+00,7.073224410674564533e-01,4.003320183878708027e-01,5.826038443194833105e-01,1.865431305243040697e+03
-5.745374050906201902e+00,-1.595109003749335130e+01,-5.094873706975523220e+00,7.631274715784617246e-01,3.106668439393072689e-01,5.666750163892495529e-01,1.874107969326825696e+03
-7.103595885978477575e+00,-1.530322361848489265e+01,-4.523799948896956025e+00,8.102268968068072619e-01,2.174576530352474169e-01,5.442816778360136665e-01,1.882784633410610695e+03
-8.362881424917386397e+00,-1.460222566409370515e+01,-3.842227867164218491e+00,8.480834187711400185e-01,1.217677562318367906e-01,5.156792882679576140e-01,1.891461297494395694e+03
-9.507728993775005577e+00,-1.382889668860087440e+01,-3.099772321312753487e+00,8.762651803228865832e-01,2.468876270541360898e-02,4.811941383170000308e-01,1.900137961578180693e+03
-1.052174956122524563e+01,-1.296466646322876137e+01,-2.346060838809246984e+00,8.944506914316300294e-01,-7.267187239512393204e-02,4.412196273523525392e-01,1.908814625661965692e+03
-1.138767632008184805e+01,-1.199162155010871800e+01,-1.630723263132281442e+00,9.024324964872522115e-01,-1.692034813061243925e-01,3.962117756939508295e-01,1.917491289745750692e+03
-1.208737460264750574e+01,-1.089253260437738291e+01,-1.003381401468590006e+00,9.001195408027844458e-01,-2.638048536256843435e-01,3.466840225181606061e-01,1.926167953829535691e+03
-1.260185212799046361e+01,-9.650881436631989274e+00,-5.136386736770739425e-01,8.875382093325153710e-01,-3.553967984028257310e-01,2.932013687905761778e-01,1.934844617913320690e+03
-1.291126957922301877e+01,-8.250887827994239032e+00,-2.110697641489801546e-01,8.648320257574583225e-01,-4.429344550640545997e-01,2.363739320274426126e-01,1.943521281997105689e+03
-1.299495150879213057e+01,-6.677536090070992358e+00,-1.452102781697255651e-01,8.322600153628227915e-01,-5.254192127640685550e-01,1.768499863933828686e-01,1.952197946080890688e+03
-1.290890706418267087e+01,-5.640305379358599325e+00,-2.622179535989551669e-01,7.901937503664433482e-01,-6.019101022084674124e-01,1.153085675125685439e-01,1.957337763481349839e+03
-1.255381256184813843e+01,-3.732334061918478163e+00,-6.977773736445274100e-01,8.094750545038599254e-01,-5.762317282331435031e-01,1.127170417906070560e-01,1.966014427565134838e+03
-1.202379667157897281e+01,-1.706334979999593271e+00,-1.309549620248042556e+00,8.279162296703603818e-01,-5.499553069853760912e-01,1.100085313226637634e-01,1.974691091648919837e+03
-1.136692459939025923e+01,3.973406436495721672e-01,-2.028412860901624981e+00,8.454981374355249324e-01,-5.231081090631486408e-01,1.071858471173127020e-01,1.983367755732704836e+03
-1.063274875271667774e+01,2.540372911509787279e+00,-2.785222893025482538e+00,8.622025310595021752e-01,-4.957179973404022832e-01,1.042519186599357994e-01,1.992044419816489835e+03
-9.872276973003911493e+00,4.686518040075385194e+00,-3.510827570348032278e+00,8.780120744177025705e-01,-4.678133980605815312e-01,1.012097908732761675e-01,2.000721083900274834e+03
-9.137940241714732181e+00,6.801652384691116993e+00,-4.136081230531797104e+00,8.929103599833531080e-01,-4.394232713477659313e-01,9.806262095861914552e-02,2.009397747984059833e+03
-8.464141224597938162e+00,8.856816553301747774e+00,-4.616530038329245578e+00,9.068819258477076595e-01,-4.105770811646101692e-01,9.481367512062664760e-02,2.018074412067844833e+03
-7.847635669595844909e+00,1.083019904748213946e+01,-4.957092175286975433e+00,9.199122717603308574e-01,-3.813047647481309643e-01,9.146632517920873229e-02,2.026751076151629832e+03
-7.266687801256732193e+00,1.270258154304656273e+01,-5.187385891279565620e+00,9.319878741728762073e-01,-3.516367015549146657e-01,8.802404507193199723e-02,2.035427740235414831e+03
-7.203363260833738124e+00,1.290651492043138227e+01,-5.204271372682571339e+00,9.430962002707973246e-01,-3.216036817478208354e-01,8.449040725057622991e-02,2.036431931246835802e+03
-6.679257355159316845e+00,1.454717344742963547e+01,-5.282320331878726627e+00,8.930919257086263885e-01,-4.394704264679775152e-01,9.617981334241626490e-02,2.045108595330620801e+03
-6.149500848376421303e+00,1.604407991742224837e+01,-5.312840452664631563e+00,8.283251440769049401e-01,-5.500728546130427832e-01,1.062793973845524848e-01,2.053785259414406028e+03
-5.595056376777910678e+00,1.737531042093185718e+01,-5.325507832047093437e+00,7.498664316098355709e-01,-6.515827514524790143e-01,1.146222175453822517e-01,2.062461923498191027e+03
-4.997782120969451292e+00,1.851811546082263860e+01,-5.350002236025223290e+00,6.590126844653309002e-01,-7.423221989679504862e-01,1.210703705862617996e-01,2.071138587581976026e+03
-4.340444966287134498e+00,1.944894754116059588e+01,-5.416000903644442310e+00,5.572656816851098149e-01,-8.207913100432557840e-01,1.255172712187748174e-01,2.079815251665761025e+03
-3.637616944784759276e+00,2.015234611786996410e+01,-5.533125418091782599e+00,4.463072619648298933e-01,-8.856930200403910769e-01,1.278894138302141825e-01,2.088491915749546024e+03
-2.966093839839531121e+00,2.063150186493820115e+01,-5.670892764062288371e+00,3.279715244526072437e-01,-9.359545261251775994e-01,1.281475874707699303e-01,2.097168579833331023e+03
-2.628636525275325653e+00,2.080042332306760855e+01,-5.741167123594307142e+00,2.042145129316299823e-01,-9.707450200666799534e-01,1.262875240245766306e-01,2.102574989166561409e+03
-2.304270299489649343e+00,2.087936352637997217e+01,-5.787957971064868978e+00,2.258584352893803493e-01,-9.711688427017686198e-01,7.626956250593761033e-02,2.111251653250346408e+03
-2.293142254267765523e+00,2.078529508383164170e+01,-5.722855159325821894e+00,2.468314539087646808e-01,-9.687078660386863049e-01,2.602505767455470451e-02,2.119928317334131407e+03
-2.606717263431232112e+00,2.057501706931890695e+01,-5.527407925737302108e+00,2.670712789219205074e-01,-9.633693991454163053e-01,-2.429676430450714367e-02,2.127724495732276409e+03
-3.240922836990025591e+00,2.024980983744430318e+01,-5.136463158991137590e+00,3.201908013117158447e-01,-9.466742421785165895e-01,-3.582917729082376462e-02,2.136401159816061408e+03
-4.017993050157100399e+00,1.988800166370896960e+01,-4.560387602067838664e+00,3.722750013210066045e-01,-9.269180997970606350e-01,-4.724573689147117811e-02,2.145077823899846408e+03
-4.789535899507335159e+00,1.953912084762293588e+01,-3.787257086923026872e+00,4.231554824332048326e-01,-9.041648480246778918e-01,-5.850953150961846205e-02,2.153754487983631407e+03
-4.837392471859948806e+00,1.951655006562637595e+01,-3.717081650924263236e+00,4.726677390631042197e-01,-8.784880508220572759e-01,-6.958414334966611658e-02,2.154387382205320137e+03
-5.321210432586108041e+00,1.926951326397601605e+01,-2.585173680080380620e+00,5.025847897795989727e-01,-8.560235411468382072e-01,-1.209554714647307905e-01,2.163064046289105136e+03
-5.577122683891809096e+00,1.912573870518397001e+01,-1.327058754420854969e+00,5.304720424965567727e-01,-8.301018106435326116e-01,-1.718382846995841484e-01,2.171740710372890135e+03
-5.574351944015182525e+00,1.912459422496080919e+01,-1.160517878317948837e+00,5.562168811262117041e-01,-8.008275381647340652e-01,-2.220271047855197355e-01,2.172833140906843255e+03
-5.263531183198171703e+00,1.924639895224031960e+01,1.863622868181895875e-01,4.957066640990573925e-01,-8.509313747974908138e-01,-1.737489526633024528e-01,2.181509804990628254e+03
-4.692230075057624461e+00,1.945427773019723361e+01,1.507011223984150883e+00,4.309816282145530475e-01,-8.938000072140324104e-01,-1.239934806529758293e-01,2.190186469074413253e+03
-3.909220834428818847e+00,1.968924829640922880e+01,2.735844196458770305e+00,3.625921014902642736e-01,-9.290689472008681893e-01,-7.318373646279924261e-02,2.198863133158198252e+03
-2.989638152532196003e+00,1.989345092595116071e+01,3.834488956377122726e+00,2.911195673044490451e-01,-9.564383198772050676e-01,-2.175173100006807733e-02,2.207539797241983251e+03
-2.326558117032613282e+00,1.998070357128514374e+01,4.525848197034917142e+00,2.171717213791947154e-01,-9.756754128438818174e-01,2.986523402517511638e-02,2.213652121309497488e+03
-1.493163379154200943e+00,1.997944766105124970e+01,5.426896169376307810e+00,1.695848735392234130e-01,-9.831285986600989402e-01,6.853560502144259714e-02,2.222328785393282487e+03
-8.773297088298939173e-01,1.980844301285059572e+01,6.251133130442527275e+00,1.213509914230992415e-01,-9.868306930042816116e-01,1.069444725904863946e-01,2.231005449477067486e+03
-8.500176646683836879e-01,1.978104162609717775e+01,6.305339535291163422e+00,7.265408836808683046e-02,-9.867675722745343769e-01,1.449453060389271353e-01,2.231662615805189489e+03
-7.596216879658225229e-01,1.921078022920112360e+01,6.857461669600556142e+00,1.269032767328992783e-01,-9.903765158074975261e-01,-5.520792780242677472e-02,2.240339279888974488e+03
-9.590488501678476885e-01,1.842506257207464060e+01,7.195998146568284959e+00,1.756934136774267463e-01,-9.513820375057404632e-01,-2.529862508173630342e-01,2.249015943972759487e+03
-1.423216535104548264e+00,1.746643147860725165e+01,7.336366182575425832e+00,2.169256757503018607e-01,-8.714615832979398791e-01,-4.398817568813017109e-01,2.257692608056544486e+03
-2.107911196293415834e+00,1.640188746381300788e+01,7.333251272357118822e+00,2.488263598436124269e-01,-7.540531251228740350e-01,-6.078546924555852105e-01,2.266369272140329485e+03
-2.966443603980913224e+00,1.529652528155454405e+01,7.241368783569807732e+00,2.700231826476310326e-01,-6.042072677210619247e-01,-7.496793037471116694e-01,2.275045936224114485e+03
-3.949678982202310618e+00,1.421345927234911954e+01,7.115452534713495147e+00,2.796043122376250523e-01,-4.283699855637984055e-01,-8.592546677481762707e-01,2.283722600307899484e+03
-4.264093647561095324e+00,1.391096367314334437e+01,7.081351894300939698e+00,2.771575925869802504e-01,-2.341053357056681328e-01,-9.318671368099191721e-01,2.286302034248829841e+03
-5.361338612256918879e+00,1.299781779296305828e+01,7.013358093962708928e+00,6.149024025709930452e-01,-2.045299444553464741e-01,-7.616170541251906512e-01,2.294978698332614840e+03
-6.460294180081080917e+00,1.224464963009699581e+01,7.037075229718253944e+00,8.641433016306027115e-01,-1.455162232044501236e-01,-4.817461811286929962e-01,2.303655362416399839e+03
-7.489623046599550804e+00,1.168210561951566362e+01,7.103875898797311628e+00,9.890066409678139880e-01,-6.555811106516556963e-02,-1.325367805399527421e-01,2.312332026500184838e+03
-7.824729680850864177e+00,1.153105109170605402e+01,7.069626408747115676e+00,9.715206222238511602e-01,2.383589177271771067e-02,2.357488724424890159e-01,2.315663338849083175e+03
-8.491651950200498788e+00,1.127677686411109548e+01,6.655054814222178372e+00,9.893685945625941836e-01,2.486236178620010104e-02,1.432817052250602852e-01,2.324340002932868174e+03
-8.511840202275562817e+00,1.127078024281361124e+01,6.624269258752609524e+00,9.984410667880946333e-01,2.566830765563303182e-02,4.954365877900295673e-02,2.324706374150830470e+03
-8.802985017206308882e+00,1.123420616203428857e+01,5.631390660361526024e+00,9.996581977894108961e-01,2.579099375445953468e-02,4.038835526037313703e-03,2.333027701794162112e+03
-8.926497368964417589e+00,1.130466645101422962e+01,4.483814151972890016e+00,9.992135480362761557e-01,1.784792799481307521e-02,3.537989299021158246e-02,2.340429736949079143e+03
-8.964939399615158067e+00,1.153544429989754505e+01,2.924414599408542426e+00,9.902512000580567797e-01,-6.788718590542264404e-03,-1.391203582547890505e-01,2.349106401032864142e+03
-8.953042022037768888e+00,1.178662976302115872e+01,1.922075848577986967e+00,9.504547195610953958e-01,-3.121397999263417905e-02,-3.092887219315414993e-01,2.354278342309909476e+03
-8.915650919515721640e+00,1.223928610504691505e+01,7.054949988397541949e-01,9.596117836297011205e-01,-1.102606061488567157e-01,-2.588161962324281307e-01,2.360360353966545063e+03
-8.816065619675715226e+00,1.309691766049654049e+01,-1.036962508850719500e+00,9.605008771268217505e-01,-2.266651267590863439e-01,-1.614279571511893496e-01,2.369037018050330062e+03
-8.634180403891020816e+00,1.408686381958139933e+01,-2.748062918721946080e+00,9.392645337493294999e-01,-3.378483227772032249e-01,-6.032119393323605999e-02,2.377713682134115061e+03
-8.332942371782246838e+00,1.509781558489765807e+01,-4.392105990440412278e+00,8.963919450287755053e-01,-4.412490719640916326e-01,4.217508006627271322e-02,2.386390346217900060e+03
-7.879757503140891295e+00,1.601705085368756798e+01,-5.933405452309044925e+00,8.328706879730223278e-01,-5.344855203324082593e-01,1.436998457564773179e-01,2.395067010301685059e+03
-7.306643404553866183e+00,1.669695800028049604e+01,-7.249251745000905522e+00,7.501639777448380064e-01,-6.154099447306207171e-01,2.419144609578426086e-01,2.403130164613318811e+03
-6.550582293792506228e+00,1.717906781385328685e+01,-8.543693377669432820e+00,6.722090967045413201e-01,-6.412561006923535034e-01,3.700318143499622958e-01,2.411806828697103811e+03
-5.698569522652769059e+00,1.736651335333407431e+01,-9.734076220546185709e+00,5.786864865084523357e-01,-6.522513482795373463e-01,4.895795430761531453e-01,2.420483492780888810e+03
-5.139114992038586571e+00,1.728747745961248583e+01,-1.040791983628066042e+01,4.717620063754918713e-01,-6.481410523928367029e-01,5.977890811497708068e-01,2.425813156632938899e+03
-4.191910928928892055e+00,1.686149023313229733e+01,-1.140533036168093339e+01,3.972417034956295390e-01,-5.665953478089115203e-01,7.219187910322594215e-01,2.434489820716723898e+03
-3.224765186386301163e+00,1.618306384213163085e+01,-1.228550716458088310e+01,3.117530911082485590e-01,-4.694052761168773791e-01,8.261154259172954761e-01,2.443166484800508897e+03
-2.252145636196814849e+00,1.530651450457958163e+01,-1.302926985835424389e+01,2.176566062701310866e-01,-3.592543661161455293e-01,9.075020122147831048e-01,2.451843148884293896e+03
-1.286279734533916530e+00,1.428662748675627547e+01,-1.361746639972596107e+01,1.175503538599881742e-01,-2.391840025903410882e-01,9.638313790350194754e-01,2.460519812968078895e+03
-7.526166084072332119e-01,1.366636129542062683e+01,-1.385002648847332374e+01,1.419837414793698183e-02,-1.125094551298139733e-01,9.935482014869676526e-01,2.465369066212374946e+03
1.886467197341063495e-01,1.251137627554273912e+01,-1.408307025760442421e+01,-2.408884407921503198e-02,-9.056001262976204336e-02,9.955986197680334326e-01,2.474045730296159945e+03
3.070176650148500608e-01,1.236532580381300228e+01,-1.408948233897882218e+01,-6.232904325957637492e-02,-6.843380635087091546e-02,9.957057318780331290e-01,2.475142349573290630e+03
1.190936693530166179e+00,1.127163630982621356e+01,-1.396096991576390955e+01,-8.580159514751189986e-02,3.035400873101991998e-02,9.958487437392927744e-01,2.483466312374177505e+03
2.052632765771370327e+00,1.013899818912627637e+01,-1.363345820295390176e+01,-1.787155513163242448e-01,1.656028058429444005e-01,9.698631152976894265e-01,2.492142976457962504e+03
2.821312199653243091e+00,9.025092843623344407e+00,-1.311011745858667865e+01,-2.666968439096236709e-01,2.962808501496835278e-01,9.171087456150720518e-01,2.500819640541747503e+03
3.472792351652107534e+00,7.950698304080127343e+00,-1.238975112397300826e+01,-3.473171551824175696e-01,4.187813759610599651e-01,8.390416872030712625e-01,2.509496304625532503e+03
3.983644445253104571e+00,6.937586718775119898e+00,-1.147120362776162494e+01,-4.183513319575909994e-01,5.297233192672254898e-01,7.378166222538701247e-01,2.518172968709317502e+03
4.290004757304636485e+00,6.122852587580222661e+00,-1.049123357526584854e+01,-4.778387973077543593e-01,6.260446312322075491e-01,6.162273959285176073e-01,2.525780380867860003e+03
4.457507567981974894e+00,5.299759237545426771e+00,-9.173351156424503827e+00,-5.125408476030600680e-01,7.052078403348783775e-01,4.898793539915758388e-01,2.534457044951645003e+03
4.427553843403112310e+00,4.599454428040812282e+00,-7.664247433926629327e+00,-5.352315404051315451e-01,7.678445484448486180e-01,3.520510581971388331e-01,2.543133709035430002e+03
4.236699164732212530e+00,4.122530448352817345e+00,-6.272142588885025738e+00,-5.453791306387837379e-01,8.124868956124224884e-01,2.059724455358061534e-01,2.550354779863506792e+03
3.810946894340712543e+00,3.674890252584033234e+00,-4.471744785115484788e+00,-3.758361101188528175e-01,9.064194137132004503e-01,1.927409265674147609e-01,2.559031443947291791e+03
3.208866276536326723e+00,3.343537545685824508e+00,-2.593988959497394831e+00,-1.921078338122956253e-01,9.661406609396157030e-01,1.722347336243106874e-01,2.567708108031076790e+03
2.715084522298170100e+00,3.180248470071558753e+00,-1.313608268365114684e+00,-1.128739002345619273e-03,9.893965854748725253e-01,1.452278299709127418e-01,2.573602673824100748e+03
1.925354782541845111e+00,3.011595644058052912e+00,5.312479156908953559e-01,-2.045859083751268293e-02,9.936537583064226631e-01,1.105968112334646813e-01,2.582279337907885747e+03
1.138680108170457839e+00,2.913214073285412820e+00,2.340554953180194797e+00,-3.975588669542461789e-02,9.963299507030998203e-01,7.578983306281346366e-02,2.590956001991670746e+03
4.270969848402456637e-01,2.885791847988189218e+00,4.140502951225662365e+00,-5.898992790681616832e-02,9.974209058844861753e-01,4.086226744399137217e-02,2.599632666075455745e+03
3.839586275558810602e-01,2.888379489241915010e+00,4.272892588557525073e+00,-7.813011638240960344e-02,9.969248877338562354e-01,5.869678107092880272e-03,2.600267624125338443e+03
-7.200147811334485504e-02,2.995135509397924167e+00,6.097062042236858659e+00,-5.707513275996715929e-02,9.975263520056022459e-01,-4.100739280914536544e-02,2.608944288209123442e+03
-4.051193181584820668e-01,3.206691617786480375e+00,7.935610644168347605e+00,-3.586941041053584578e-02,9.954932111023434560e-01,-8.777614730733279691e-02,2.617620952292908441e+03
-4.235595058592247497e-01,3.233373258363581471e+00,8.081361339125518128e+00,-1.456894722435333155e-02,9.908308339114211272e-01,-1.343130832677904007e-01,2.618304636174612369e+03
-5.747138704958949518e-01,3.717828911587847340e+00,9.924779007953866028e+00,6.928338728144601069e-03,9.877912427553280361e-01,-1.556228095093713237e-01,2.626981300258397368e+03
-6.654827879695709436e-01,4.380039619734079182e+00,1.171710077621992596e+01,2.841920821969117980e-02,9.838374727566553402e-01,-1.767885058061893500e-01,2.635657964342182368e+03
-7.000171549391326353e-01,4.858033024506144493e+00,1.266437505068519087e+01,4.988378144001887754e-02,9.789731812446688108e-01,-1.977905931375400495e-01,2.640509090032692711e+03
-7.399577132452154205e-01,5.869203507903725026e+00,1.423309139453742844e+01,4.987246217503241846e-02,9.293775099231063042e-01,-3.657433274393740441e-01,2.649185754116477710e+03
-7.528077142151046175e-01,6.959881174510449853e+00,1.565415711404859245e+01,4.833165882066556979e-02,8.512797796876862000e-01,-5.224794612722282183e-01,2.657862418200262709e+03
-7.406199387693818137e-01,8.043553282210499589e+00,1.690324131298696386e+01,4.530862494434245713e-02,7.470750892354455219e-01,-6.631922342355552891e-01,2.666539082284047709e+03
-7.089604437016298055e-01,9.033859872473531283e+00,1.795604882665725910e+01,4.089607075215198617e-02,6.199591773534668393e-01,-7.835662893547036267e-01,2.675215746367832708e+03
-6.669056087882795358e-01,9.844701388499565553e+00,1.878832528003633939e+01,3.522931985036446140e-02,4.738304169772739050e-01,-8.799100129961227035e-01,2.683892410451617707e+03
-6.270379018108301894e-01,1.039034620835974465e+01,1.937586213952866032e+01,2.848215922369680408e-02,3.131702623783265693e-01,-9.492687466511157135e-01,2.692569074535402706e+03
-6.168566279804513774e-01,1.048682951883691850e+01,1.952643500631671003e+01,2.086150968383556140e-02,1.429058153347431415e-01,-9.895153992525060893e-01,2.696615665404746323e+03
-6.217528686564695040e-01,1.033240277911012051e+01,1.957307305659816166e+01,2.655874467033045305e-02,2.635050115382999159e-01,-9.642913159289755454e-01,2.705292329488531323e+03
-6.514060822999265810e-01,9.861743860787216320e+00,1.934004428457390645e+01,3.185194309798480145e-02,3.800955122682510012e-01,-9.243975634297414423e-01,2.713968993572316322e+03
-6.976853309123278724e-01,9.148073327671088606e+00,1.882788157684997898e+01,3.666058052371079512e-02,4.909036461072754376e-01,-8.704410445715050626e-01,2.722645657656101321e+03
-7.494908704935189236e-01,8.264116968122975138e+00,1.803717588003064520e+01,4.091150402623534854e-02,5.942437082122833392e-01,-8.032425935474942769e-01,2.731322321739886320e+03
-7.927633147076944553e-01,7.282014936162162222e+00,1.696857608293694497e+01,4.454004499979694748e-02,6.885436031923886091e-01,-7.238244890128157083e-01,2.739998985823671319e+03
-8.104938806039084787e-01,6.273231125162865851e+00,1.562278888976563707e+01,4.749100289686264409e-02,7.723687599028336015e-01,-6.333949031767446280e-01,2.748675649907456318e+03
-7.919733368547909880e-01,5.663033115121132610e+00,1.460395540545857962e+01,4.971948496191450073e-02,8.444439545291723137e-01,-5.333295233477444164e-01,2.754126479035926423e+03
-6.969339870235394807e-01,4.785952153052639879e+00,1.270681918725427550e+01,1.740630414235371307e-02,8.952101871444856362e-01,-4.453018542605841623e-01,2.762803143119711422e+03
-5.171732339618181351e-01,4.065563133132925167e+00,1.053464152511845242e+01,-1.510478312286617740e-02,9.357976521830875249e-01,-3.522110158621768461e-01,2.771479807203496421e+03
-2.230874435473418071e-01,3.548987712955827600e+00,8.125251139995414817e+00,-4.744412267983818404e-02,9.657448712225367160e-01,-2.551154619574228510e-01,2.780156471287281420e+03
2.206639658729575293e-01,3.239912830591946236e+00,5.590331846676134475e+00,-7.924401336104150428e-02,9.847113419882924656e-01,-1.551191777477959888e-01,2.788833135371066419e+03
3.177549397217765415e-01,3.222320323914119378e+00,5.193943080958604241e+00,-1.101428871249795216e-01,9.924814092600049431e-01,-5.335912937693243485e-02,2.790185295074792521e+03
1.111762150759518342e+00,3.290654682002812415e+00,2.699187450744267025e+00,-2.535177843587911317e-01,9.592498702470944050e-01,1.247654577416748151e-01,2.798861959158577520e+03
2.015236563768082245e+00,3.512451405964168050e+00,2.858782364708614132e-01,-3.833575592132485998e-01,8.748047913568373080e-01,2.962288959808568323e-01,2.807538623242362519e+03
2.940552812266581828e+00,3.861615707819012755e+00,-2.010798971839208971e+00,-4.927301916376417568e-01,7.436546323731770824e-01,4.518769146565416728e-01,2.816215287326147518e+03
3.823186782849946397e+00,4.317350450265578843e+00,-4.138561395539089638e+00,-5.757963808864072774e-01,5.728013778178083770e-01,5.833996137545135463e-01,2.824891951409932517e+03
3.983455481670908682e+00,4.426457868919727368e+00,-4.510358658756311812e+00,-6.281212934274819082e-01,3.713667147224138931e-01,6.837751121091495410e-01,2.826593048671430552e+03
4.740224318221636146e+00,5.076395114342398429e+00,-6.113486525429950191e+00,-6.995246565389888760e-01,3.630678004811888071e-01,6.155038806917793037e-01,2.835269712755215551e+03
5.446239173313882631e+00,5.803197354260189122e+00,-7.337378598010007025e+00,-7.640528733409306383e-01,3.512005524642902166e-01,5.411833133858294786e-01,2.843946376839000550e+03
6.107010942649902852e+00,6.593509768081192490e+00,-8.078589677508624334e+00,-8.210717544487080577e-01,3.358816051262611957e-01,4.615438455697741249e-01,2.852623040922785549e+03
6.722546608025219861e+00,7.427158487776325480e+00,-8.281189576274847752e+00,-8.700209102351929014e-01,3.172615150692781327e-01,3.773681846795237105e-01,2.861299705006570548e+03
7.262322523773064198e+00,8.241819126707159882e+00,-7.993882604746014309e+00,-9.104192574297818030e-01,2.955232816325574219e-01,2.894836190748413807e-01,2.869672712387742195e+03
7.748648118177840161e+00,9.057849202484385742e+00,-7.280843903065968625e+00,-9.484320656846612074e-01,2.470706854833554511e-01,1.985716323020844665e-01,2.878349376471527194e+03
8.143640047034223173e+00,9.807135676144614678e+00,-6.238319679285908137e+00,-9.750090158820801101e-01,1.956390113267151287e-01,1.052653608511123773e-01,2.887026040555312193e+03
8.426837359896143909e+00,1.045172298392350108e+01,-4.952993089493808121e+00,-9.898296618083118892e-01,1.418483972983262953e-01,1.068984507324477994e-02,2.895702704639097192e+03
8.576122892376215390e+00,1.095448420210380291e+01,-3.511597908083924580e+00,-9.927153037117179002e-01,8.634742295980170346e-02,-8.401457209290397188e-02,2.904379368722882191e+03
8.582845099714878856e+00,1.127714422917141590e+01,-2.082701945174376679e+00,-9.836311426586669127e-01,2.980529020905785600e-02,-1.777059927702705211e-01,2.912535634723868952e+03
8.471704602969396092e+00,1.148083897966801992e+01,-5.433931841731814982e-01,-9.714499947914407851e-01,1.604860603891006265e-02,-2.366967466110537488e-01,2.921212298807653951e+03
8.284464340797926596e+00,1.158335734304262488e+01,9.635463773735892801e-01,-9.555602985023247120e-01,2.230658808424139643e-03,-2.947838870762413133e-01,2.929888962891438950e+03
8.074757672918385865e+00,1.161956138124010351e+01,2.320317425812103096e+00,-9.360227064976327505e-01,-1.159580696141642234e-02,-3.517456896305616865e-01,2.938163058196540987e+03
7.849751021342155077e+00,1.162417824866036931e+01,3.584356356329165383e+00,-9.898627376987736426e-01,-1.731943686923053186e-02,-1.409602696525423249e-01,2.946839722280325987e+03
7.710932647523006445e+00,1.161961997022673998e+01,4.179534013158717976e+00,-9.968207937500745963e-01,-2.222278199474315638e-02,7.650132747796702104e-02,2.952012313799725689e+03
7.465229392728982560e+00,1.161068844928451860e+01,4.803018619487002816e+00,-9.922863667128010157e-01,-2.043575297536414943e-03,1.239418824279928527e-01,2.960688977883510688e+03
7.434378695458597974e+00,1.160948180328724177e+01,4.825145057174182739e+00,-9.850942266197868502e-01,1.814110492185443471e-02,1.710504749363735144e-01,2.961763015716904647e+03
7.216005294185816155e+00,1.160149071319463232e+01,4.545759036926297014e+00,-9.884559269075665622e-01,2.361278327948709496e-02,-1.496506499409051838e-01,2.970439679800689646e+03
7.111040746999966800e+00,1.160649258487774738e+01,3.859417544205844486e+00,-8.901147734559102798e-01,2.665492653020398728e-02,-4.549540690749518390e-01,2.979116343884474645e+03
7.113375660409985812e+00,1.160743115142722282e+01,3.821526122732702646e+00,-7.001891241732778326e-01,2.695452768243316796e-02,-7.134470154308746315e-01,2.979457466509550159e+03
7.329565155783280161e+00,1.166296730814787175e+01,2.630974115921227874e+00,-8.927379716550908340e-01,9.869745960768543797e-03,-4.504658722705918161e-01,2.988134130593335158e+03
7.634418467013441401e+00,1.178449107261859474e+01,1.232250146615471831e+00,-9.901867899401647355e-01,-8.266419962180898001e-03,-1.394983416735531279e-01,2.996810794677120157e+03
7.713456987231024797e+00,1.184737487492210839e+01,8.142627247366330812e-01,-9.821547508613615030e-01,-2.552199828429615319e-02,1.863294742234341550e-01,2.999193198802010102e+03
7.903647153064680353e+00,1.221043929995002308e+01,-7.700745896254790335e-01,-9.915850976587701204e-01,-7.547883275771184730e-02,1.051662488762317854e-01,3.007869862885795101e+03
7.893217237084440008e+00,1.273095447132209479e+01,-2.344523214711636161e+00,-9.919205234385207737e-01,-1.247433575348161627e-01,2.303844457630018633e-02,3.016546526969580100e+03
7.820838642087711179e+00,1.289281994124726438e+01,-2.694446628625061013e+00,-9.831579514151589372e-01,-1.728637346789465568e-01,-5.930068968949793462e-02,3.018571090606137659e+03
7.190192897658250537e+00,1.372949977024328660e+01,-4.095386634679782922e+00,-9.552176998489034787e-01,-1.734620866436402398e-02,2.953916974817294983e-01,3.027247754689922658e+03
6.266224269103845224e+00,1.462429412132193463e+01,-5.391951815048178887e+00,-7.832561096563080971e-01,1.407866418787667717e-01,6.055468505040502158e-01,3.035924418773707657e+03
5.194764542470434954e+00,1.543305900700675082e+01,-6.476770322172154870e+00,-4.932003661038713571e-01,2.776926386618724374e-01,8.244017208306808620e-01,3.043893520388696743e+03
3.894960483332259304e+00,1.630643127577028650e+01,-7.520366920742488581e+00,-4.143918892740877102e-01,1.668691515959992433e-01,8.946686807693738919e-01,3.052570184472481742e+03
2.607550618854689972e+00,1.721755689182251814e+01,-8.397878982734825470e+00,-3.258741826281073561e-01,5.213592544555752106e-02,9.439734436808436824e-01,3.061246848556266741e+03
1.482059983707721518e+00,1.820529769249092311e+01,-9.080241426766271218e+00,-2.297212175459270589e-01,-6.381884203024251745e-02,9.711608093469461522e-01,3.069923512640051740e+03
6.099188803894995958e-01,1.928324227596490914e+01,-9.543940724199275749e+00,-1.281858547573961060e-01,-1.782783347017957432e-01,9.755937792012712162e-01,3.078600176723836739e+03
-3.879088451844951799e-03,2.036740410177659655e+01,-9.765121347793671802e+00,-2.364706350451160899e-02,-2.885607685881874662e-01,9.571684800594401077e-01,3.086846896479906263e+03
-5.094823701581405739e-01,2.152700895935351966e+01,-9.760129183616847115e+00,2.914468646918177974e-02,-2.401791634058079716e-01,9.702899343559453493e-01,3.095523560563691262e+03
-9.631334563362689005e-01,2.266504240699797634e+01,-9.510642431169033628e+00,8.178195935641272007e-02,-1.905246367600905988e-01,9.782689169689171571e-01,3.104200224647476261e+03
-1.456325229963916446e+00,2.374387190964633021e+01,-9.009873192400288389e+00,1.339857942626821452e-01,-1.398603424039973064e-01,9.810631435104351095e-01,3.112876888731261261e+03
-1.842552854598400680e+00,2.438307189921382445e+01,-8.525617015694471945e+00,1.854795270308604027e-01,-8.845478483028158811e-02,9.786578033658142051e-01,3.118472596435692594e+03
-2.545896369521036373e+00,2.527656121053065874e+01,-7.543894844402288413e+00,3.248886678724445254e-01,-2.055496229643714312e-01,9.231439248501531747e-01,3.127149260519477593e+03
-3.311177013456924279e+00,2.607060371441657765e+01,-6.364415228765242460e+00,4.525277675866661298e-01,-3.151978294796119462e-01,8.341863987471297426e-01,3.135825924603262592e+03
-4.095499094661207984e+00,2.675890892211026184e+01,-5.023871006858748878e+00,5.637727120484191667e-01,-4.134270660678069920e-01,7.150079651251134427e-01,3.144502588687047592e+03
-4.856284999958310422e+00,2.733339034058569794e+01,-3.558988570509064253e+00,6.545933109216892642e-01,-4.966786774773804813e-01,5.699262133259387353e-01,3.153179252770832591e+03
-5.551303161264339536e+00,2.778417568256213599e+01,-2.006520213073696102e+00,7.216993068154162749e-01,-5.619366171691780876e-01,4.041971657826439746e-01,3.161855916854617590e+03
-6.138695897295812109e+00,2.809961774264626300e+01,-4.032364731650653900e-01,7.626595780948166592e-01,-6.068367154672312802e-01,2.238248616693794268e-01,3.170532580938402589e+03
-6.577007125110152508e+00,2.826630593663440649e+01,1.214081524484156738e+00,7.759902157765826702e-01,-6.297523307222839817e-01,3.534383919547686576e-02,3.179209245022187588e+03
-6.825209936153123991e+00,2.826907850087792440e+01,2.808649729810148710e+00,7.612082829358328695e-01,-6.298532798582043846e-01,-1.544176021121555498e-01,3.187885909105972587e+03
-6.842734031511322534e+00,2.809103534850104111e+01,4.343688828663420765e+00,7.188493089073210163e-01,-6.071359131726760117e-01,-3.385847811404226193e-01,3.196562573189757586e+03
-6.601440889521829725e+00,2.773119032799630546e+01,5.716598015083882878e+00,6.504478850190200667e-01,-5.624232441779937197e-01,-5.104856935146993013e-01,3.204839683736362986e+03
-6.074242636088518665e+00,2.714716039617472632e+01,7.029423121147291731e+00,6.100328971759705343e-01,-5.317792721078390406e-01,-5.874254592026778576e-01,3.213516347820147985e+03
-5.338260573874690884e+00,2.637311812234816699e+01,8.195769092293696545e+00,5.644374148294274418e-01,-4.966193467775885662e-01,-6.593766974552115467e-01,3.222193011903932984e+03
-4.491916693766353497e+00,2.544115740714221374e+01,9.200538336346358648e+00,5.140486422310158732e-01,-4.572420522074044924e-01,-7.257283921094483947e-01,3.230869675987717983e+03
-3.632119837970332998e+00,2.438730337565225881e+01,1.002866690183535070e+01,4.592944876562407575e-01,-4.139817858345463120e-01,-7.859170787087017551e-01,3.239546340071502982e+03
-2.854206357405563832e+00,2.325146475716034544e+01,1.066512761173102675e+01,4.006399297374219071e-01,-3.672059189025437820e-01,-8.394316290342522802e-01,3.248223004155287981e+03
-2.251881346843716880e+00,2.207738485783501758e+01,1.109493319142408474e+01,3.385830690871040050e-01,-3.173116769166804407e-01,-8.858175912793622153e-01,3.256899668239072980e+03
-1.917160469027810787e+00,2.091259114003496222e+01,1.130313939046324556e+01,2.736508987184230746e-01,-2.647227666389118661e-01,-9.246810490399378635e-01,3.265576332322857979e+03
-1.931077164901467969e+00,2.000493376755694186e+01,1.128060762493306335e+01,2.063948291515144695e-01,-2.098857782428918128e-01,-9.556919663734109172e-01,3.272694965269143722e+03
-2.380292327366868133e+00,1.900723437175873087e+01,1.100395696085778319e+01,2.972506417466970752e-01,-1.167517552539862058e-01,-9.476334120457001742e-01,3.281371629352928721e+03
-3.271591520326686542e+00,1.814109029942654772e+01,1.047673281384358290e+01,3.830550475534970634e-01,-2.163370975184245384e-02,-9.234710678442278331e-01,3.290048293436713720e+03
-4.466391807570357919e+00,1.736471807366919506e+01,9.722916065415063258e+00,4.623499345614050515e-01,7.385197297805275174e-02,-8.836155408872038430e-01,3.298724957520498720e+03
-5.072084028932471789e+00,1.701209868341062759e+01,9.284857087271378262e+00,5.337878054119732374e-01,1.680826603802740293e-01,-8.287441089212512768e-01,3.302734939361821034e+03
-6.374482513046182852e+00,1.621775389253847521e+01,8.175570120648650629e+00,6.030882944660321821e-01,2.075215428236256154e-01,-7.702060233070678885e-01,3.311411603445606033e+03
-7.579769085908390380e+00,1.537644773286070254e+01,6.953091753989504298e+00,6.664877259806375465e-01,2.449298790806291315e-01,-7.041317102978981168e-01,3.320088267529391032e+03
-7.639300153437470264e+00,1.532458478804212909e+01,6.879856267163893868e+00,7.233657825427807220e-01,2.799416557235502312e-01,-6.311676592102395400e-01,3.320583158233141148e+03
-8.490785099941657421e+00,1.435925186354031169e+01,5.569700367035254729e+00,7.984141143194321000e-01,2.608733236275903034e-01,-5.426582820472215518e-01,3.329259822316926147e+03
-9.122371317853449568e+00,1.339282462084241310e+01,4.283693141346276434e+00,8.624205328449335850e-01,2.381971734625192849e-01,-4.466440765100444521e-01,3.337936486400711146e+03
-9.501461285723356909e+00,1.248879787396937857e+01,3.095565068234023887e+00,9.144998574244488365e-01,2.122268098469623498e-01,-3.444528878561366469e-01,3.346613150484496146e+03
-9.592620034323767086e+00,1.170929883583920628e+01,2.079026146406143027e+00,9.539318501290027230e-01,1.833213935085936108e-01,-2.374979831303213051e-01,3.355289814568281145e+03
-9.511227671092067126e+00,1.149877326554943835e+01,1.805777068360869819e+00,9.801711751436070763e-01,1.518806748444049837e-01,-1.272585086568696899e-01,3.358313627308463310e+03
-8.925031825214649217e+00,1.110870862445688090e+01,1.303805456146767794e+00,9.920216294388517486e-01,8.628522136370597728e-02,-9.190183507225638260e-02,3.366990291392248309e+03
-8.318891477461839656e+00,1.103813152790948315e+01,1.192341645963940877e+00,9.982242045339142500e-01,2.019851890907706574e-02,-5.602193593536839572e-02,3.372442034196337318e+03
-6.962160833640912649e+00,1.126077707240326475e+01,1.338428697912545262e+00,9.630607618943279880e-01,-4.035823690148616916e-02,-2.662389558476390694e-01,3.381118698280122317e+03
-5.224380114497024330e+00,1.179741918682963764e+01,1.756434843458101636e+00,8.806158058628499319e-01,-9.893369556802476816e-02,-4.633852893016524033e-01,3.389795362363907316e+03
-3.126498045617312815e+00,1.258755171849930221e+01,2.379046266971860391e+00,7.549367260893860010e-01,-1.526520930308094548e-01,-6.377819988744579671e-01,3.398472026447692315e+03
-7.038037674056837334e-01,1.356904589805255412e+01,3.147142688254283893e+00,5.921935549232307805e-01,-1.988760779388317468e-01,-7.808668895035676405e-01,3.407148690531477314e+03
1.981683967640590183e+00,1.467624223122301608e+01,4.018045964719059171e+00,4.003761362100451415e-01,-2.353362086328940894e-01,-8.856149380236606472e-01,3.415825354615262313e+03
4.853289522631720310e+00,1.584366107590629014e+01,4.957292725716467174e+00,1.889018889057764716e-01,-2.602424003020464283e-01,-9.468832924090349046e-01,3.424502018699047312e+03
7.831913946185668607e+00,1.700904940842083235e+01,5.930405290149234787e+00,-3.184658888332531773e-02,-2.723718386091235621e-01,-9.616638582686707348e-01,3.433178682782832311e+03
1.085686116770387422e+01,1.812736210622579591e+01,6.911494885965135282e+00,-2.510313543314893758e-01,-2.711290312154612803e-01,-9.292310302432215119e-01,3.441855346866617310e+03
1.390742612120540578e+01,1.918360330987821527e+01,7.891863076656394860e+00,-4.578913201071331263e-01,-2.565750415973083176e-01,-8.511772946888326308e-01,3.450532010950402309e+03
1.698329039598025147e+01,2.017725281662617576e+01,8.871407533717839300e+00,-6.422706451187427668e-01,-2.294244707647325743e-01,-7.313349647246771834e-01,3.459208675034187308e+03
2.008413294065508836e+01,2.110779695692023239e+01,9.850026014632851101e+00,-7.951173430601325975e-01,-1.910103437700176876e-01,-5.755879249387333418e-01,3.467885339117972308e+03
2.108297837249273954e+01,2.139254107783682812e+01,1.016339560947086085e+01,-9.089276270543239500e-01,-1.432186377448819437e-01,-3.915826740018611418e-01,3.470665633514013280e+03
