-5.002119258637044652e+00,-1.992940392682864159e+00,3.070317577249774388e+00,6.426239999999999730e-01,1.961600000000000149e-02,-7.659299999999999997e-01,0.000000000000000000e+00
-4.092890097510601066e+00,-2.977542463054240862e+00,3.546460479200258309e+00,6.426236275528273145e-01,1.961598863110662269e-02,-7.659295560880656772e-01,5.102717868275974844e+00
-3.194502396969520763e+00,-3.981852556445421243e+00,3.931756344799030245e+00,6.426236275528273145e-01,1.961598863110662616e-02,-7.659295560880655662e-01,1.020543573655194969e+01
-2.305657944604543097e+00,-5.014622262980022782e+00,4.135475530734352034e+00,6.426236275526844288e-01,1.961598863110226160e-02,-7.659295560878953690e-01,1.530815360482792542e+01
-1.431117663990327804e+00,-6.064153982741901316e+00,4.107136092763211010e+00,6.031913353641574771e-01,-9.235126536633539440e-02,-7.922306840348591894e-01,2.041087147310389938e+01
-1.358322391608334234e+00,-6.152610475799809464e+00,4.094677388596810630e+00,5.548418698833512686e-01,-2.029532247246872145e-01,-8.068199848776462790e-01,2.084072950094657273e+01
-5.164124614911875799e-01,-7.163307089010555018e+00,3.865311330315136296e+00,4.982900012104262144e-01,-3.105548334011350997e-01,-8.094817911138310063e-01,2.594344736922254668e+01
2.723359836237551623e-01,-8.057664280308681981e+00,3.510061974289059084e+00,4.343717535018630782e-01,-4.135653927595688284e-01,-8.001767590172634836e-01,3.104616523749852064e+01
9.885256087139447922e-01,-8.760985484029271575e+00,3.099192036449437193e+00,3.640320466487672046e-01,-5.104620752179567233e-01,-7.790424499197053931e-01,3.614888310577449460e+01
1.614179073261631681e+00,-9.197926473150662474e+00,2.702968243985213181e+00,2.883107282156757156e-01,-5.998124345697151139e-01,-7.463912963929738575e-01,4.125160097405046855e+01
2.156279072276874320e+00,-9.342103750286900876e+00,2.394848968757085306e+00,2.326487616030459837e-01,-6.467939133047501121e-01,-7.263127339063006893e-01,4.635431884232644251e+01
2.669038213258175141e+00,-9.266705776183872700e+00,2.254671630254116543e+00,1.756587027675782509e-01,-6.900830394337332807e-01,-7.020878996437688313e-01,5.145703671060241646e+01
2.708526760461594129e+00,-9.254928696023284829e+00,2.252044232094313703e+00,1.176658818121717187e-01,-7.294326999427344083e-01,-6.738550856898601893e-01,5.184623132217944175e+01
3.271207103912620706e+00,-9.089179469955499968e+00,2.367996588012504233e+00,5.900135189547666553e-02,-7.646182690766581969e-01,-6.417754615651966033e-01,5.694894919045541570e+01
3.912676376220291186e+00,-8.966662227263524798e+00,2.782511939714797489e+00,0.000000000000000000e+00,-7.954388900866258272e-01,-6.060321543747713147e-01,6.176349971469307576e+01
4.731084794868713139e+00,-8.965429339961261235e+00,3.552567299351698793e+00,1.987008355426566897e-01,-7.846231724056432766e-01,-5.872669369880006984e-01,6.686621758296905682e+01
5.620867988045954888e+00,-9.125731352352692838e+00,4.531049538551756406e+00,3.894633208021590076e-01,-7.424608088657120852e-01,-5.450396949292694027e-01,7.196893545124503078e+01
6.460317786358437786e+00,-9.442229190081942392e+00,5.507790926371781914e+00,5.646663325346070739e-01,-6.706362072726250734e-01,-4.810374313883799546e-01,7.707165331952100473e+01
7.167755529136336179e+00,-9.865475909696774792e+00,6.313598216202096047e+00,4.628277311757560963e-01,-5.536263926512055011e-01,-6.923050690381681305e-01,8.217437118779697869e+01
7.322060185519544184e+00,-9.976961764523844423e+00,6.480598073080878763e+00,3.291944730933443752e-01,-3.985843684376028095e-01,-8.560137265974218090e-01,8.343200927517969490e+01
7.892007959449996335e+00,-1.035134707194226245e+01,7.001135879685678631e+00,1.729466766923015986e-01,-2.161609572946157076e-01,-9.609172116075265224e-01,8.853472714345566885e+01
8.381987387849017423e+00,-1.048662581405538674e+01,7.205873350609341088e+00,4.817995168104184482e-03,-1.888798105752424739e-02,-9.998089973064018254e-01,9.363744501173164281e+01
8.686860708849968304e+00,-1.040461999360142897e+01,7.164254000762413810e+00,0.000000000000000000e+00,-2.291096582971970108e-02,-9.997365089551880635e-01,9.703638230980627100e+01
8.871818992398790016e+00,-1.030255693930414651e+01,7.082162642966702393e+00,-1.536702251457710555e-01,-2.268088460858104782e-01,-9.617386387385672419e-01,9.910712739086405065e+01
9.313138651180851824e+00,-9.927744126268827074e+00,6.665002282266052624e+00,-2.971009514804584528e-01,-4.155937883758283879e-01,-8.596573897167861800e-01,1.042098452591400246e+02
9.665915045262526206e+00,-9.477927950658019185e+00,5.961621567317089365e+00,-4.207350067413735961e-01,-5.766865479522472748e-01,-7.002947090439316513e-01,1.093125631274159986e+02
9.762153941627593312e+00,-9.324909600508117791e+00,5.658378435037159981e+00,-5.163343074812717370e-01,-6.993530620125641972e-01,-4.942693370752867521e-01,1.111781184873513268e+02
9.916631933566536716e+00,-9.045700395538011307e+00,4.785571976015672746e+00,-5.740807793329563147e-01,-7.775685158683450782e-01,-2.565471924041664575e-01,1.162808363556273008e+02
9.944989636809671296e+00,-8.994533374314361396e+00,4.188115065297179029e+00,-5.939584362330480038e-01,-8.044922364008854077e-01,-1.901998194682220878e-03,1.196977088128511326e+02
1.000579577598446157e+01,-9.083516505715946820e+00,3.332995999337384774e+00,-4.415009701779827878e-01,-8.369900140786480369e-01,-3.232995664471530195e-01,1.248004266811271066e+02
1.007454028673840085e+01,-9.167903844981687200e+00,2.912111641092256953e+00,-2.327097549702372981e-01,-7.626911969307731409e-01,-6.034453646073216770e-01,1.273911243274876597e+02
1.034346045782530155e+01,-9.293710535511873871e+00,2.062511742252757685e+00,-5.263484776507382223e-01,-7.247512959434592172e-01,-4.446243797906320183e-01,1.324938421957636479e+02
1.068666097616367772e+01,-9.426919363705398069e+00,1.144316800293512459e+00,-7.605689945537787988e-01,-6.049961052540177020e-01,-2.356109444662113084e-01,1.375965600640396360e+02
1.086349465147553239e+01,-9.702876358509497479e+00,1.039123139336272372e-01,-9.089308576323877897e-01,-4.169444759734897143e-01,-0.000000000000000000e+00,1.426992779323156242e+02
1.086603715591680519e+01,-9.733963007875052753e+00,1.288455609957519198e-02,-8.408884039309241221e-01,-3.843519368877716391e-01,3.810226774702731301e-01,1.431156141482020701e+02
1.070057553371483827e+01,-1.022224183956463861e+01,-1.119267736034771143e+00,-6.459805756366608920e-01,-2.937719737058942515e-01,7.045602340229750737e-01,1.482183320164780582e+02
1.016148419370801292e+01,-1.087003922879550899e+01,-2.158815989699307991e+00,-3.536132220421598915e-01,-1.588704345246518268e-01,9.218003440183171193e-01,1.533210498847540464e+02
9.397667009699784302e+00,-1.157534003657252875e+01,-2.858294701984039676e+00,-7.895990730979508126e-03,-0.000000000000000000e+00,9.999678261482836117e-01,1.584237677530300346e+02
8.687041301930982229e+00,-1.225236081570960778e+01,-3.082722300819037198e+00,-6.112225613887134479e-03,1.620506729121875267e-01,9.867624942747121874e-01,1.635264856213060227e+02
8.376077122070819669e+00,-1.259589195171617071e+01,-3.038598781303815333e+00,-4.166865967388627169e-03,3.198169896502408016e-01,9.474691184201297078e-01,1.663264260758911064e+02
8.021840663693785345e+00,-1.313394726074241170e+01,-2.807412459177220487e+00,-2.111342934898795959e-03,4.691279594128291985e-01,8.831265480829681991e-01,1.714291439441670946e+02
8.048980413169074311e+00,-1.351332443903361202e+01,-2.497195047861314077e+00,-0.000000000000000000e+00,6.060361314468605265e-01,7.954358600047460870e-01,1.765318618124430827e+02
8.225445830436516559e+00,-1.366152314164731507e+01,-2.334314837500484963e+00,-7.893632733865620088e-02,6.671183697422240488e-01,7.407564626627539672e-01,1.794648759035239607e+02
8.629427459042814164e+00,-1.385986758191403467e+01,-2.057901536012552768e+00,-1.568503023480224967e-01,7.195602053436924717e-01,6.764828848806795358e-01,1.845675937717999489e+02
8.902449718657425848e+00,-1.406535650109811897e+01,-1.697386623559564933e+00,-2.327328258590702914e-01,7.626824293274838684e-01,6.034475484740206008e-01,1.896703116400759370e+02
8.907421291446492972e+00,-1.407612649254494031e+01,-1.677840001764307809e+00,-2.342221229111244862e-01,6.874385542774594793e-01,6.874345286837894031e-01,1.898994675367348748e+02
8.929895991268397282e+00,-1.413580074726715807e+01,-1.569211408875702318e+00,-2.327326561483562817e-01,6.034521084276577296e-01,7.626788731775399066e-01,1.911467155104153335e+02
8.848082593366228821e+00,-1.435419524719044482e+01,-9.917294716705905566e-01,-1.382754467733406378e-01,7.078746855896901335e-01,6.926697122859741818e-01,1.962494333786913216e+02
8.787808557158454548e+00,-1.439889984186146599e+01,-8.123968604840146046e-01,-4.039896372713496636e-02,7.947932863819529015e-01,6.055324563128597903e-01,1.975325835370915115e+02
8.583416331724617265e+00,-1.445977749426806547e+01,-3.069851783572015783e-02,-2.725877949399257635e-02,7.174963522392445725e-01,6.960272577001459515e-01,2.026353014053674997e+02
8.539746266961826038e+00,-1.436791158920306266e+01,7.017579045534297899e-01,-1.372779641792679778e-02,6.299128392934081333e-01,7.765432135410819114e-01,2.077380192736434878e+02
8.621623690751423652e+00,-1.429140349246332953e+01,1.002712272648683678e+00,-0.000000000000000000e+00,5.332983833109052885e-01,8.459260217983610719e-01,2.106030028449035569e+02
9.001648930021321604e+00,-1.416252909840393492e+01,1.226973825004205043e+00,-2.480593117118688185e-01,5.954978989937238509e-01,7.640987044672039596e-01,2.157057207131795451e+02
9.628638079967702268e+00,-1.401561914081491800e+01,1.124143645721656037e+00,-4.782340119996940087e-01,6.147631740794150534e-01,6.271813689547045545e-01,2.208084385814555333e+02
1.032712698051665257e+01,-1.378612789814444461e+01,9.265415022699369230e-01,-6.739289716563334753e-01,5.897052274905495439e-01,4.450454873762472729e-01,2.259111564497315214e+02
1.052612464607173948e+01,-1.370012950869871737e+01,8.750079497400933271e-01,-8.210349776881072925e-01,5.221306850352523954e-01,2.308226877034356417e-01,2.273938973369207019e+02
1.108497570350129102e+01,-1.329048754634859897e+01,8.678295375388191957e-01,-9.089459700192238367e-01,4.169115275727349190e-01,-4.199995240735423092e-05,2.324966152051966901e+02
1.137080671287368361e+01,-1.271293297986853332e+01,1.222018162641487216e+00,-9.464852909784671198e-01,2.874823039912553502e-01,-1.466885096158187518e-01,2.375993330734726783e+02
1.138238143217075482e+01,-1.216542533978740437e+01,1.880694087008106363e+00,-9.464809472554572833e-01,1.466497067771089791e-01,-2.875163995053563459e-01,2.423669567763948578e+02
1.115436670598094793e+01,-1.181572352017413152e+01,2.867034188107891790e+00,-9.089331001746140393e-01,0.000000000000000000e+00,-4.169395872382412604e-01,2.474696746446708460e+02
1.071494611134235697e+01,-1.184147010529758504e+01,4.042447400912126731e+00,-6.892901598918245165e-01,9.682737513708034732e-03,-7.244192985224008341e-01,2.525723925129468341e+02
1.013736477586982687e+01,-1.214899653768737764e+01,5.222006455405223235e+00,-3.711609605295455028e-01,1.798199547694426942e-02,-9.283933375562010148e-01,2.576751103812227939e+02
9.968073336824540220e+00,-1.225649083398151618e+01,5.523090525490085945e+00,-0.000000000000000000e+00,2.371197228180496955e-02,-9.997178313762560276e-01,2.590543606268399799e+02
9.323581226951493051e+00,-1.263827323454036922e+01,6.466461669097783194e+00,-0.000000000000000000e+00,2.371197226506944339e-02,-9.997178306706712148e-01,2.641570784951159681e+02
8.636722340636643125e+00,-1.293158040520198782e+01,7.054656874147690715e+00,-0.000000000000000000e+00,2.371197226506943992e-02,-9.997178306706712148e-01,2.692597963633919562e+02
8.607333117403744183e+00,-1.294072826080105365e+01,7.070777694189176010e+00,-0.000000000000000000e+00,2.371197226506416636e-02,-9.997178306704488371e-01,2.694701935292031294e+02
7.866862164278774827e+00,-1.307274477192291151e+01,7.267707458518780861e+00,1.268262169502823054e-03,2.074851354567654529e-02,-9.997829217499720755e-01,2.745729113974791176e+02
7.078243770844834692e+00,-1.304695344732214934e+01,7.125305942554136074e+00,2.536510825032016296e-03,1.778483990566506745e-02,-9.998376195706933922e-01,2.796756292657551057e+02
6.254410366756367523e+00,-1.290598260629405303e+01,6.739080531861439738e+00,3.804732862608981112e-03,1.482098198273726006e-02,-9.998819242428100829e-01,2.847783471340310939e+02
5.407461133164777500e+00,-1.269283631374848298e+01,6.204556206824565656e+00,5.072915178548672265e-03,1.185697040056640089e-02,-9.999158353137571620e-01,2.898810650023070821e+02
4.548658496735817458e+00,-1.245087801742648104e+01,5.617268646246354358e+00,6.341044669585116193e-03,8.892835784346986641e-03,-9.999393524364118546e-01,2.949837828705830702e+02
3.688424741352552605e+00,-1.222381413578809983e+01,5.072757330370610163e+00,7.609108232996923682e-03,5.928608760501371221e-03,-9.999524753690959278e-01,3.000865007388590584e+02
2.927549514044081924e+00,-1.206695533759216765e+01,4.695426361916328339e+00,8.877092766732812279e-03,2.964319956386394540e-03,-9.999552039755795763e-01,3.046363360441407622e+02
2.089488559396349032e+00,-1.198409495994850182e+01,4.483923124484626044e+00,1.014498516953709489e-02,0.000000000000000000e+00,-9.999475382250813116e-01,3.097390539124167503e+02
1.336672807550196573e+00,-1.197547509598252624e+01,4.506064173198345735e+00,6.763962590197613971e-03,1.008684358461462739e-02,-9.999252493751229487e-01,3.148417717806927385e+02
9.501864625452426383e-01,-1.195292939585299052e+01,4.583127829050697599e+00,3.382173788399762179e-03,2.017254766666757085e-02,-9.997897924873986319e-01,3.181628790913359808e+02
7.268237563191899397e-01,-1.170787798473924823e+01,4.594790468043657761e+00,0.000000000000000000e+00,3.025597526025509965e-02,-9.995411826938754851e-01,3.232655969596119689e+02
1.037375869387985095e+00,-1.113269348422011618e+01,4.373601946503728577e+00,-4.170116391331618599e-01,2.833750444238459718e-02,-9.084581876290001023e-01,3.283683148278879571e+02
1.477300609968246192e+00,-1.056574682816708766e+01,4.088017383927821768e+00,-7.580441342000368010e-01,2.125597572249138950e-02,-6.518552554836443136e-01,3.321363363200186996e+02
2.061084883313181848e+00,-9.782190500171031644e+00,3.608806007035524122e+00,-7.932228509061529653e-01,3.471170087023257161e-02,-6.079396406017557597e-01,3.372390541882946877e+02
2.474391293422920413e+00,-9.083567364141803324e+00,2.974964304639123203e+00,-8.257465010185791598e-01,4.805123874631071768e-02,-5.619891409114007308e-01,3.423417720565706759e+02
2.594198116056519954e+00,-8.792941963141574391e+00,2.600363494133411724e+00,-8.555062347819392121e-01,6.122994523212333534e-02,-5.141575401054723216e-01,3.448145525317626152e+02
2.634477238307917801e+00,-8.280162847562767325e+00,1.647601316702928642e+00,-6.198064535033912525e-01,-6.882739953649211762e-01,-3.769839088084357415e-01,3.499172704000386034e+02
2.410746740627562446e+00,-7.756854147626299323e+00,4.215647825159754558e-01,1.016999272028908802e-02,-9.999472842347719714e-01,-0.000000000000000000e+00,3.550199882683145916e+02
2.378080896395350141e+00,-7.697632424187762723e+00,2.853214279602172554e-01,-6.674278510729814151e-01,-7.105082036378794763e-01,-2.229712003285945765e-01,3.555309778770503613e+02
2.017382433627959770e+00,-7.017268749789710824e+00,-1.110189244102274930e+00,-9.494871526040852272e-01,-0.000000000000000000e+00,-3.138027199381347998e-01,3.606336957453263494e+02
1.651601061772541623e+00,-6.228699294067247649e+00,-2.412916983894815015e+00,-9.494871519337981791e-01,-0.000000000000000000e+00,-3.138027197166068927e-01,3.657364136136023376e+02
1.503767847616483966e+00,-5.854699685397711129e+00,-2.897042566572673117e+00,-9.494871519338741184e-01,-0.000000000000000000e+00,-3.138027197166320392e-01,3.681045877814036089e+02
1.312712648488464584e+00,-5.072261191314106021e+00,-3.280422557253084737e+00,-9.494871519338741184e-01,-0.000000000000000000e+00,-3.138027197166319837e-01,3.732073056496795971e+02
1.390460639362916417e+00,-4.339011358875090707e+00,-3.107906276354741149e+00,-9.494871519337981791e-01,-0.000000000000000000e+00,-3.138027197166069482e-01,3.783100235179555852e+02
1.441430617233874667e+00,-4.194684108525575716e+00,-3.069480097851507328e+00,-9.494871519336460786e-01,-0.000000000000000000e+00,-3.138027197165566551e-01,3.793598141183315420e+02
1.861683676486235672e+00,-3.481825666642619499e+00,-2.917419550143733886e+00,-9.789433609016954252e-01,-2.146098598930203105e-02,-2.029958674751574932e-01,3.844625319866075301e+02
1.945947535946792151e+00,-3.377289921914804260e+00,-2.897043053898827658e+00,-9.997273403908218947e-01,-5.076225705235376355e-03,-2.274811656569826479e-02,3.851959836842198115e+02
2.517447698015925273e+00,-2.583945891640972103e+00,-2.526561647674949729e+00,-9.873306227655554990e-01,1.147701004132537471e-02,1.582546036915934984e-01,3.902987015524957997e+02
2.944198151220748461e+00,-1.683970195112239443e+00,-1.875311469734232128e+00,-9.421646577679327894e-01,2.764932716733303764e-02,3.340048987062719243e-01,3.954014194207717878e+02
3.175682507664118859e+00,-7.214089053737483548e-01,-1.120162141831611224e+00,-8.657284703647016855e-01,4.290397375221016718e-02,4.986696949238915710e-01,4.005041372890477760e+02
3.250536539713847262e+00,-2.432556756115947239e-01,-7.285709506168532856e-01,-9.365352003599087816e-01,4.270700952453115873e-02,3.479596669505872764e-01,4.029835074213354460e+02
3.363926671252721601e+00,7.343100838206870762e-01,9.267396456294299534e-02,-9.813744256783777375e-01,4.132589989042765449e-02,1.876017234006940870e-01,4.080862252896114342e+02
3.421352913124911410e+00,1.680036869983687176e+00,9.018807680472579191e-01,-9.990028962296166881e-01,3.879893960744808940e-02,2.204213262129014334e-02,4.131889431578874223e+02
3.438023126858030132e+00,2.560480870574889156e+00,1.645795484009306087e+00,-9.889318327401244169e-01,3.519619425801678164e-02,-1.441286165316751910e-01,4.182916610261634105e+02
3.428484490885808089e+00,3.341704987371015623e+00,2.271168849541708834e+00,-9.514404769804202244e-01,3.061755752712067360e-02,-3.063030916177446605e-01,4.233943788944393987e+02
3.406618665744703289e+00,3.989291859562153597e+00,2.724760158285925105e+00,-8.875683493732114959e-01,2.518998153463133244e-02,-4.599846628109326430e-01,4.284970967627153868e+02
3.378064523227469085e+00,4.542271200800613862e+00,2.988078190270700318e+00,-8.897705436263932954e-01,2.789092454120835340e-02,-4.555529341908284291e-01,4.335998146309913750e+02
3.371255922521638304e+00,4.655601478762219969e+00,3.023579945168660910e+00,-8.919444568366668991e-01,3.059098137115009997e-02,-4.511067252916023396e-01,4.346758570963635862e+02
3.346077521496721552e+00,5.062306809147993469e+00,3.117924347918505923e+00,-8.934506821095727913e-01,3.030831586803401159e-02,-4.481353416464883832e-01,4.381166199131892540e+02
3.264972798627721939e+00,5.881078364251936641e+00,3.229237982791401507e+00,-8.949469199529483943e-01,3.002531171229425380e-02,-4.451589501840503837e-01,4.432193377814652422e+02
3.124024661204775288e+00,6.741125592402410049e+00,3.341452831329574824e+00,-8.964331543043122519e-01,2.974197194140211151e-02,-4.421775828493478278e-01,4.473147056441579821e+02
2.790299419433009298e+00,8.015814061504329402e+00,3.552839560008652420e+00,-7.808602245848600409e-01,-2.020690281029293156e-01,-5.911204763360168313e-01,4.524174235124339702e+02
2.256087636867403212e+00,9.437592237541988283e+00,3.784389254293936133e+00,-5.955740570174652415e-01,-4.158397028170786602e-01,-6.872895199040488512e-01,4.575201413807099584e+02
1.526505528752757135e+00,1.088502895315425789e+01,3.920373536648213530e+00,-3.571165318403222710e-01,-5.924852232852122480e-01,-7.220990533687745572e-01,4.626228592489859466e+02
6.134549480056471493e-01,1.219078004387368530e+01,3.881074488329157024e+00,-7.398248526899568744e-02,-5.827912571543687470e-01,-8.092459097572480831e-01,4.677255771172619347e+02
2.038944098347300060e-01,1.264968955630090441e+01,3.817769080020108063e+00,2.156512978463138719e-01,-5.218969419603761706e-01,-8.252975825180872693e-01,4.697893172940536601e+02
-8.842690632011488416e-01,1.339804811282579955e+01,3.563897705397911508e+00,4.863394120686883593e-01,-4.151520154622233560e-01,-7.688437944905475163e-01,4.748920351623296483e+02
-2.047297941452643322e+00,1.346351711372383519e+01,3.139875424742156529e+00,7.143008325620131549e-01,-2.719343978449380583e-01,-6.448441702226213046e-01,4.799947530306056365e+02
-3.140423424086225879e+00,1.298349556801906957e+01,2.493207498690476864e+00,8.795082259530526692e-01,-1.048263167644486460e-01,-4.641925503439364720e-01,4.850974708988816246e+02
-4.001314636595172836e+00,1.222952077884109734e+01,1.574143594545682312e+00,9.674474895549283193e-01,7.149111338888762546e-02,-2.427599136202014396e-01,4.902001887671576128e+02
-4.513639088824299428e+00,1.144900263836433396e+01,3.922958272046568884e-01,9.703928888893355031e-01,2.415277234480669166e-01,0.000000000000000000e+00,4.953029066354336010e+02
-4.605802456259573852e+00,1.119995817016645923e+01,-5.695326992715102343e-02,9.337004112386365628e-01,8.862287241148472661e-02,3.469114131008129709e-01,4.970480855765802630e+02
-4.445849049944312625e+00,1.047590722123465135e+01,-1.321703407148188569e+00,7.615522386263113841e-01,-7.713885395508116027e-02,6.434949767130212495e-01,5.021508034448562512e+02
-3.667536830639792189e+00,9.772039389888236727e+00,-2.311599387010865314e+00,4.789225235544178338e-01,-2.317097694886112447e-01,8.467241576550186277e-01,5.072535213131322394e+02
-3.256102109856440663e+00,9.502963453999614174e+00,-2.599395200975151976e+00,0.000000000000000000e+00,1.466999104714234586e-02,9.998913897824985852e-01,5.092935532491214303e+02
-2.215250912201983891e+00,8.909918574275586423e+00,-3.071519674560108548e+00,-0.000000000000000000e+00,1.466999103679914387e-02,9.998913890775166236e-01,5.143962711173974185e+02
-1.261808057716795162e+00,8.526497962682007881e+00,-3.235155852040303426e+00,-0.000000000000000000e+00,1.466999103680006154e-02,9.998913890775791291e-01,5.194989889856733498e+02
-8.303099805029665603e-01,8.430173748761603747e+00,-3.250903758526470178e+00,-0.000000000000000000e+00,1.466999103679914387e-02,9.998913890775166236e-01,5.221589158503056751e+02
-2.977670583014224159e-01,8.464960338919032878e+00,-3.241706330239439993e+00,-0.000000000000000000e+00,1.466999103679639260e-02,9.998913890773289959e-01,5.260877688296433234e+02
2.382243133912107791e-01,8.878907482305439913e+00,-3.127628971596148499e+00,-0.000000000000000000e+00,1.466999103679639260e-02,9.998913890773289959e-01,5.311904866979192548e+02
6.043312739489623553e-01,9.331974736667849157e+00,-2.921749417503281876e+00,-0.000000000000000000e+00,-7.950793855462741366e-02,9.968332296267479187e-01,5.348946455001930644e+02
1.172851264635684565e+00,9.906279961908834863e+00,-2.381170532503396942e+00,-4.900249582288330186e-01,-1.811870599021652151e-01,8.526692146651831949e-01,5.399973633684689958e+02
1.670425196162203640e+00,1.036714508118779854e+01,-1.539688651856283341e+00,-8.471320701135924836e-01,-2.337197434487250924e-01,4.772214761598813637e-01,5.451000812367449271e+02
1.891844092544491263e+00,1.063967515196035940e+01,-8.101328957876177128e-01,-8.932023255388162886e-01,-1.772407216365637916e-01,4.132473015571547781e-01,5.487578508758375619e+02
2.009909974181338654e+00,1.095462392901045590e+01,2.005755166091134634e-01,-9.308719426991730606e-01,-1.190947660361049015e-01,3.453865414243466048e-01,5.538605687441134933e+02
1.970011646650838832e+00,1.120138846229179208e+01,9.766241723530511010e-01,-9.597866540705102256e-01,-5.982873020192314151e-02,2.742774174252153307e-01,5.589632866123894246e+02
1.881358452353596000e+00,1.139362144024369528e+01,1.242198983603540308e+00,-9.796745246581555211e-01,-0.000000000000000000e+00,2.005886979232468226e-01,5.640660044806653559e+02
1.841786079817029131e+00,1.148037706545104797e+01,1.148819922282168671e+00,-9.994247164191537580e-01,-0.000000000000000000e+00,3.388563428176515763e-02,5.667325292824807548e+02
1.812529950970413584e+00,1.168546587262876280e+01,6.073476918374635103e-01,-9.910110841342323340e-01,-0.000000000000000000e+00,-1.337723107491554375e-01,5.718352471507566861e+02
1.824048460073668609e+00,1.183501430595339343e+01,1.592926027582171056e-01,-9.546707119062373126e-01,-0.000000000000000000e+00,-2.976605983800955091e-01,5.745878449669344263e+02
1.899377136354578610e+00,1.225099405657642215e+01,-7.417252022348318485e-01,-9.262249538041130714e-01,-2.380427392790457897e-01,-2.923029066360345318e-01,5.796905628352103577e+02
2.047901886637114810e+00,1.288749467595938647e+01,-1.559171924852723157e+00,-8.445190949840983841e-01,-4.623974886644045545e-01,-2.701371146002761181e-01,5.847932807034862890e+02
2.255621117123244534e+00,1.375637411512890296e+01,-2.029943118495173948e+00,-7.142513392292927366e-01,-6.601633892673268722e-01,-2.324377849663400997e-01,5.898959985717622203e+02
2.291824303212702585e+00,1.390889693499960877e+01,-2.064139732386045090e+00,-8.673195456302688067e-01,-4.974222275864435550e-01,1.805362212331993593e-02,5.906809412960609507e+02
2.507347212368707723e+00,1.496378043450792283e+01,-2.077201646869820895e+00,-9.226748959561067442e-01,-2.786412042015056767e-01,2.665110048291648437e-01,5.957836591643368820e+02
2.613380461851107839e+00,1.604455548806066290e+01,-1.851080482117938297e+00,-8.740811315928112002e-01,-2.846837599731120300e-02,4.849430141401512850e-01,6.008863770326128133e+02
2.472590586612506858e+00,1.696566456266125300e+01,-1.706963054244300393e+00,-7.270129289260844896e-01,2.249116686482289518e-01,6.487410442403667155e-01,6.059890949008887446e+02
2.181497707504428618e+00,1.747517828172228604e+01,-1.766659728801491136e+00,-5.766679590211620798e-01,1.840762286713729101e-01,7.959698531213631467e-01,6.097110450391924132e+02
1.550464558402996573e+00,1.793788174467317020e+01,-2.055798650990354304e+00,-3.998265333040793013e-01,1.347829435961762079e-01,9.066257780270718936e-01,6.148137629074683446e+02
7.051898322490549598e-01,1.814829310931230921e+01,-2.469704757499674219e+00,-2.046140494825976486e-01,7.929671018452973119e-02,9.756244782239158475e-01,6.199164807757442759e+02
-2.534934847412267378e-01,1.815424568764044722e+01,-2.847372040470113497e+00,-0.000000000000000000e+00,2.016697227948319876e-02,9.997956257306721550e-01,6.250191986440202072e+02
-1.219732107048349334e+00,1.799945470706921924e+01,-3.049453747118031632e+00,1.728538902530533661e-01,7.264310897177578275e-02,9.822639723334278816e-01,6.301219165122961385e+02
-2.076680185153277236e+00,1.772053749816652513e+01,-3.038049688856078401e+00,3.400140207114686342e-01,1.227264034429659811e-01,9.323769064163389686e-01,6.352246343805720699e+02
-2.355459358357304023e+00,1.759428444815264569e+01,-2.995317668216606055e+00,4.959742341692127687e-01,1.687671411466512006e-01,8.517776770438031386e-01,6.371174584142792128e+02
-2.913777344672957792e+00,1.720925118507562956e+01,-2.884726726290220089e+00,6.355972790763313451e-01,2.092487626604288553e-01,7.431211571178032438e-01,6.422201762825551441e+02
-2.997865623625356246e+00,1.711316965917028554e+01,-2.862552700190353683e+00,6.865937718539617540e-01,2.117124940274092426e-01,6.955320354324947552e-01,6.433725468516915953e+02
-3.049575792681804121e+00,1.660792199583520556e+01,-2.794098271949451817e+00,7.342455860396148726e-01,2.131448798310290049e-01,6.445546366064833776e-01,6.484752647199675266e+02
-2.536027115067933213e+00,1.595330825950919618e+01,-2.802908595558289750e+00,5.812959914901835168e-01,1.990286530683558486e-01,7.889743757153016013e-01,6.535779825882434579e+02
-1.734277419958391020e+00,1.524347694371934381e+01,-2.809965460975578200e+00,4.025079073448499245e-01,1.760656198896312363e-01,8.983241519732182434e-01,6.586807004565193893e+02
-1.272694530650496869e+00,1.485114799098162841e+01,-2.754094348414793281e+00,2.058284601293040306e-01,1.452764952999834602e-01,9.677434499469058649e-01,6.617323382391290352e+02
-8.850353374488940661e-01,1.437100480756603638e+01,-2.643122543249156742e+00,0.000000000000000000e+00,1.080298527117454360e-01,9.941466445772128013e-01,6.668350561074049665e+02
-8.768912166379515538e-01,1.429255918135708647e+01,-2.628202477779302715e+00,-0.000000000000000000e+00,-7.531993749848340247e-01,6.577907733643384436e-01,6.680650890504787185e+02
-8.780453682646696123e-01,1.424951576769120720e+01,-2.622389107101061434e+00,-0.000000000000000000e+00,-9.705539409183779886e-01,-2.408797371487642613e-01,6.687884314097042306e+02
-1.242397691779145497e+00,1.407704398401888035e+01,-2.652987412391185629e+00,-0.000000000000000000e+00,-5.697617808902302183e-01,-8.218086839621091544e-01,6.738911492779801620e+02
-2.069820505946624145e+00,1.390943085639232280e+01,-2.575592882067344824e+00,2.131312961374292048e-01,-4.060027702931307547e-01,-8.886702431840003413e-01,6.789938671462560933e+02
-2.885704035360562081e+00,1.335121870124124044e+01,-2.187165121457229855e+00,4.099126642819997390e-01,-2.110983224603022457e-01,-8.873596260341958253e-01,6.837170244028750403e+02
-3.673415258445063447e+00,1.216041601839440567e+01,-1.575479811041258449e+00,5.752485914332494676e-01,-0.000000000000000000e+00,-8.179774190366023712e-01,6.888197422711509716e+02
-4.111950995388411023e+00,1.133831231680654383e+01,-1.211530228068740778e+00,4.709154863899659427e-01,1.711760687080880576e-03,-8.821755350002339346e-01,6.916667660166650649e+02
-4.752554692356025789e+00,9.916028987368294523e+00,-3.981481381951503806e-01,3.595141124387770115e-01,3.397827433232037883e-03,-9.331323902459025543e-01,6.967694838849409962e+02
-4.864271404789865194e+00,8.644739827938277443e+00,6.438833823075001961e-01,2.427165697002918177e-01,5.032893072465072226e-03,-9.700831597241998949e-01,7.018722017532169275e+02
-4.340286121925193363e+00,7.547685324371363969e+00,1.682525922518491202e+00,1.222759447479798700e-01,6.592416007160969982e-03,-9.924732406405569751e-01,7.069749196214928588e+02
-3.462055711674421499e+00,6.601710808480723003e+00,2.525763644676875419e+00,0.000000000000000000e+00,8.052988517097530233e-03,-9.999665741295148402e-01,7.120776374897687901e+02
-2.594946759921644475e+00,5.763470224142359655e+00,3.215980870583392548e+00,-0.000000000000000000e+00,8.052988511418326598e-03,-9.999665734243091686e-01,7.171803553580447215e+02
-2.493546569460363127e+00,5.659722090685860074e+00,3.299823569986058747e+00,-0.000000000000000000e+00,8.052988511418999670e-03,-9.999665734243926574e-01,7.178445399228132828e+02
-1.791438571497521393e+00,4.875349349704626967e+00,3.893414661972132151e+00,-0.000000000000000000e+00,8.052988511419221715e-03,-9.999665734244203019e-01,7.229472577910892142e+02
-1.229270154371537860e+00,4.091299630094441753e+00,4.384139635846135086e+00,-0.000000000000000000e+00,8.052988511418999670e-03,-9.999665734243926574e-01,7.280499756593651455e+02
-7.885691743274235721e-01,3.256949089570638112e+00,4.764101408268168747e+00,-0.000000000000000000e+00,8.052988511418326598e-03,-9.999665734243091686e-01,7.331526935276410768e+02
-4.518772219365057019e-01,2.321086100672010932e+00,5.025410887310369112e+00,-0.000000000000000000e+00,8.052988511417207701e-03,-9.999665734241701687e-01,7.382554113959170081e+02
-2.117735350705483022e-01,1.263751105637056504e+00,5.166305120063616307e+00,-0.000000000000000000e+00,8.052788524641460444e-03,-9.999665750348538662e-01,7.433581292641929394e+02
-1.501297904547690687e-01,8.854027652400865422e-01,5.191220467852068587e+00,-0.000000000000000000e+00,8.052588537912097957e-03,-9.999665766454169935e-01,7.450817012064642313e+02
-3.795310270028607463e-02,-2.472952254557084228e-01,5.208958792409835503e+00,-0.000000000000000000e+00,8.052388551197125002e-03,-9.999665782558599947e-01,7.501844190747401626e+02
-5.791872748479238997e-02,-1.356726943179838107e+00,5.138979139396188778e+00,-0.000000000000000000e+00,8.052188564464541135e-03,-9.999665798661829808e-01,7.552871369430160939e+02
-2.269536588029922031e-01,-2.366375744328889752e+00,4.997895915994538640e+00,-0.000000000000000000e+00,8.051988577682349379e-03,-9.999665814763863958e-01,7.603898548112920253e+02
-5.428391552470109849e-01,-3.233821978598511393e+00,4.804594822103369189e+00,1.247972250289109963e-01,1.699235512925417746e-02,-9.920357415402588641e-01,7.654925726795679566e+02
-8.805393907811185361e-01,-3.853918071913255528e+00,4.624780682839704227e+00,2.476329703994841480e-01,2.566564820055045049e-02,-9.685128736752772749e-01,7.696479731042927597e+02
-1.344029534219199462e+00,-4.566634056549583320e+00,4.399772949099224562e+00,3.665766141487061813e-01,3.393554879529345897e-02,-9.297676938291558058e-01,7.747506909725686910e+02
-1.817164910792536281e+00,-5.280162950251393816e+00,4.192580050840623684e+00,4.797587063238945015e-01,4.167207799635477133e-02,-8.764091633608867005e-01,7.798534088408446223e+02
-2.247090497364342632e+00,-6.060760511908561909e+00,4.028890991266180777e+00,5.854003491875983123e-01,4.875363971606190561e-02,-8.092759194405271250e-01,7.849561267091205536e+02
-2.582226046561876931e+00,-6.976376001307952102e+00,3.934391627160757743e+00,6.818411546861097294e-01,5.506893172818538851e-02,-7.294230956963063672e-01,7.900588445773964850e+02
-2.791084621057278614e+00,-8.059216684106717210e+00,3.919215404785371337e+00,5.538667687647388371e-01,4.594161604438350144e-02,-8.313356544585928098e-01,7.951615624456724163e+02
-2.803630916899861880e+00,-8.161619886053548711e+00,3.921272427035922270e+00,4.110227253992250751e-01,3.558090620350256444e-02,-9.109293706538053037e-01,7.956096880932685735e+02
-2.893735048597390058e+00,-9.367490795046792940e+00,3.963432414478093246e+00,2.571439275820315284e-01,2.426495386222960252e-02,-9.660673954347365200e-01,8.007124059615445049e+02
-2.890149135222441767e+00,-1.061212350246890779e+01,4.024222636006209441e+00,9.636152976960503380e-02,1.229755608674137392e-02,-9.952694236711179254e-01,8.058151238298204362e+02
-2.815356004336933449e+00,-1.181516997761039356e+01,4.067122921963429505e+00,-6.700796228890572304e-02,0.000000000000000000e+00,-9.977514384801853264e-01,8.109178416980963675e+02
-2.681438241303978565e+00,-1.291143025085456486e+01,4.065609162894724626e+00,-5.775727188653952821e-02,4.973936834398060697e-02,-9.970898117911234371e-01,8.160205595663722988e+02
-2.504608518353485191e+00,-1.379268730176837643e+01,4.020564792216260841e+00,-4.835872434097072264e-02,9.935138814205669855e-02,-9.938756136717059597e-01,8.206767168190084476e+02
-2.235630993993156679e+00,-1.461101971912784769e+01,3.926664767255540589e+00,-3.883637952685219802e-02,1.487090554724019575e-01,-9.881170742593625711e-01,8.257794346872843789e+02
-1.869679885549845544e+00,-1.525538652472448575e+01,3.788452978004928973e+00,-2.921461415667711212e-02,1.976860177318277290e-01,-9.798289364528073309e-01,8.308821525555603102e+02
-1.389930879331769287e+00,-1.570907258306928078e+01,3.609402765158988391e+00,-1.951805939913858756e-02,2.461568969688971431e-01,-9.690324181518326085e-01,8.359848704238362416e+02
-7.792081794620527857e-01,-1.595586156424341695e+01,3.392990413028022623e+00,-9.771537847693599621e-03,2.939976107213173040e-01,-9.557551579434144795e-01,8.410875882921121729e+02
-2.119509284745018929e-01,-1.600481526298013435e+01,3.202574007179340487e+00,-0.000000000000000000e+00,3.410856895394125399e-01,-9.400311443715456683e-01,8.450502774749064656e+02
6.025369484769342865e-01,-1.589464159521700459e+01,2.941007675368771057e+00,1.090891924036676598e-02,4.459356725706601909e-01,-8.949974141913840109e-01,8.501529953431823969e+02
1.391956051238442127e+00,-1.563027260168347432e+01,2.689041968199407329e+00,2.167448787692465365e-02,5.449257902459938574e-01,-8.382028988850935836e-01,8.552557132114583283e+02
1.967998178653234786e+00,-1.528725218257500451e+01,2.487456603171211089e+00,3.215524167642710984e-02,6.367552698078536855e-01,-7.703939036647724503e-01,8.603584310797342596e+02
2.148546397738957836e+00,-1.510413804546526428e+01,2.411693477791187590e+00,4.221345879724438394e-02,7.202174285454587821e-01,-6.924614642813350374e-01,8.629342386695808500e+02
2.144278108608696165e+00,-1.477181897373339758e+01,2.343778798056690871e+00,5.171696928920894304e-02,7.942155283755510942e-01,-6.054296404811914112e-01,8.680369565378567813e+02
1.547554545882002808e+00,-1.450667671296684524e+01,2.401463300387806310e+00,-7.789220674457224269e-02,7.603860132062070232e-01,-6.447820678709454967e-01,8.731396744061327126e+02
4.622377876328399582e-01,-1.431364892225429486e+01,2.544790798457104763e+00,-2.059830620600783535e-01,7.117353703972734147e-01,-6.715666315931738684e-01,8.782423922744086440e+02
-9.091197029849925615e-01,-1.418428890985850366e+01,2.706894635944994132e+00,-3.300589315464829143e-01,6.492118894645528826e-01,-6.852612817634652354e-01,8.833451101426845753e+02
-1.709874382933479264e+00,-1.413556265738217554e+01,2.784678713563272900e+00,-4.477014130561331462e-01,5.740342474317232657e-01,-6.855991011683773007e-01,8.861277674418493007e+02
-3.154185033075229683e+00,-1.407372587568834454e+01,2.877151087624314485e+00,-2.265271233948336627e-01,6.002937868715537695e-01,-7.670272692748640875e-01,8.912304853101252320e+02
-4.510858597632591227e+00,-1.402210665611343465e+01,2.902071622631630543e+00,7.386634079976750478e-03,5.927938340271414752e-01,-8.053191342429314448e-01,8.963332031784011633e+02
-5.718573081941657144e+00,-1.393013048440435853e+01,2.876449101311920664e+00,2.408849954918985958e-01,5.519561748957572123e-01,-7.983212385641276221e-01,9.014359210466770946e+02
-6.715008984848238605e+00,-1.374920051199951665e+01,2.817295951840941726e+00,4.608364502591153489e-01,4.800774273061745867e-01,-7.464271095723888916e-01,9.065386389149530260e+02
-7.328327199678891901e+00,-1.352400163011602707e+01,2.759043643751573960e+00,5.737492844011932158e-01,3.934504264367044701e-01,-7.183359385319894042e-01,9.105434102222230877e+02
-7.861111716688260032e+00,-1.310597637041013641e+01,2.688859217835911863e+00,6.745888543581157748e-01,2.985441964200049592e-01,-6.751290545967715273e-01,9.156461280904990190e+02
-8.069222584074347893e+00,-1.251595417664242582e+01,2.643428031326610750e+00,7.612332466828537481e-01,1.973558131944211091e-01,-6.177156523386462261e-01,9.207488459587749503e+02
-8.069788748899602737e+00,-1.222110914707158180e+01,2.634472262596952774e+00,8.318592482949682676e-01,9.201453936680270562e-02,-5.473038603667305102e-01,9.228909053869982699e+02
-7.844238399166687969e+00,-1.139234714568406837e+01,2.653646783166036194e+00,8.849807075424034331e-01,-1.526297770939940603e-02,-4.653753203491750035e-01,9.279936232552742013e+02
-7.274860264921612085e+00,-1.045156220745599818e+01,2.697391150096424273e+00,7.001583924300308626e-01,-3.265028571084726550e-01,-6.349583528158460055e-01,9.330963411235501326e+02
-6.672040522235177740e+00,-9.801350384907856039e+00,2.670796927653372510e+00,4.034587101639984241e-01,-5.855715793380563694e-01,-7.030824949207589158e-01,9.370807486005321607e+02
-5.848025295749141428e+00,-9.284755141737329964e+00,2.414073937064118436e+00,7.605218623655655152e-01,-2.133225680456999618e-01,-6.132682763905719092e-01,9.421834664688080920e+02
-5.088690552525124033e+00,-9.073376150161585940e+00,1.815849441888045313e+00,9.091027180611142011e-01,2.174045106387891280e-01,-3.553386086101029129e-01,9.472861843370840234e+02
-4.533136150677984588e+00,-8.973952978159340788e+00,8.125749341795490688e-01,8.084710213413998092e-01,5.885342875760209980e-01,-0.000000000000000000e+00,9.523889022053599547e+02
-4.384705506223253835e+00,-8.943169101656312847e+00,3.477765568160131049e-01,8.122640809757071256e-01,2.755507976659067326e-01,5.140980652177373766e-01,9.542783250778740012e+02
-3.928394234930207229e+00,-8.977817044128450163e+00,-8.968797105333539132e-01,5.217969639828635708e-01,-1.372574330860478475e-01,8.419538736996626804e-01,9.593810429461499325e+02
-3.229275693828955518e+00,-9.123739287412666599e+00,-1.846482456477104295e+00,4.229742237313078440e-02,-5.003411631525817027e-01,8.647934137780339814e-01,9.644837608144258638e+02
-2.338201152939590077e+00,-9.134673339616650622e+00,-2.370072221136390045e+00,-4.525244665822401036e-01,-6.821651958909240587e-01,5.743433229870396062e-01,9.695864786827017952e+02
-1.980171769898863454e+00,-9.068782521745470504e+00,-2.502523955380959286e+00,-3.648863430469284630e-01,-5.457820326407285538e-01,7.543062571033957164e-01,9.716224547865216437e+02
-1.248751370788278470e+00,-8.740103584184659269e+00,-2.737847485605245712e+00,-2.558412054956893389e-01,-3.773791348234056819e-01,8.900158797297653690e-01,9.767251726547975750e+02
-8.931416141967556399e-01,-8.250898856009081683e+00,-2.812920625125309826e+00,-1.317864346564192324e-01,-1.868362417437346712e-01,9.735104285070038665e-01,9.818278905230735063e+02
-8.770718981892212662e-01,-7.967076091480825184e+00,-2.793347453990818963e+00,-0.000000000000000000e+00,1.466799147870188023e-02,9.998914191179560929e-01,9.846617216642423500e+02
-1.182653893141084600e+00,-7.535282763078681612e+00,-2.677337671394761642e+00,-9.614643594477934735e-03,4.645974864275281280e-01,8.854686523156061195e-01,9.897644395325182813e+02
-1.805002476415918045e+00,-7.249490347130418400e+00,-2.519164956781235531e+00,-1.715615853236662422e-02,8.143495434507576070e-01,5.801193733241767347e-01,9.948671574007942127e+02
-2.003334193341977265e+00,-7.194011207848753031e+00,-2.478431446121616588e+00,-2.099842778003452315e-02,9.885099037255355992e-01,1.496837875919976857e-01,9.963080721445891186e+02
-2.269210492075495633e+00,-7.128581507935271233e+00,-2.439176208703773163e+00,-2.031297923577711842e-02,9.495260293806794261e-01,-3.130266800195738441e-01,9.982628499524549852e+02
-2.925033340037229035e+00,-7.038302417895443419e+00,-2.644379173981957543e+00,-0.000000000000000000e+00,9.419726912662017559e-01,-3.356865336124749688e-01,1.003365567820730917e+03
-3.531777736226501041e+00,-7.019890550633853366e+00,-3.307543193002573378e+00,2.179333662214767431e-01,9.678841615375687324e-01,-1.253127995551065743e-01,1.008468285689006848e+03
-4.115965629376553636e+00,-6.961368210891401453e+00,-4.258745034225603909e+00,4.157246280598060895e-01,9.043401909056060228e-01,9.664291353559165132e-02,1.013571003557282779e+03
-4.269861584231962937e+00,-6.931213098220229796e+00,-4.539465836448761671e+00,3.121342663312277610e-01,9.159277268345008549e-01,-2.522827758661263520e-01,1.014927113146262741e+03
-4.846162602759908289e+00,-6.791093106222811926e+00,-5.537086682742621946e+00,1.671504043892086400e-01,8.060499159178196038e-01,-5.677519487970112966e-01,1.020029831014538672e+03
-5.412711185251239954e+00,-6.685174276631649093e+00,-6.251911684592994511e+00,0.000000000000000000e+00,5.892782266480061093e-01,-8.079289396970256165e-01,1.025132548882814717e+03
-5.851389749929761130e+00,-6.682356148276496377e+00,-6.488274490291883190e+00,2.098328883003209855e-01,5.400186135609316151e-01,-8.150754909803461512e-01,1.029186408249044007e+03
-6.377862024146614850e+00,-6.748668697920103376e+00,-6.350076455789444907e+00,4.099069728186986450e-01,4.656440745418345961e-01,-7.843149045378441375e-01,1.034289126117319938e+03
-6.859543591890056469e+00,-6.804750427013448011e+00,-5.780872634256885689e+00,5.909173183403831908e-01,3.696135747297041863e-01,-7.170777700238099017e-01,1.039391843985595870e+03
-7.278351490925624390e+00,-6.744113896425179888e+00,-4.874601850184218321e+00,7.444455835825035672e-01,2.563932412991090648e-01,-6.164911020459505897e-01,1.044494561853871801e+03
-7.521245744957453461e+00,-6.599566640845104359e+00,-4.127279751114737216e+00,8.633515342803752546e-01,1.312486617506257169e-01,-4.872329186799356782e-01,1.047937477491331720e+03
-7.804664450874355452e+00,-6.143281003549954100e+00,-2.897040279313824129e+00,9.421051217398948019e-01,0.000000000000000000e+00,-3.353146874090737195e-01,1.053040195359607651e+03
-7.856057829911214263e+00,-5.441604517120135043e+00,-1.747539542554134462e+00,9.421051210749141758e-01,-0.000000000000000000e+00,-3.353146871723934330e-01,1.058142913227883582e+03
-7.604713022818911483e+00,-4.852161524187270203e+00,-1.033444169456745110e+00,9.421051210749141758e-01,-0.000000000000000000e+00,-3.353146871723934330e-01,1.063245631096159514e+03
-7.404457471443643968e+00,-4.720469300391352263e+00,-8.198947599777244299e-01,9.421051210747046767e-01,-0.000000000000000000e+00,-3.353146871723188260e-01,1.066707081701501465e+03
-7.387092133974545227e+00,-5.126630444977226198e+00,-7.842374536852879663e-01,9.737472126629939106e-01,2.177715413783347653e-01,6.625648344000208134e-02,1.071809799569777397e+03
-7.660048015831073975e+00,-6.137244227876991864e+00,-1.026643215858129787e+00,8.012087049074216871e-01,3.898795177393326039e-01,4.539345468558110830e-01,1.076912517438053328e+03
-8.066659460098088985e+00,-7.407733592991767146e+00,-1.382882144533688740e+00,4.606684729586406069e-01,4.802354505724624745e-01,7.464291460257106436e-01,1.082015235306329259e+03
-8.513165877174211360e+00,-8.676494343329128611e+00,-1.696009763719048768e+00,4.606684726334056013e-01,4.802354502334130748e-01,7.464291454987268537e-01,1.087117953174605191e+03
-8.728360344019314709e+00,-9.265745620811911110e+00,-1.819538817814796650e+00,4.606684726334360214e-01,4.802354502334448827e-01,7.464291454987761476e-01,1.089610721660217450e+03
-9.117384551409159599e+00,-1.039435149910450917e+01,-2.018026367446991376e+00,4.606684726334588920e-01,4.802354502334686970e-01,7.464291454988132291e-01,1.094713439528493382e+03
-9.388910287932217713e+00,-1.139200077727073968e+01,-2.138172002563875296e+00,4.606684726334741575e-01,4.802354502334845732e-01,7.464291454988378760e-01,1.099816157396769313e+03
-9.502007369214913624e+00,-1.224151342898470318e+01,-2.188021892881803598e+00,4.606684726334817626e-01,4.802354502334925113e-01,7.464291454988501995e-01,1.104918875265045244e+03
-9.422458903393692964e+00,-1.292681476182353961e+01,-2.175670756881972423e+00,4.606684726334817626e-01,4.802354502334925113e-01,7.464291454988501995e-01,1.110021593133321176e+03
-9.115689985764651837e+00,-1.343289468876581694e+01,-2.109217801110439439e+00,4.606684726334741575e-01,4.802354502334845732e-01,7.464291454988378760e-01,1.115124311001597107e+03
-8.570591425620984083e+00,-1.374567369744471179e+01,-1.996896070758824582e+00,4.606684726334588920e-01,4.802354502334686970e-01,7.464291454988132291e-01,1.120227028869873038e+03
-8.481001050537610553e+00,-1.377416083108437483e+01,-1.978859577642262613e+00,4.606684726334360769e-01,4.802354502334448827e-01,7.464291454987761476e-01,1.120916268133958056e+03
-7.734347477667299131e+00,-1.391139168985432129e+01,-1.863759186276978896e+00,4.606684726334056568e-01,4.802354502334131303e-01,7.464291454987267427e-01,1.126018986002233987e+03
-6.855438366447401677e+00,-1.395579733153182111e+01,-1.845278579218493809e+00,4.606684726333674651e-01,4.802354502333733843e-01,7.464291454986650143e-01,1.131121703870509918e+03
-5.889590942635082094e+00,-1.394849289068844556e+01,-1.984322477272228102e+00,3.185044984148543423e-01,4.844081092160748003e-01,8.148016127961723587e-01,1.136224421738785850e+03
-4.966642921507474995e+00,-1.384479844377357693e+01,-2.199938939662049897e+00,1.684088557896393779e-01,4.765176251843111777e-01,8.628831961396951078e-01,1.140774273705619635e+03
-3.853821955568939917e+00,-1.349210549338781107e+01,-2.439995296409093406e+00,1.411931796060538098e-02,4.567604884283678612e-01,8.894765320516312412e-01,1.145876991573895566e+03
-2.644745462116067092e+00,-1.275686168216078187e+01,-2.575131835206503794e+00,-1.405218985060698034e-01,4.256286925836522128e-01,8.939193543540933096e-01,1.150979709442171497e+03
-1.383118762055692841e+00,-1.166027208797430070e+01,-2.519082537411992728e+00,-7.357423546306832152e-02,6.722904537074556597e-01,7.366209186071924764e-01,1.156082427310447429e+03
-6.404870907731367025e-01,-1.093169299907560088e+01,-2.405389367920842680e+00,0.000000000000000000e+00,8.584009604371716229e-01,5.129773787609296365e-01,1.159163147939665123e+03
4.183399960562001474e-01,-9.903670224215199269e+00,-2.198161887058674768e+00,-2.660335642766689102e-01,6.903209341282140477e-01,6.728158370488491746e-01,1.164265865807941054e+03
1.155273268414573673e+00,-9.163117789179983319e+00,-2.031538122800242263e+00,-4.989264794323090002e-01,4.362452727741477077e-01,7.488393887238191660e-01,1.169368583676216986e+03
1.481960163487974436e+00,-8.615850463617045207e+00,-2.045246860557041746e+00,-6.696665005626494249e-01,1.278249046681718959e-01,7.315774543894532078e-01,1.174471301544492917e+03
1.483937078013274791e+00,-8.606133024539873944e+00,-2.048338009800391379e+00,-6.849499125951222789e-01,3.298324192831627588e-01,6.496554413119808302e-01,1.174572544216097185e+03
1.375402919933114365e+00,-8.125911439656055890e+00,-2.371423360559243854e+00,-6.675256524976391770e-01,5.160897553492542755e-01,5.367111585218637959e-01,1.179675262084373117e+03
9.280069752993871379e-01,-7.646432588682123388e+00,-2.977670883413237934e+00,-6.182257810442124413e-01,6.777027960744792523e-01,3.981379206329930254e-01,1.184777979952649048e+03
2.969010179661873416e-01,-7.135550844200412968e+00,-3.764655109929377019e+00,-5.394044661572621191e-01,8.069542401336446957e-01,2.405528553578064888e-01,1.189880697820924979e+03
7.789244957582773521e-02,-6.962861476090307811e+00,-4.038867981768325066e+00,-4.348255654857151598e-01,8.976721029705179156e-01,7.148092857024282432e-02,1.191515502964395637e+03
-5.921784459416721269e-01,-6.425286097594455903e+00,-4.913909022755810874e+00,-3.329906339365111267e-01,8.326534915664608461e-01,4.424967804336534249e-01,1.196618220832671568e+03
-1.232537162306829304e+00,-5.980624832009145742e+00,-5.803387835477770373e+00,-1.804576923000012212e-01,6.408628221508558820e-01,7.461419868071176298e-01,1.201720938700947499e+03
-1.837755336150748819e+00,-5.789010202263366267e+00,-6.676263714931227611e+00,-4.499992964605593069e-04,3.515004504559623433e-01,9.361865363440402543e-01,1.206823656569223431e+03
-2.129039297857500568e+00,-5.802961904160616413e+00,-7.100804402882750388e+00,-3.843305997990502099e-01,5.250981806712805566e-01,7.593154092441115610e-01,1.209372830102821126e+03
-2.707367988977764206e+00,-5.956320609589337067e+00,-7.925542279852084704e+00,-6.879691552107651820e-01,5.890636561192615916e-01,4.239108992688482291e-01,1.214475547971097058e+03
-3.301032236176286716e+00,-6.120031104283516932e+00,-8.719894422282532531e+00,-8.479704324504528934e-01,5.300416452412911594e-01,0.000000000000000000e+00,1.219578265839372989e+03
-3.562242931820410519e+00,-6.150146452793897822e+00,-9.051733588284580634e+00,-7.713961562552216211e-01,5.181255177012342727e-01,3.694481262936623600e-01,1.221754794283229785e+03
-4.161479652231006909e+00,-6.055463810266895841e+00,-9.781919080971729130e+00,-5.848996295885400265e-01,4.323776440822644784e-01,6.862506802951378049e-01,1.226857512151505716e+03
-4.684539608070769745e+00,-5.688097315899631745e+00,-1.038764028827669073e+01,-3.150562158018470060e-01,2.850169212231611904e-01,9.052640142530919976e-01,1.231960230019781648e+03
-5.042795938012964996e+00,-5.044258496360310318e+00,-1.079570880642462960e+01,-3.179997568430842055e-04,9.704192579737919155e-02,9.952792389647324711e-01,1.237062947888057579e+03
-5.056112263314513022e+00,-5.002957317866772335e+00,-1.081105154427598691e+01,-2.355382276100351560e-04,3.239664189454559418e-02,9.994740627490894536e-01,1.237332328512091181e+03
-5.166383554949097068e+00,-4.153153910647874980e+00,-1.095582473353924513e+01,-1.520882391755498469e-04,-3.238459369116603731e-02,9.994744693852617434e-01,1.242435046380367112e+03
-4.973248317774921823e+00,-3.298787770777216188e+00,-1.079164230252348133e+01,-6.799996278718530127e-05,-9.702994690059690841e-02,9.952804553351848327e-01,1.247523903139578806e+03
-4.846047293375238318e+00,-3.037349866659811770e+00,-1.067222621482287614e+01,-0.000000000000000000e+00,-9.695091801188839009e-02,9.952881583184741698e-01,1.249242141474109303e+03
-4.358820673813331936e+00,-2.442698585194278404e+00,-1.015725179218560825e+01,-2.532105750929020127e-01,-4.864908572068821768e-01,8.361872102083393044e-01,1.254344859342385234e+03
-3.818627467058802960e+00,-2.200794517071296585e+00,-9.454096572244989005e+00,-4.453542056003191862e-01,-7.587035138824045344e-01,4.754225589698183874e-01,1.259447577210661166e+03
-3.474707375911284757e+00,-2.325475701288648001e+00,-8.781630729715775630e+00,-5.300915303214127627e-01,-8.479392486978463150e-01,0.000000000000000000e+00,1.264106096728943839e+03
-3.417262118725705733e+00,-2.848494998563636749e+00,-8.124588683570969749e+00,-3.033953789773732312e-01,-7.955179744763823946e-01,5.245001394666647387e-01,1.269208814597219771e+03
-3.706696910648637822e+00,-3.715815481640777573e+00,-7.584050092202619275e+00,2.319088134961608955e-02,-4.811800201317880110e-01,8.763138543057100716e-01,1.274311532465495702e+03
-4.156036353421467489e+00,-4.622684384822615122e+00,-7.215798250207178910e+00,3.421418352604577162e-01,-8.417995946778044150e-03,9.396095475828125654e-01,1.278571302737332417e+03
-4.847465024644170839e+00,-5.646278222620659371e+00,-6.674352010310502514e+00,9.334680231829169950e-01,2.330827560931791331e-01,2.725947147463356757e-01,1.283674020605608348e+03
-5.247306784647053135e+00,-6.039932049062640473e+00,-6.266035086488241923e+00,9.334680225242285578e-01,2.330827559287076411e-01,2.725947145539830974e-01,1.286405957247521428e+03
-5.983411807605514277e+00,-6.247320509828663937e+00,-5.311605575451129546e+00,9.334680225239950779e-01,2.330827559286493267e-01,2.725947145539149297e-01,1.291508675115797359e+03
-6.422622360308150924e+00,-6.109827544493728446e+00,-4.659417330148823311e+00,9.821473338339041792e-01,-9.914836638452220741e-02,-1.598568612464480176e-01,1.294483184371301149e+03
-7.169099392672893423e+00,-5.563003621264916099e+00,-3.402327141022015056e+00,7.364161080998709030e-01,-4.016585135368765935e-01,-5.443893406704199966e-01,1.299585902239577081e+03
-7.427063583977108863e+00,-5.249906021051787164e+00,-2.897040507608089399e+00,7.364161075800413903e-01,-4.016585132533494473e-01,-5.443893402861404995e-01,1.301485514201354135e+03
-7.822844610080492700e+00,-4.257201150264839029e+00,-1.679297587234772626e+00,7.364161075800959022e-01,-4.016585132533792013e-01,-5.443893402861809117e-01,1.306588232069630067e+03
-7.727233762296849662e+00,-3.180650105705735253e+00,-9.412886329974736732e-01,7.364161075801323175e-01,-4.016585132533990188e-01,-5.443893402862077791e-01,1.311690949937905998e+03
-7.666453576213877241e+00,-2.245042114306057268e+00,-6.922008843588619564e-01,7.364161075801505252e-01,-4.016585132534089553e-01,-5.443893402862212128e-01,1.316793667806181929e+03
-7.818198940402519170e+00,-1.849471847752397924e+00,-6.708581364407530945e-01,7.364161075801505252e-01,-4.016585132534089553e-01,-5.443893402862212128e-01,1.319465401882841434e+03
-8.076186064555315625e+00,-1.319097403705081106e+00,-9.766952588429563820e-01,7.364161075801323175e-01,-4.016585132533990188e-01,-5.443893402862077791e-01,1.324568119751117365e+03
-7.838063053830748750e+00,-1.130858636791704619e+00,-1.710570968767388234e+00,7.364161075800959022e-01,-4.016585132533792013e-01,-5.443893402861809117e-01,1.328549292295673922e+03
-6.820095493994410951e+00,-1.203740024280942178e+00,-2.897041275699458573e+00,7.364161075800413903e-01,-4.016585132533493918e-01,-5.443893402861404995e-01,1.333652010163949853e+03
-5.881141774818143375e+00,-1.505845147782006954e+00,-3.669435475046781470e+00,7.364161075799685596e-01,-4.016585132533097013e-01,-5.443893402860866537e-01,1.338754728032225785e+03
-5.807827795214511646e+00,-1.548614886151608916e+00,-3.726959467295630546e+00,0.000000000000000000e+00,-9.950534475069982010e-01,-9.933094484753354769e-02,1.339408458587705582e+03
-5.449602965695421020e+00,-1.736493054238409828e+00,-4.210659487548778834e+00,5.979255637563619663e-01,-7.960095227835458642e-01,9.408432305676626972e-02,1.344511176455981513e+03
-5.229472846900228511e+00,-1.612169900602160810e+00,-4.648267907895605511e+00,9.360262369457866827e-01,-2.510647953304701030e-01,2.466157989573186937e-01,1.349613894324257444e+03
-5.001444672907248368e+00,-1.388634682947562649e+00,-4.829329388565104964e+00,7.871325485452080883e-01,-5.496231590960770630e-01,2.798834293173416699e-01,1.352784655488888802e+03
-4.472827773489781222e+00,-8.230320277613123459e-01,-4.875433867179214786e+00,5.497546308820613348e-01,-7.863965171962790102e-01,2.816884157462051230e-01,1.357887373357164734e+03
-3.926243270364492499e+00,5.733181039215869829e-02,-4.527463936537167832e+00,2.505768424026739716e-01,-9.347684120885201287e-01,2.518278416158728494e-01,1.362990091225440665e+03
-3.606665304968035723e+00,9.778949477437393067e-01,-3.951761195772330204e+00,2.163211586569382394e-01,-9.735960924251246817e-01,-7.289585126988623598e-02,1.367173645337965127e+03
-3.418132950574064743e+00,2.014483420221192755e+00,-3.031997088269027696e+00,1.586753984303102272e-01,-9.071520489672759702e-01,-3.897374475057913124e-01,1.372276363206241058e+03
-3.432551248832620416e+00,2.482392095844985658e+00,-2.070995438360291097e+00,8.387262328889660834e-02,-7.426207522931780325e-01,-6.644379589753112159e-01,1.377379081074516989e+03
-3.618055976188701006e+00,2.286559112617256861e+00,-1.133589437197743965e+00,9.999988887672093537e-07,-4.977924468360954147e-01,-8.672950362322454643e-01,1.382481798942792921e+03
-3.748996844237038051e+00,2.079376985057116656e+00,-6.571005121329605014e-01,8.649910223442305313e-01,4.315195122752376461e-02,4.999264349583396605e-01,1.384960561083046514e+03
-3.900910817491268112e+00,1.708765660052282032e+00,3.526500397783408070e-01,8.285611161590273888e-01,-4.354923732465538766e-01,-3.518961063063235639e-01,1.390063278951322445e+03
-3.845472024804204914e+00,1.397931152347401618e+00,1.284857680970794336e+00,9.999988887671178742e-07,-4.977924468360499510e-01,-8.672950362321663054e-01,1.395165996819598377e+03
-3.755264498962181730e+00,1.175664606436386928e+00,1.991751512194093854e+00,3.657383398376232719e-01,-3.674754792782247703e-01,-8.550995491189508080e-01,1.399874300754311889e+03
-3.735284144561958009e+00,1.135432750700316129e+00,2.550105889516535385e+00,6.762874061994542663e-01,-1.817082186902108931e-01,-7.138735654707546452e-01,1.404977018622587821e+03
-3.767095989751799934e+00,1.412593480051207218e+00,2.836706684927536415e+00,8.847879010088804952e-01,3.147796090136466968e-02,-4.649274225157148388e-01,1.409504863411869792e+03
-3.824923228453814605e+00,2.179066685981474460e+00,2.957899283226912868e+00,8.848684670054864920e-01,2.843659534923840410e-02,-4.649700590664236910e-01,1.414607581280145723e+03
-3.839489658451895604e+00,2.442181724257327602e+00,2.966689348886338173e+00,8.849408408204051391e-01,2.539496673525969833e-02,-4.650083908878274164e-01,1.415902937209048787e+03
-3.872325172080536060e+00,3.647136505012350760e+00,3.013429430115466712e+00,8.888930140923588796e-01,2.669769957504353891e-02,-4.573340598107694666e-01,1.421005655077324718e+03
-3.856507505556169502e+00,5.051422152259218201e+00,3.095695882509926999e+00,8.927774418348346508e-01,2.799839743400176981e-02,-4.496248758907487875e-01,1.426108372945600649e+03
-3.787122028130798235e+00,6.451427832020256048e+00,3.233325190580057740e+00,8.965938298400745188e-01,2.929696176403466870e-02,-4.418814232930049490e-01,1.431211090813876581e+03
-3.674005390123447068e+00,7.710898562203652773e+00,3.423042967573129314e+00,8.365012317880305970e-01,-1.105786017802353749e-01,-5.366899123765214163e-01,1.436313808682152512e+03
-3.646749739943752733e+00,7.955033124113226606e+00,3.466731458760448081e+00,7.495025826656125378e-01,-2.468973805161269741e-01,-6.142357544731908980e-01,1.437380408982179233e+03
-3.525688894351445946e+00,9.072083646864854245e+00,3.651147020424463818e+00,6.383961920589396044e-01,-3.752746995150632592e-01,-6.720247033181965257e-01,1.442483126850455164e+03
-3.447576286661011125e+00,1.012969584184056160e+01,3.750385532836989277e+00,5.067557815277954347e-01,-4.915813188597007444e-01,-7.081979842089046739e-01,1.447585844718731096e+03
-3.454979086422655943e+00,1.119723215633954538e+01,3.691854783024463238e+00,3.588155418936527230e-01,-5.920762440854593356e-01,-7.215920787302309014e-01,1.452688562587007027e+03
-3.379896579974731807e+00,1.219326969411766726e+01,3.502899467926523513e+00,3.062962424276309270e-01,-7.415427443993775070e-01,-5.969044899351081401e-01,1.457791280455282958e+03
-3.271518206749492119e+00,1.253856365452313426e+01,3.417571242843410406e+00,2.413273583688790858e-01,-8.608687951310197706e-01,-4.479553813425272146e-01,1.459845759992455896e+03
-2.716876729854987627e+00,1.321157447173232846e+01,3.271665158869544676e+00,1.665495808299566893e-01,-9.452043363518063401e-01,-2.807988598060403018e-01,1.464948477860731828e+03
-1.827734329160860982e+00,1.370315587992641504e+01,3.244963142319808203e+00,8.500228535494092075e-02,-9.911214998214273875e-01,-1.022290764764065274e-01,1.470051195729007759e+03
-8.383562935626743817e-01,1.421934648271052559e+01,3.353441922628674909e+00,0.000000000000000000e+00,-9.967539354451885325e-01,8.049591402861877576e-02,1.475153913597283690e+03
-2.499767602321258664e-01,1.460483805190804851e+01,3.481306849877424003e+00,-3.026025348423913575e-01,-9.177100477987516491e-01,-2.573673912463210200e-01,1.478296608368356374e+03
6.167762835863946913e-01,1.533253235558993310e+01,3.737996797310055630e+00,-5.410629834472713284e-01,-6.441406594861404100e-01,-5.406770373711714539e-01,1.483399326236632305e+03
1.361073095286635226e+00,1.611925702279719275e+01,3.989310176040217204e+00,-6.648351947754387314e-01,-2.340337873953838022e-01,-7.093802577926019426e-01,1.488502044104908236e+03
1.985662029478431068e+00,1.685501590759666612e+01,4.138379891259499566e+00,-6.476833636047583109e-01,2.256807782524895556e-01,-7.277172849657046472e-01,1.493604761973184168e+03
2.495677210992804262e+00,1.749095063769145142e+01,4.117064551641788306e+00,-6.914182052339313822e-01,1.918066188935614036e-01,-6.965264434439728536e-01,1.498707479841460099e+03
2.508487612720630366e+00,1.750754046435543998e+01,4.113784940106802956e+00,-7.323644932477489933e-01,1.571589024585405836e-01,-6.625264737391891590e-01,1.498851174709319821e+03
2.917937710891428615e+00,1.811867058715787948e+01,3.911446731070637561e+00,-7.703570971882510721e-01,1.218773608831617838e-01,-6.258544972381919758e-01,1.503953892577595752e+03
3.246964578836345705e+00,1.884104082308383354e+01,3.546577963247277143e+00,-8.052427974799021282e-01,8.610428170357875555e-02,-5.866584097892492133e-01,1.509056610445871684e+03
3.518105421646573916e+00,1.980798936493946272e+01,3.037229492357075067e+00,-8.368809030184756192e-01,4.998393448117594007e-02,-5.450962854890677445e-01,1.514159328314147615e+03
3.519250427354010391e+00,1.981316029240224097e+01,3.034571176327928832e+00,-9.074686389495754124e-01,2.493912941244351075e-02,-4.193765720058392210e-01,1.514182834178953954e+03
3.747605591783608858e+00,2.105328421514845871e+01,2.403305598787397024e+00,-9.586226035377952703e-01,-6.397536946745659842e-04,-2.846757711885908315e-01,1.519285552047229885e+03
3.928027446026410185e+00,2.238810298035740232e+01,1.681548830329516520e+00,-9.892473267204550114e-01,-2.620493984302360232e-02,-1.438785171740025182e-01,1.524388269915505816e+03
4.041376263778167832e+00,2.353675061733293461e+01,9.050699081046527095e-01,-9.986869598532424064e-01,-5.120894666514935745e-02,-0.000000000000000000e+00,1.529490987783781748e+03
4.065065236652657177e+00,2.431150152998269931e+01,1.084358851840622473e-01,-9.832949160104937913e-01,-5.525370875476717097e-02,1.734247266621899985e-01,1.534593705652057679e+03
4.012251984316584696e+00,2.466519610949457686e+01,-5.182195769699424748e-01,-9.380800584397436248e-01,-5.762265501681811813e-02,3.415895689092869336e-01,1.538641903423643043e+03
3.838543922585417878e+00,2.486342160854780303e+01,-1.273622661365673148e+00,-8.644137338511250768e-01,-5.824393669991127093e-02,4.993941735427447348e-01,1.543744621291918975e+03
3.520648126586684246e+00,2.484899321107041814e+01,-1.961522521681488218e+00,-7.645302081809450812e-01,-5.709871093680303489e-02,6.420524106250298235e-01,1.548847339160194906e+03
3.042429244500729713e+00,2.471379318019473459e+01,-2.550976381133760906e+00,-6.414589008721335306e-01,-5.422171216611735428e-02,7.652375346407264134e-01,1.553950057028470837e+03
2.389472637973505620e+00,2.455016413289437693e+01,-3.011048568187693064e+00,-4.989325025852430207e-01,-4.970019855919916019e-02,8.652134118982424127e-01,1.559052774896746769e+03
1.549088638560606634e+00,2.445087565575012079e+01,-3.310812749346144113e+00,-3.412737635183323848e-01,-4.367130543223182032e-02,9.389478342364542263e-01,1.564155492765022700e+03
7.146330438576454780e-01,2.447530719371971131e+01,-3.423038980273429122e+00,-1.732643863032194975e-01,-3.631788593853403635e-02,9.842044826159905835e-01,1.568372327583289916e+03
-4.733030278101730270e-01,2.471880611871603151e+01,-3.366660929537991898e+00,-0.000000000000000000e+00,-2.786296520870038332e-02,9.996107518285685112e-01,1.573475045451565848e+03
-1.813079352082322515e+00,2.512019208012972626e+01,-3.044487218280916618e+00,4.805735144729278430e-01,-1.274097286079209357e-01,8.676484646703453985e-01,1.578577763319841779e+03
-3.012230842633961903e+00,2.532246159821496434e+01,-2.522352023136217536e+00,8.370268619317369208e-01,-1.940497361591888847e-01,5.115943044079372948e-01,1.583165645654285527e+03
-4.122110451803112419e+00,2.502813339062302234e+01,-1.722701605904182642e+00,7.552426831362971660e-01,-1.341427247799951150e-01,6.415701200628837197e-01,1.588268363522561458e+03
-4.821984042199060738e+00,2.413373413124746847e+01,-6.996473498312407724e-01,6.529376133058417686e-01,-7.059089173700143494e-02,7.541136513377481032e-01,1.593371081390837389e+03
-5.040746178323544768e+00,2.279598293664043496e+01,4.877913542062356500e-01,5.328913625198693493e-01,-5.120993873926143157e-03,8.461669877587066901e-01,1.598473799259113321e+03
-4.856951622062555707e+00,2.122547078403142962e+01,1.718989626862022613e+00,9.783861770492832122e-01,4.230978192287296324e-02,2.024064497825505404e-01,1.603576517127389252e+03
-4.502351025401871709e+00,1.963249784849989865e+01,2.890124485015507450e+00,8.220322628906608919e-01,6.371394286824928754e-02,-5.658634925950185579e-01,1.608679234995665183e+03
-4.195885951152577675e+00,1.817393857341843955e+01,3.937680587703054957e+00,8.428906500441069038e-01,5.954864537881975062e-02,-5.347778145180740461e-01,1.613781952863941115e+03
-3.995773037844725373e+00,1.689671979054291739e+01,4.853117801505112183e+00,8.625531884741221011e-01,5.529886414860022553e-02,-5.029334276781358692e-01,1.618884670732217046e+03
-3.989419280341000906e+00,1.684705748271485248e+01,4.888794618415403193e+00,8.809919828499298555e-01,5.097062848554190229e-02,-4.703755108263185658e-01,1.619097848843839756e+03
-3.874704845410986476e+00,1.574119387596295283e+01,5.691186611718204169e+00,8.981808739627853422e-01,4.657007899276372626e-02,-4.371502549345283040e-01,1.624200566712115688e+03
-3.823146828618522619e+00,1.479538655438943096e+01,6.400165094978535585e+00,9.140954758274356662e-01,4.210345885766445667e-02,-4.033047976696660375e-01,1.629303284580391619e+03
-3.813896014613360474e+00,1.399826105196860304e+01,7.034697665562730684e+00,9.287132102696441516e-01,3.757710499569794083e-02,-3.688871565264609242e-01,1.634406002448667550e+03
-3.826339348420171760e+00,1.333781332840251643e+01,7.613757287501520032e+00,9.420133389500249255e-01,3.299743906129702642e-02,-3.339461607131222198e-01,1.639508720316943482e+03
-3.840105922435782748e+00,1.280141447966918022e+01,8.156320920814755127e+00,9.539769927788702697e-01,2.837095833868067893e-02,-2.985313818863115642e-01,1.644611438185219413e+03
-3.835072929218824811e+00,1.237581553397693668e+01,8.681368150619640289e+00,9.645871986803374876e-01,2.370422652544865866e-02,-2.626930638335591151e-01,1.649714156053495344e+03
-3.791371579668186165e+00,1.204715233264466967e+01,9.207879816097113590e+00,9.738289036681021527e-01,1.900386442201847104e-02,-2.264820512027297672e-01,1.654816873921771275e+03
-3.689392986188760659e+00,1.180095049542231500e+01,9.754836639390536135e+00,9.816889961983864543e-01,1.427654054009242293e-02,-1.899497173794882920e-01,1.659919591790047207e+03
-3.509794010445844048e+00,1.162213046976054365e+01,1.034121785451100628e+01,9.881563247701103947e-01,9.528961643456797248e-03,-1.531478916149174307e-01,1.665022309658323138e+03
-3.233503075311922270e+00,1.149501266353467877e+01,1.098599983632352739e+01,9.932217137458008160e-01,4.767863234510776906e-03,-1.161287855064999652e-01,1.670125027526599069e+03
-2.841725940612199075e+00,1.140332266072056200e+01,1.170815472968842030e+01,9.968779763708164321e-01,0.000000000000000000e+00,-7.894491893659522086e-02,1.675227745394875001e+03
-2.604461174051118100e+00,1.136839210944713585e+01,1.208808484320051058e+01,8.995877910866412197e-01,-0.000000000000000000e+00,-4.367376857210154006e-01,1.677744865446570429e+03
-2.014344178609248193e+00,1.135881908916024940e+01,1.280331274881736014e+01,6.786210963136768415e-01,-0.000000000000000000e+00,-7.344871732298102751e-01,1.682847583314846361e+03
-1.350976199724124305e+00,1.147901957141029960e+01,1.331630741637017223e+01,3.643566758920477877e-01,-0.000000000000000000e+00,-9.312584027722659030e-01,1.687950301183122292e+03
-8.039538973899862384e-01,1.176796783773342980e+01,1.346612976024969122e+01,0.000000000000000000e+00,-0.000000000000000000e+00,-9.999989999999968626e-01,1.692951813752257749e+03
-4.656860801774065362e-01,1.224279441030483007e+01,1.317205646799606811e+01,0.000000000000000000e+00,-4.768425955380450887e-01,-8.789875648048023349e-01,1.698054531620533680e+03
-3.351407288246790461e-01,1.281358549205037001e+01,1.248882277827069842e+01,0.000000000000000000e+00,-8.382783034181635617e-01,-5.452407596824347946e-01,1.703157249488809612e+03
-3.330741653883578790e-01,1.333592600952848706e+01,1.157684595148961293e+01,0.000000000000000000e+00,-9.968312352734655102e-01,-7.953293898571126008e-02,1.708155935915290456e+03
-3.896607382443290635e-01,1.380844231024333624e+01,1.050750915813583042e+01,0.000000000000000000e+00,-9.973623407508779293e-01,-7.256969831081479250e-02,1.713258653783566388e+03
-4.321562123512987519e-01,1.414404788682022307e+01,9.775314294547520433e+00,0.000000000000000000e+00,-9.978448058454771896e-01,-6.560292149077194546e-02,1.716537643190786184e+03
-4.693687829181632520e-01,1.487212625549740430e+01,8.600521638459715845e+00,-0.000000000000000000e+00,-9.015660899288944208e-01,-4.326390938089193505e-01,1.721640361059062116e+03
-4.461666810006035822e-01,1.584814313938314534e+01,7.435674325713928390e+00,-0.000000000000000000e+00,-6.754750255649860646e-01,-7.373815090166010444e-01,1.726743078927338047e+03
-3.406209663046595448e-01,1.697859946889919414e+01,6.363237217413150404e+00,-0.000000000000000000e+00,-3.521254695939034507e-01,-9.359517368246116353e-01,1.731845796795613978e+03
-1.325811111538273968e-01,1.816935815689586775e+01,5.465668492958983826e+00,-0.000000000000000000e+00,2.192496970816743690e-02,-9.997586187200674379e-01,1.736948514663889910e+03
1.794001342298178203e-01,1.934317875676643794e+01,4.795837301344355375e+00,-5.170627680009828170e-02,-4.772152618220804748e-02,-9.975204844409671923e-01,1.742051232532165841e+03
5.615904805395932620e-01,2.045797476530989911e+01,4.347443548547541781e+00,-1.030232424341836900e-01,-1.170087113400079537e-01,-9.877718223304370326e-01,1.747153950400441772e+03
6.174083426571009836e-01,2.060639766764176883e+01,4.300033411098031166e+00,-1.535645236945751280e-01,-1.854149120205789703e-01,-9.705860330047895168e-01,1.747856583570608109e+03
1.016829931582406754e+00,2.163467051798425445e+01,4.039391992633975192e+00,-2.029495876647372798e-01,-2.524250876287574830e-01,-9.460925113346043691e-01,1.752959301438884040e+03
1.376348323518443939e+00,2.255604969721820652e+01,3.923445351508243917e+00,-2.508066066046028553e-01,-3.175347082612536287e-01,-9.144756722482823008e-01,1.758062019307159972e+03
1.643751239388946628e+00,2.335071542431947123e+01,3.916276247599015825e+00,-2.967752573086104850e-01,-3.802535531309714778e-01,-8.759735623759388190e-01,1.763164737175435903e+03
1.766432540034301502e+00,2.400050049684975662e+01,3.981959581939455983e+00,-3.405094338739161897e-01,-4.401094012937537547e-01,-8.308760679767372981e-01,1.768267455043711834e+03
1.691408275490925650e+00,2.448889803483915628e+01,4.084564990518696703e+00,-3.816798534661439146e-01,-4.966515869062828603e-01,-7.795227326269046353e-01,1.773370172911987765e+03
1.365332790579225408e+00,2.480106899443632429e+01,4.188159438368380449e+00,-4.199765354728094424e-01,-5.494543922600821917e-01,-7.223002010789775218e-01,1.778472890780263697e+03
8.992394979228220953e-01,2.493328238572003741e+01,4.256138631026262331e+00,-2.778855552342718860e-01,-5.810372231349691940e-01,-7.649662499251962400e-01,1.782731635782065268e+03
1.732886012227780881e-01,2.497223071209054979e+01,4.304734412313834468e+00,-1.294010743361807547e-01,-5.992516874889408651e-01,-7.900321366902033349e-01,1.787834353650341200e+03
-6.418305554999129692e-01,2.492314591935643264e+01,4.313635390765703015e+00,2.206062339442155240e-02,-6.036787175315465603e-01,-7.969211597742492659e-01,1.792937071518617131e+03
-1.427424381819971444e+00,2.483654377765628496e+01,4.280256011384508952e+00,1.730147582869359657e-01,-5.942164588185467888e-01,-7.854748204016575031e-01,1.798039789386893062e+03
-1.972747938549288760e+00,2.476928637149032042e+01,4.222044025781721999e+00,3.199882278708007233e-01,-5.710826133410989991e-01,-7.559564688290038026e-01,1.802177916245050255e+03
-2.182297319316566231e+00,2.474551666118507853e+01,4.188606074679618096e+00,4.595995113955018141e-01,-5.348094314391391713e-01,-7.090452462074303686e-01,1.803998349676221324e+03
-2.681320725435442753e+00,2.475792878850818113e+01,4.024783092689133035e+00,8.088332836531195724e-01,-2.128178115169362117e-01,-5.481745145067452585e-01,1.809101067544497255e+03
-3.067228222641375179e+00,2.491535563510066709e+01,3.692472895892779050e+00,8.950274992428024490e-01,-2.115573910998077289e-01,-3.926413705545983013e-01,1.814203785412773186e+03
-3.374069100227137241e+00,2.515708711191664193e+01,3.122993814531346057e+00,9.529194642676543925e-01,-2.036071764233201853e-01,-2.246922613923046930e-01,1.819306503281049118e+03
-3.455372249654768968e+00,2.523404001148313824e+01,2.901357541028774190e+00,9.806785408301968987e-01,-1.892185675130344802e-01,-4.963802236557379038e-02,1.820873097371532140e+03
-3.683916834769666249e+00,2.541531021948067703e+01,1.988168340093825037e+00,9.774269472008515480e-01,-1.688465576710851956e-01,1.269858371994381507e-01,1.825975815239808071e+03
-3.877257190362811468e+00,2.554342707021051950e+01,7.385427394534235246e-01,9.432675131428674975e-01,-1.431353452937428883e-01,2.995941781443940410e-01,1.831078533108084002e+03
-4.006663885375170153e+00,2.556908526472735588e+01,-6.974083528046016722e-01,8.792804257429319703e-01,-1.128979626644021766e-01,4.627288438521703906e-01,1.836181250976359934e+03
-3.984844992378902440e+00,2.531188032971684976e+01,-1.631379108961815705e+00,7.874890693537975883e-01,-7.909056606055915595e-02,6.112312557533452484e-01,1.839685101717162524e+03
-3.597876928296259269e+00,2.411317716208277062e+01,-2.600567378926515794e+00,6.707960406194162228e-01,-4.278220029838607219e-02,7.404055343042132975e-01,1.844787819585438456e+03
-2.768810941310023477e+00,2.215573481352754470e+01,-3.060372098453340239e+00,5.328913625204577675e-01,-5.120993873931799223e-03,8.461669877596412759e-01,1.849890537453714387e+03
-1.710246405961999283e+00,2.001339585771338037e+01,-3.261415693693240581e+00,4.846086706169460134e-01,-1.688667498608364959e-02,8.745669080011652108e-01,1.854993255321990318e+03
-7.291360989183415242e-01,1.809523897471748910e+01,-3.506899498225754197e+00,4.347383089293861413e-01,-2.859702929434658480e-02,9.001015568617140028e-01,1.860095973190266250e+03
-1.420883415611930156e-01,1.686222644110214830e+01,-3.845006819551603616e+00,3.834436625890993433e-01,-4.021369162366755790e-02,9.226872799743932596e-01,1.864146011794783135e+03
3.226706877815831986e-01,1.568747759573319023e+01,-4.459510512677915983e+00,3.308927825290852165e-01,-5.169860380373639264e-02,9.422500840198027028e-01,1.869248729663059066e+03
5.192177131416296776e-01,1.487075183195892158e+01,-5.219938196347682968e+00,2.772578349669789777e-01,-6.301413933735633410e-02,9.587258790673753861e-01,1.874351447531334998e+03
5.153287555682199983e-01,1.430752858640451564e+01,-6.038777622259370759e+00,2.227145374182342430e-01,-7.412322665368123453e-02,9.720606884827724947e-01,1.879454165399610929e+03
3.766924440682082320e-01,1.389120639916678357e+01,-6.828512317987286195e+00,1.674415830848112741e-01,-8.498947054308834959e-02,9.822108257148508548e-01,1.884556883267886860e+03
1.668900871202135261e-01,1.351314415044667960e+01,-7.501627904605012276e+00,1.116200555028805802e-01,-9.557727137642597903e-02,9.891430373845546686e-01,1.889659601136162792e+03
-5.262395793303206726e-02,1.306270258047601729e+01,-7.970618414198243684e+00,5.543283536472937839e-02,-1.058519417186255668e-01,9.928346122080641267e-01,1.894762319004438723e+03
-1.990903306705879006e-01,1.259455708267666374e+01,-8.179732477395795343e+00,-9.359985444640517033e-04,-1.157798199551793861e-01,9.932734553980031578e-01,1.898787348213035102e+03
-3.257902704514409886e-01,1.180700888800803128e+01,-8.270236238529015793e+00,-2.000598030338650074e-04,-3.865797479661969155e-02,9.992514803373305776e-01,1.903890066081311033e+03
-4.071217833081877679e-01,1.083343983774344110e+01,-8.152759004718520330e+00,5.370761023278502327e-04,3.869520154464401590e-02,9.992499151474155683e-01,1.908992783949586965e+03
-4.282582246544325288e-01,1.052966868093085928e+01,-8.081883419864928086e+00,1.270998420251511071e-03,1.158168560489923615e-01,9.932687654470641059e-01,1.910470539318004967e+03
-4.589255341474354211e-01,1.011979860979796619e+01,-7.971655883410452503e+00,0.000000000000000000e+00,1.173078338390019654e-01,9.930945933284813787e-01,1.912442016939695122e+03
-5.518839621442213073e-01,9.012722796342586662e+00,-7.524301023815525902e+00,-0.000000000000000000e+00,1.002580058390355050e-01,9.949604676817765947e-01,1.917544734807971054e+03
-6.223200164233798626e-01,7.835913384818178784e+00,-6.830780547125330671e+00,-0.000000000000000000e+00,8.317868297098099384e-02,9.965336455350896072e-01,1.922647452676246985e+03
-5.889744534332533865e-01,6.603632842146208048e+00,-5.940450867949995661e+00,-0.000000000000000000e+00,6.607488774694385281e-02,9.978136645653050696e-01,1.927750170544522916e+03
-3.703062879226586279e-01,5.327517037032383662e+00,-4.902682601636501047e+00,-0.000000000000000000e+00,4.895164982792965525e-02,9.988001481591793906e-01,1.932852888412798848e+03
1.154814763811058825e-01,4.016569731222326745e+00,-3.766857000871191019e+00,-0.000000000000000000e+00,3.181400459880522752e-02,9.994928059243912699e-01,1.937955606281074779e+03
9.504160758018400657e-01,2.677157439780870174e+00,-2.582362391708739491e+00,-0.000000000000000000e+00,1.466699169428589862e-02,9.998914337753402881e-01,1.943058324149350710e+03
2.024210985982227928e+00,1.311367605600855413e+00,-1.513087113311520682e+00,-0.000000000000000000e+00,4.495597918714004659e-02,9.989879678625903647e-01,1.948161042017626642e+03
3.018962466902446629e+00,-7.828955413700837418e-02,-8.031186732991744126e-01,-0.000000000000000000e+00,7.520368224118614831e-02,9.971671906838892596e-01,1.953263759885902573e+03
3.778915341697710595e+00,-1.484371731520780058e+00,-5.134441043749023992e-01,-0.000000000000000000e+00,1.053823263592864184e-01,9.944307745088460937e-01,1.958366477754178504e+03
3.796014874987505117e+00,-1.521650445839007881e+00,-5.107688892769848277e-01,-0.000000000000000000e+00,1.354642004874207495e-01,9.907812323543389033e-01,1.958501202552296490e+03
4.342485021813770274e+00,-2.935643123465278226e+00,-5.527137421690440089e-01,-0.000000000000000000e+00,1.654216824579966827e-01,9.862219156823468502e-01,1.963603920420572422e+03
4.698084162283387322e+00,-4.349327885931560722e+00,-8.369512940685817082e-01,-0.000000000000000000e+00,1.952272643511903660e-01,9.807570113200567707e-01,1.968706638288848353e+03
4.884628912610653906e+00,-5.755472747717571558e+00,-1.275610971546748518e+00,-0.000000000000000000e+00,2.248535777511692924e-01,9.743915376131395689e-01,1.973809356157124284e+03
4.924018634760511937e+00,-7.147545015769799726e+00,-1.780811050804396167e+00,-0.000000000000000000e+00,2.542734188740285450e-01,9.671313398157487251e-01,1.978912074025400216e+03
4.838228611814522573e+00,-8.519712603491223391e+00,-2.264665002164011565e+00,-0.000000000000000000e+00,2.834597735443900590e-01,9.589830847214881882e-01,1.984014791893676147e+03
4.649303215722637717e+00,-9.866845246900908251e+00,-2.639287834822532819e+00,-0.000000000000000000e+00,3.123858419977573186e-01,9.499542545402949179e-01,1.989117509761952078e+03
4.379349067905412340e+00,-1.118451562286161938e+01,-2.816802441526619738e+00,-0.000000000000000000e+00,3.410250634858765229e-01,9.400531400268701265e-01,1.994220227630228010e+03
4.050563203223162212e+00,-1.246351170931518837e+01,-2.735716168828329575e+00,-0.000000000000000000e+00,3.693511406625381577e-01,9.292888328669763887e-01,1.999322945498503941e+03
3.685276942456325866e+00,-1.370384983507965870e+01,-2.449694106340244204e+00,-0.000000000000000000e+00,3.973380637274551708e-01,9.176712173285994645e-01,2.004425663366779872e+03
3.300186911714849458e+00,-1.492614059457879172e+01,-2.096774093412296924e+00,-0.000000000000000000e+00,4.249601343060773750e-01,9.052109611856458127e-01,2.009528381235055804e+03
2.900794441058664574e+00,-1.614371790482953628e+01,-1.743778386943521719e+00,-0.000000000000000000e+00,4.521919890434417666e-01,8.919195059225074607e-01,2.014631099103331735e+03
2.487113948538526742e+00,-1.735640998408365832e+01,-1.390719730068248561e+00,-0.000000000000000000e+00,4.790086228904252841e-01,8.778090562284927012e-01,2.019733816971607666e+03
2.059160368009155029e+00,-1.856404522696530890e+01,-1.037610868200222303e+00,-0.000000000000000000e+00,5.053854120610432599e-01,8.628925687917609055e-01,2.024836534839883598e+03
1.616949148588898932e+00,-1.976645221066545943e+01,-6.844645485698861442e-01,-0.000000000000000000e+00,5.312981366397437899e-01,8.471837404030466701e-01,2.029939252708159529e+03
1.160496254100587210e+00,-2.096345970113027946e+01,-3.312935197622044470e-01,-0.000000000000000000e+00,5.567230028179663837e-01,8.306969953800869000e-01,2.035041970576435460e+03
6.898181624941296386e-01,-2.215489665924168960e+01,2.188946874510225640e-02,-0.000000000000000000e+00,5.816366647395708744e-01,8.134474723242878236e-01,2.040144688444711392e+03
6.013301632866475677e-01,-2.237432894085130997e+01,8.712175094764236516e-02,-0.000000000000000000e+00,6.060162459351045028e-01,7.954510102217772216e-01,2.041087147310379805e+03
