-5.815547363389913293e+00,-1.673457834765479824e+00,3.861799192405912073e+00,5.208099999999999952e-01,1.200000000000000030e-05,-8.536730000000000151e-01,0.000000000000000000e+00
-6.080248028530949256e+00,-1.935845524910478899e+00,3.300857651305642015e+00,5.082377628166194761e-01,-1.327404164022112643e-02,-8.611133353166928739e-01,4.224723880397554865e+00
-6.345297641527572807e+00,-2.196699397226401285e+00,2.736969058853419234e+00,4.532617191982422078e-01,3.660682351744057317e-02,-8.906243621055307536e-01,8.449447760795109730e+00
-6.568664263627172595e+00,-2.418385609400817149e+00,2.252461110872616246e+00,3.953932227547287126e-01,8.625410147047221643e-02,-9.144519830877397837e-01,1.204319774651753505e+01
-6.827001695061322373e+00,-2.679617864465378752e+00,1.674975156301327983e+00,7.155064077634768482e-01,1.204348798008475080e-01,-6.881453481476741407e-01,1.626792162691508992e+01
-7.080820256390524925e+00,-2.941754489597359523e+00,1.088076715525093219e+00,9.248192601208369279e-01,1.359656198403204341e-01,-3.552755076438641191e-01,2.049264550731264478e+01
-7.250974763545149138e+00,-3.122232692697668011e+00,6.787559718798691355e-01,9.909185647693947718e-01,1.304413060560661308e-01,3.261079070185606693e-02,2.338662019232396005e+01
-7.443234311468253317e+00,-3.333121542068392174e+00,1.928331890285756578e-01,9.833108346815138123e-01,4.894628770981928473e-02,1.752200425402069273e-01,2.675442975422766168e+01
-7.674387243129282332e+00,-3.597357441461251248e+00,-4.296182525754407844e-01,9.753935903334685076e-01,5.145430930654727036e-02,2.143776993602765357e-01,3.097915363462521654e+01
-7.890100500220447621e+00,-3.859641365391103918e+00,-1.064532506551562507e+00,9.659134765095446218e-01,5.387988530379796831e-02,2.531918518630451032e-01,3.520387751502276785e+01
-8.083439828287035667e+00,-4.118480021598076135e+00,-1.710808832739786345e+00,9.548856821867578448e-01,5.621912961883347715e-02,2.916003144931866853e-01,3.942860139542032272e+01
-8.248407606036966655e+00,-4.372659204216146733e+00,-2.366598397474442450e+00,9.423278751997437030e-01,5.846829444421149102e-02,3.295415514908678900e-01,4.365332527581787758e+01
-8.311613360845617748e+00,-4.491880127446773230e+00,-2.683574016832419140e+00,9.282601739723151946e-01,6.062377624540635224e-02,3.669547753646991151e-01,4.567463819784687473e+01
-8.408590525351057110e+00,-4.735673785561805182e+00,-3.349748888834128913e+00,9.277270786984959106e-01,1.218521160540807502e-01,3.528066457103770093e-01,4.989936207824442960e+01
-8.468666314980975329e+00,-4.973303507215770303e+00,-4.015933889555741487e+00,9.235300462416635714e-01,1.825992017966714398e-01,3.372651556074563461e-01,5.412408595864198446e+01
-8.488896500673645207e+00,-5.204250994690250209e+00,-4.677928175603560668e+00,9.156856525427623517e-01,2.426251359169692978e-01,3.203916808272573857e-01,5.834880983903953933e+01
-8.478647251193086376e+00,-5.305809953509919019e+00,-4.974968916388465168e+00,9.042248747330713377e-01,3.016928682415940810e-01,3.022528563313500727e-01,6.026810067994223630e+01
-8.412806119948706751e+00,-5.520352163283433811e+00,-5.616078022408386161e+00,8.683790264393798086e-01,3.849718151135645972e-01,3.125900958250069084e-01,6.449282456033978406e+01
-8.304891718075053220e+00,-5.723153331855439951e+00,-6.238022316355212205e+00,8.253020326556796959e-01,4.650450218462672258e-01,3.203243396153758193e-01,6.871754844073734603e+01
-8.155352582225393832e+00,-5.910875908066653750e+00,-6.833394910076892259e+00,7.753526029910359219e-01,5.412457095894214198e-01,3.253911844007543741e-01,7.294227232113490800e+01
-7.964560247370900292e+00,-6.080172594014432441e+00,-7.394790226676853706e+00,7.189466733418777844e-01,6.129393461995873427e-01,3.277484382429751708e-01,7.716699620153246997e+01
-7.732809169643150682e+00,-6.227687516093650899e+00,-7.914804366663059199e+00,6.565539425618883707e-01,6.795289296137260182e-01,3.273764718546994801e-01,8.139172008193003194e+01
-7.460316656116058986e+00,-6.350057396900967710e+00,-8.386035474034843062e+00,5.886939615580072394e-01,7.404599587810429817e-01,3.242783820524515748e-01,8.561644396232759391e+01
-7.148057205194055186e+00,-6.445144642699401238e+00,-8.801567020433436639e+00,5.159318073537129123e-01,7.952250507918201539e-01,3.184799660153568857e-01,8.984116784272515588e+01
-6.942474323073857256e+00,-6.484658227941323183e+00,-9.009747705893927261e+00,4.388733781074097284e-01,8.433681657790457198e-01,3.100295065604637412e-01,9.232219487953710768e+01
-6.557278507647067656e+00,-6.525371284853676457e+00,-9.298867394065153391e+00,2.744948776249144240e-01,8.921926736684188119e-01,3.586680850174975288e-01,9.654691875993466965e+01
-6.140257564403748702e+00,-6.541556928180750852e+00,-9.517672339694966510e+00,1.013957176680724270e-01,9.126723100498064234e-01,3.959118120327203005e-01,1.007716426403322316e+02
-5.694764594623296539e+00,-6.535623655604698712e+00,-9.660876462430495693e+00,-7.492476494859644232e-02,9.041564455165321812e-01,4.205774621023340987e-01,1.049963665207297936e+02
-5.223967022197426147e+00,-6.512011227109525180e+00,-9.723537145442319840e+00,-2.488648951801645803e-01,8.669156300750227029e-01,4.318814122866447835e-01,1.092210904011273556e+02
-4.731119076473585316e+00,-6.475433277448493286e+00,-9.703433805997651262e+00,-4.148986213388893840e-01,8.021329973087735210e-01,4.294645371152159830e-01,1.134458142815249175e+02
-4.219787586978052119e+00,-6.429113393232697149e+00,-9.603446331364404287e+00,-5.677510741987042975e-01,7.118666774067858860e-01,4.134036179619141604e-01,1.176705381619224795e+02
-4.029366788569080704e+00,-6.408993661040351064e+00,-9.540085377538879641e+00,-7.025661469790576152e-01,5.989844128897610087e-01,3.842089044178328971e-01,1.191981349072222258e+02
-3.489978675388822005e+00,-6.345681804290222772e+00,-9.293310142221118397e+00,-6.951380833100815337e-01,5.657234439579987839e-01,4.435516092701945468e-01,1.234228587876197878e+02
-2.940923961754084992e+00,-6.278354602374854210e+00,-8.979486192250659471e+00,-6.844546672614195693e-01,5.298131819286979738e-01,5.008171330103927676e-01,1.276475826680173498e+02
-2.386041979425118420e+00,-6.209271502355226957e+00,-8.604054964957612128e+00,-6.705659308554366982e-01,4.914217946984766328e-01,5.557373049108238483e-01,1.318723065484149117e+02
-1.829214842816740294e+00,-6.140614547249645838e+00,-8.172460941214692909e+00,-6.535369156867210094e-01,4.507290683436432355e-01,6.080549373066977958e-01,1.360970304288124737e+02
-1.274739269428723398e+00,-6.074709726889415684e+00,-7.690412769068374566e+00,-6.334473683400171362e-01,4.079255653125989367e-01,6.575250297180899040e-01,1.403217543092100357e+02
-7.277043002803471605e-01,-6.014238430886818421e+00,-7.164144374330371434e+00,-6.103913669927932828e-01,3.632117321926073283e-01,7.039159159278096656e-01,1.445464781896075976e+02
-5.493094342119356766e-01,-5.996062582997154777e+00,-6.975682222032872026e+00,-5.844768809477280946e-01,3.167969612209332597e-01,7.470103486544176219e-01,1.459556462470970075e+02
-3.038901209620318428e-02,-5.949335624288220714e+00,-6.376252759715896445e+00,-6.286895487524009063e-01,1.786776102189653881e-01,7.568498945603866490e-01,1.501803701274945695e+02
4.681045534334458136e-01,-5.914307517667636738e+00,-5.747768887387428194e+00,-6.596189053156839011e-01,3.678304163521772807e-02,7.506982800021773095e-01,1.544050940078921315e+02
9.405206433264974297e-01,-5.893519371031724852e+00,-5.096732555308898682e+00,-6.766114531222340300e-01,-1.058887138238152198e-01,7.286854752144402703e-01,1.586298178882896934e+02
1.381152710297118613e+00,-5.889400348068913438e+00,-4.429646826378974112e+00,-6.793081597807567595e-01,-2.463232020479491358e-01,6.912765757553146484e-01,1.628545417686872554e+02
1.784239111399817723e+00,-5.904266825478350356e+00,-3.753015554685431798e+00,-6.676520446301854594e-01,-3.815532372434553565e-01,6.392619763836977498e-01,1.670792656490848174e+02
2.143963945572507246e+00,-5.940321559875880730e+00,-3.073343064027729277e+00,-6.418893832395274890e-01,-5.087215953074479824e-01,5.737406715163424487e-01,1.713039895294823793e+02
2.454457896109045301e+00,-5.999652864443752343e+00,-2.397133826422328085e+00,-6.025645042439827792e-01,-6.251413840533150967e-01,4.960970350333878121e-01,1.755287134098799413e+02
2.712136743689665508e+00,-6.084249300554415818e+00,-1.729754435425011616e+00,-5.505082883987824083e-01,-7.283528145345004035e-01,4.079715700435054826e-01,1.797534372902775033e+02
2.918039562887146499e+00,-6.196076398395522489e+00,-1.074295635766044477e+00,-4.868206128601606508e-01,-8.161751737594267198e-01,3.112262466970607266e-01,1.839781611706750653e+02
3.075490846574073789e+00,-6.337153379439496526e+00,-4.327098759702188158e-01,-4.128471116943929209e-01,-8.867529005232810402e-01,2.079051605399487856e-01,1.882028850510726272e+02
3.187762313791566715e+00,-6.509567853617852506e+00,1.930510826940727009e-01,-3.301507437548074630e-01,-9.385947907512304234e-01,1.001913428041321524e-01,1.924276089314701892e+02
3.257700269481158539e+00,-6.715088557770460653e+00,8.013188205701797795e-01,-2.404787688055998740e-01,-9.706055040039909265e-01,-9.639364662533426650e-03,1.966523328118677512e+02
3.264327941486620865e+00,-6.767809914248647196e+00,9.312553756695846063e-01,-1.457258297866247665e-01,-9.821087055541416477e-01,-1.192663951331709993e-01,1.975830039243116971e+02
3.255491889130806005e+00,-7.041267236310701172e+00,1.502168043344401127e+00,7.954171534390566678e-02,-9.553050470229526026e-01,-2.847163196090634063e-01,2.018077278047092591e+02
3.221368845284271920e+00,-7.264491748104783930e+00,1.901567967530236825e+00,2.985383731645938621e-01,-8.531872982479667966e-01,-4.277198544084831466e-01,2.048679677756856563e+02
3.138180113580252506e+00,-7.606968780743602387e+00,2.431552871950757755e+00,2.915131681107067108e-01,-8.054716287153906862e-01,-5.159782244941488738e-01,2.090926916560832183e+02
3.022459511925271070e+00,-7.981377060229887022e+00,2.935901762399435899e+00,2.815391056138444315e-01,-7.496080610245585696e-01,-5.990171006380329288e-01,2.133174155364807802e+02
2.879148491467287574e+00,-8.384566222787404044e+00,3.409166555796094844e+00,2.687170807672448758e-01,-6.861616934726848527e-01,-6.759964947500330945e-01,2.175421394168783422e+02
2.713243622046486614e+00,-8.813487724995137995e+00,3.845900705663756192e+00,2.531767968831857285e-01,-6.157743269816929876e-01,-7.461377136627737050e-01,2.217668632972759042e+02
2.529795815477829724e+00,-9.265195649607671058e+00,4.240659471396993396e+00,2.350754535236343201e-01,-5.391579732984719264e-01,-8.087312353179894053e-01,2.259915871776734662e+02
2.333944788451898233e+00,-9.736460770322928227e+00,4.588793891303591721e+00,2.145961564696321489e-01,-4.570876531819095812e-01,-8.631438854192192700e-01,2.302163110580710281e+02
2.188732699394054126e+00,-1.008567785770640590e+01,4.802711966393720999e+00,1.919460656995815584e-01,-3.703935573648179380e-01,-9.088252420153974942e-01,2.332426390315659148e+02
1.983751041967621642e+00,-1.058582547762480530e+01,5.049890904369224387e+00,7.259255089162131025e-02,-2.516616893638126684e-01,-9.650879315698851491e-01,2.374673629119634768e+02
1.780888639548509511e+00,-1.109452920072796900e+01,5.243504073516129793e+00,-4.904819695839408161e-02,-1.250004663212151146e-01,-9.909425602904382568e-01,2.416920867923610388e+02
1.585671748932218295e+00,-1.160780026340510851e+01,5.381293214424691662e+00,-1.691435213090034806e-01,5.599268160874816200e-03,-9.855745113362353038e-01,2.459168106727586007e+02
1.403707150860906694e+00,-1.212176126645489127e+01,5.461002827293401474e+00,-2.839094612583816790e-01,1.360225796920406793e-01,-9.491529253088097917e-01,2.501415345531561627e+02
1.239217993566503306e+00,-1.263224498980985544e+01,5.481592324566930685e+00,-3.897299730567958531e-01,2.621600928209785741e-01,-8.828253699534869270e-01,2.543662584335537247e+02
1.203413188488476004e+00,-1.275769025256335532e+01,5.472232613777079813e+00,-4.832708613133746556e-01,3.800374655592977935e-01,-7.886816844435984297e-01,2.554184293606945744e+02
1.080381630706747753e+00,-1.325136230572223361e+01,5.378104177270767394e+00,-4.621924548225603280e-01,3.383328017431654344e-01,-8.196993656007648399e-01,2.596431532410921363e+02
9.763186618269659167e-01,-1.373024190298561642e+01,5.229492840665071363e+00,-4.396601429899325564e-01,2.955638595962711834e-01,-8.481385285219374959e-01,2.638678771214896983e+02
8.913889412155832082e-01,-1.418904912531708007e+01,5.029004364503722790e+00,-4.157448034700536033e-01,2.518651723765981121e-01,-8.739097169205313209e-01,2.680926010018872603e+02
8.258672446221629881e-01,-1.462250650863498436e+01,4.779247073609524499e+00,-3.905216638212908875e-01,2.073741975060133802e-01,-8.969318660253350339e-01,2.723173248822848223e+02
7.801384505595787555e-01,-1.502534069819654050e+01,4.482831728117025349e+00,-3.640700649643507925e-01,1.622308843630040354e-01,-9.171325574594856311e-01,2.765420487626823842e+02
7.549953738217702881e-01,-1.538828042162018583e+01,4.146094868585800342e+00,-3.364732117199364936e-01,1.165772342475293877e-01,-9.344482469598361929e-01,2.807204880425874762e+02
7.496790215696926829e-01,-1.571498787782732265e+01,3.765084473944018573e+00,-4.410964619844972012e-01,2.004359800196734431e-01,-8.747898771352933256e-01,2.849452119229850382e+02
7.627258461341829276e-01,-1.599874003120777033e+01,3.348861595069040575e+00,-5.362196002047324717e-01,2.799778345277446068e-01,-7.962907462287536209e-01,2.891699358033826002e+02
7.916627857322817707e-01,-1.623762901349956422e+01,2.903673890046733597e+00,-6.197939214808719788e-01,3.534896727126947691e-01,-7.006415247335308072e-01,2.933946596837801621e+02
8.340593940798783912e-01,-1.642969371390918454e+01,2.435770448427232449e+00,-6.900194505293081315e-01,4.193882394758045584e-01,-5.899022482417105584e-01,2.976193835641777241e+02
8.875282579421861495e-01,-1.657292042628777295e+01,1.951401482220258776e+00,-7.453837072843308986e-01,4.762542477844041167e-01,-4.664579513549382273e-01,3.018441074445752861e+02
9.497254108651120852e-01,-1.666524350115104269e+01,1.456818016848812736e+00,-7.846942814256478993e-01,5.228629458524186591e-01,-3.329673025269891951e-01,3.060688313249728481e+02
9.827665306132391532e-01,-1.668409219842018132e+01,1.218034349697193708e+00,-8.071045143579367309e-01,5.582104951933068993e-01,-1.923053456317643517e-01,3.080890373362083210e+02
1.056040667274710465e+00,-1.667156369546793826e+01,7.182640513742204469e-01,-6.970763319891754017e-01,7.133433362279253398e-01,-7.227635878739824271e-02,3.123137612166058830e+02
1.128076953954719741e+00,-1.661296042212576651e+01,2.227013896023271322e-01,-5.517904162096982645e-01,8.323956518692919859e-01,5.140831963942331384e-02,3.165384850970034449e+02
1.191888811114952373e+00,-1.651609766118162526e+01,-2.634727358756405735e-01,-3.785952644028650615e-01,9.093458454192323570e-01,1.724927801114108095e-01,3.207632089774010069e+02
1.240333480990364778e+00,-1.638864628188664341e+01,-7.350778901066109539e-01,-1.862510043327915144e-01,9.403018337392071713e-01,2.848526370808541763e-01,3.249879328577985689e+02
1.266113131047370777e+00,-1.623813041124632761e+01,-1.186934359017494556e+00,1.551369533704442631e-02,9.236979006636694134e-01,3.828047982547506112e-01,3.292126567381961308e+02
1.261775970972779159e+00,-1.607192511821103764e+01,-1.613863405478628277e+00,2.164936983694314698e-01,8.603738812506019906e-01,4.613949100591993036e-01,3.334373806185936928e+02
1.238271660013178677e+00,-1.597282972397838918e+01,-1.838369204963868686e+00,4.065235680815270092e-01,7.535326756357905165e-01,5.166479413913322993e-01,3.358241066674566468e+02
1.154468688195943171e+00,-1.579399549231320243e+01,-2.202570901260914482e+00,4.496573463628712464e-01,7.350598274122255305e-01,5.074379971811869838e-01,3.400488305478542088e+02
1.025174979237249095e+00,-1.561865985829048853e+01,-2.530121370928418045e+00,4.917629304515934718e-01,7.149061985533317065e-01,4.970677494069729585e-01,3.442735544282517708e+02
8.467893609091428075e-01,-1.545487013932031140e+01,-2.817400385085487624e+00,5.327440457737476764e-01,6.931178715980595983e-01,4.855609104540101750e-01,3.484982783086493328e+02
6.155389654021563572e-01,-1.531060154321333577e+01,-3.060789706399701160e+00,5.725069887306236671e-01,6.697446664037746134e-01,4.729437912429420576e-01,3.527230021890468947e+02
3.300268354845571905e-01,-1.519082182967676076e+01,-3.258336035303845968e+00,6.109608408561755244e-01,6.448400262677554950e-01,4.592452410860863310e-01,3.569477260694444567e+02
-6.142548852200007889e-03,-1.509462387718802745e+01,-3.411413873839129529e+00,6.480176766145573364e-01,6.184608957770265647e-01,4.444965817489675008e-01,3.611724499498420187e+02
-1.644886483641314900e-01,-1.506360020147436174e+01,-3.457541493264554511e+00,6.835927643638300966e-01,5.906675906631648765e-01,4.287315358661451525e-01,3.629244871571564772e+02
-5.876113096519077761e-01,-1.500750639372545869e+01,-3.529072255361267452e+00,6.449455259357743664e-01,6.096049886276535545e-01,4.608958954191361701e-01,3.671492110375540392e+02
-1.046504253739973356e+00,-1.496589972767276855e+01,-3.563478139872957584e+00,6.044364735955055634e-01,6.267825852673586384e-01,4.917297430414527826e-01,3.713739349179516012e+02
-1.534842462950135822e+00,-1.493533546069956230e+01,-3.563803893435981252e+00,5.621825470528407642e-01,6.421507939525464836e-01,5.211440699211508099e-01,3.755986587983491631e+02
-2.046240952955487025e+00,-1.491249674794785030e+01,-3.533095947184095476e+00,5.183057226722748156e-01,6.556652510720447635e-01,5.490539649073781225e-01,3.798233826787467251e+02
-2.574255736806509987e+00,-1.489419551704130029e+01,-3.474402265975595760e+00,4.729326614188064104e-01,6.672869440652579032e-01,5.753788595717244103e-01,3.840481065591442871e+02
-3.112458359687208187e+00,-1.487671825795969838e+01,-3.391573285322144304e+00,4.261943432898234185e-01,6.769823240159003053e-01,6.000427607399316798e-01,3.882728304395418490e+02
-3.654493062030801376e+00,-1.485516992189810637e+01,-3.290062808619199419e+00,3.782256892869669263e-01,6.847234024836663657e-01,6.229744698244733536e-01,3.924975543199394110e+02
-4.193978110258409053e+00,-1.482412732596219129e+01,-3.176126649520822465e+00,3.291651720170398199e-01,6.904878322947587410e-01,6.441077883259979098e-01,3.967222782003369730e+02
-4.202819657026520161e+00,-1.482343066796015130e+01,-3.174105962742598486e+00,2.791544160436958966e-01,6.942589720582226231e-01,6.633817089113084320e-01,3.967924797770085661e+02
-4.724146622173954313e+00,-1.476799444306218589e+01,-3.048012512299314025e+00,3.065104187785908096e-01,6.747469477742135124e-01,6.713910333359026650e-01,4.010172036574061281e+02
-5.229636207675205206e+00,-1.469260612430869450e+01,-2.922110652348792303e+00,3.335006817862787853e-01,6.544298045894940685e-01,6.785992382161070147e-01,4.052419275378036900e+02
-5.712586193472945162e+00,-1.459223295735110248e+01,-2.802657250906437802e+00,3.600930020354367045e-01,6.333317840579196778e-01,6.849977234864490505e-01,4.094666514182012520e+02
-6.166189987328758448e+00,-1.446197448217509773e+01,-2.695908855054114817e+00,3.862556512301605904e-01,6.114780592205161236e-01,6.905788550043749918e-01,4.136913752985988140e+02
-6.583537606073368131e+00,-1.429706409594654914e+01,-2.608121381366947045e+00,4.119574136342356030e-01,5.888947045919266099e-01,6.953359736485351661e-01,4.179160991789963759e+02
-6.957616665988003213e+00,-1.409287060442560779e+01,-2.545549806363536671e+00,4.371676232859631472e-01,5.656086650755616230e-01,6.992634032581285242e-01,4.221408230593939379e+02
-7.140229280534715173e+00,-1.395467551100911230e+01,-2.527688480906841839e+00,4.618562005589375574e-01,5.416477238428349938e-01,7.023564574025609186e-01,4.245132310070253538e+02
-7.412169319235040632e+00,-1.366564895031779692e+01,-2.531400978080460273e+00,4.672773151409152503e-01,4.284251224107131772e-01,7.733704320967004220e-01,4.287379548874229158e+02
-7.626135333089615997e+00,-1.333313213485165072e+01,-2.575972163535177106e+00,4.643380149260670775e-01,3.075372692015962972e-01,8.305474314848593220e-01,4.329626787678204778e+02
-7.777354249623325444e+00,-1.295729123639518221e+01,-2.667412091622002102e+00,4.530908931728253042e-01,1.811470476189125378e-01,8.728644738230511013e-01,4.371874026482180398e+02
-7.862820234664522623e+00,-1.253964157827609860e+01,-2.809134582350757636e+00,4.337371798976346615e-01,5.151578291093213829e-02,8.995644406516972724e-01,4.414121265286156017e+02
-7.873017352830812499e+00,-1.231753148192231606e+01,-2.902201385767595010e+00,4.066231417474358567e-01,-7.903721282746470345e-02,9.101696213251377898e-01,4.434706400513396716e+02
-7.831136390445980311e+00,-1.182781035436880046e+01,-3.140026618902020061e+00,3.578132666765029835e-01,-1.159639629715351478e-01,9.265635571725679975e-01,4.476953639317372335e+02
-7.727550223878477453e+00,-1.130931065330038265e+01,-3.422243131539459249e+00,3.075668692639143553e-01,-1.524251378330744866e-01,9.392375622205513253e-01,4.519200878121347955e+02
-7.564841238980797300e+00,-1.076777922814424038e+01,-3.746081362560243821e+00,2.560856735238931092e-01,-1.882743577113775157e-01,9.481407564505032193e-01,4.561448116925323575e+02
-7.345691351062569652e+00,-1.020890817435026854e+01,-4.108769688825254285e+00,2.035763602390759930e-01,-2.233676997605571202e-01,9.532373976370567270e-01,4.603695355729299195e+02
-7.074888232088877515e+00,-9.637011632422577634e+00,-4.503853499523824411e+00,1.502497373813143633e-01,-2.575642756522659726e-01,9.545070247635174532e-01,4.645942594533274814e+02
-6.761296540359659879e+00,-9.053649498613713931e+00,-4.917514452774844003e+00,9.631989398063622865e-02,-2.907267970618565012e-01,9.519445401345181246e-01,4.688189833337250434e+02
-6.440813218015069452e+00,-8.501832568799640555e+00,-5.302517548401304737e+00,4.200334083120849105e-02,-3.227221267130687687e-01,9.455602298567845621e-01,4.727377794290534894e+02
-6.073875826180039184e+00,-7.895250553708727637e+00,-5.702108159487822903e+00,3.155731585867943556e-02,-3.375697598100857455e-01,9.407703189783531705e-01,4.769625033094510513e+02
-5.695969870523041045e+00,-7.276741513494632052e+00,-6.069042806076764052e+00,2.110016799658178538e-02,-3.522983921202114121e-01,9.356487726776743230e-01,4.811872271898486133e+02
-5.317946793211554279e+00,-6.645715272805774454e+00,-6.385823452139018919e+00,1.063558321609518222e-02,-3.669028320974217494e-01,9.301973963422243141e-01,4.854119510702461753e+02
-4.950644531488193500e+00,-6.001364345191384508e+00,-6.634954540129573530e+00,1.672501053080388729e-04,-3.813779319654931887e-01,9.244181115872307508e-01,4.896366749506437372e+02
-4.605251306915262077e+00,-5.343419847959455460e+00,-6.806720523129273559e+00,-1.030114142961640472e-02,-3.957185895295496914e-01,9.183129555763662744e-01,4.938613988310412992e+02
-4.292449705052444386e+00,-4.673785601966279124e+00,-6.906788590658360150e+00,-2.076590146362122455e-02,-4.099197499724109295e-01,9.118840803042740362e-01,4.980861227114388612e+02
-4.017667546654430488e+00,-3.997004754984567310e+00,-6.946460055011940860e+00,-3.122334135193825799e-02,-4.239764076342945054e-01,9.051337518387657655e-01,5.023108465918364232e+02
-3.778808474978698762e+00,-3.319060614304365942e+00,-6.933270301447322481e+00,-4.166977502881880069e-02,-4.378836077752505385e-01,8.980643495229592155e-01,5.065355704722339851e+02
-3.570711307756986308e+00,-2.646314172222303363e+00,-6.872960081850099989e+00,-5.210152030536029100e-02,-4.516364483197150004e-01,8.906783651376318778e-01,5.107602943526315471e+02
-3.388350542458134385e+00,-1.985228120270874808e+00,-6.771272475927094803e+00,-6.251490016597628652e-02,-4.652300815825747282e-01,8.829784020240818432e-01,5.149850182330291091e+02
-3.257342063714909308e+00,-1.460806022500141577e+00,-6.659130400359505764e+00,-7.290624406305792893e-02,-4.786597159761399323e-01,8.749671741678025638e-01,5.184288607475059507e+02
-3.113942978672441519e+00,-8.410587314686061022e-01,-6.492405510673014746e+00,-3.657710281632720745e-02,-6.622829349770504859e-01,7.483591581507942347e-01,5.226535846279034558e+02
-2.981833281724295848e+00,-2.471224174188364764e-01,-6.306564640207303007e+00,1.619913564591300963e-03,-8.120853368914603410e-01,5.835347303172604416e-01,5.268783085083009610e+02
-2.853348024182549736e+00,3.262453853771787871e-01,-6.113512040386765101e+00,3.973420614151028374e-02,-9.204170052700355598e-01,3.889109528831077855e-01,5.311030323886984661e+02
-2.777373913812359874e+00,6.511942615124592937e-01,-6.003160085232608800e+00,7.581940024920885701e-02,-9.817457765631263378e-01,1.744266285474533884e-01,5.335538792580680365e+02
-2.639156175829927786e+00,1.201730325265617738e+00,-5.822679175803331830e+00,9.235146818536507304e-03,-9.744160537046396842e-01,2.245574900617825498e-01,5.377786031384655416e+02
-2.488252730133738044e+00,1.744662848458471860e+00,-5.658416788713367396e+00,-5.741373951355847882e-02,-9.602651255554512932e-01,2.731163692532765364e-01,5.420033270188630468e+02
-2.319792981048068192e+00,2.282453517667203613e+00,-5.517643451912928043e+00,-1.236607126084084962e-01,-9.393920518511679196e-01,3.197633516726963721e-01,5.462280508992605519e+02
-2.147172421431545519e+00,2.771450678886506314e+00,-5.415130369412878508e+00,-1.890420394353454214e-01,-9.119429428607901400e-01,3.641719048596183672e-01,5.500948565851313106e+02
-1.939929388347077399e+00,3.301991916020017293e+00,-5.333173460878782635e+00,-1.867421213804082714e-01,-8.603597402087965751e-01,4.742430785269303728e-01,5.543195804655288157e+02
-1.717607982100006314e+00,3.827716378654519858e+00,-5.280502694285420517e+00,-1.816818175373680344e-01,-7.960588708942554215e-01,5.773040717399023913e-01,5.585443043459263208e+02
-1.484089881263574107e+00,4.347662991844907232e+00,-5.256347222875552561e+00,-1.739359288919971047e-01,-7.199908192953501374e-01,6.718314615820943914e-01,5.627690282263238259e+02
-1.243272728637183189e+00,4.860947675419645897e+00,-5.259934785391815915e+00,-1.636189538497288265e-01,-6.332800079655380721e-01,7.564279671277073236e-01,5.669937521067213311e+02
-9.990695580684989530e-01,5.366763575260845798e+00,-5.290491744311943911e+00,-1.508833957314829333e-01,-5.372081768464869178e-01,8.298431030155439814e-01,5.712184759871188362e+02
-7.554082199641148909e-01,5.864381287925719555e+00,-5.347243124135113490e+00,-1.359175085427431207e-01,-4.331954373015000082e-01,8.909916632456821306e-01,5.754431998675163413e+02
-5.162308055148346897e-01,6.353149078594657162e+00,-5.429412649717991535e+00,-1.189425143318628419e-01,-3.227792809634884574e-01,9.389697620614008144e-01,5.796679237479138465e+02
-2.854871965160734049e-01,6.832753719187685704e+00,-5.535946906431273185e+00,-1.002093332575772766e-01,-2.075918535955398048e-01,9.730681948606034748e-01,5.838926476283113516e+02
-1.470156297975217241e-01,7.132168222465493201e+00,-5.618248328272857250e+00,-7.999487468388515043e-02,-8.933582979436233140e-02,9.927829216599028950e-01,5.865778203509069044e+02
5.474455250619830737e-02,7.595258638673747953e+00,-5.769152580603406300e+00,-4.696745768623537820e-02,-9.267134830172447935e-02,9.945873913906413399e-01,5.908025442313044095e+02
2.376740009989255220e-01,8.050599851336587065e+00,-5.939733930439475174e+00,-1.388814097979170804e-02,-9.590444615281411289e-02,9.952926487919181442e-01,5.950272681117019147e+02
3.978539400397004822e-01,8.498943075288817539e+00,-6.128107141461892837e+00,1.920652160990969290e-02,-9.903155071543923160e-02,9.948979151056380754e-01,5.992519919920994198e+02
5.333549885125804524e-01,8.941056894920754061e+00,-6.330986960588077750e+00,5.227995933833787245e-02,-1.020492064366615992e-01,9.934036265829160328e-01,6.034767158724969249e+02
5.881723911741020272e-01,9.156327998575406468e+00,-6.435609532094235696e+00,8.529562488454514591e-02,-1.049540786542167703e-01,9.908114339973874696e-01,6.055587724482752492e+02
6.781291246694247654e-01,9.588314132422484093e+00,-6.651725990828813551e+00,1.808087754526933443e-03,-1.210364760638474035e-01,9.926454061147907959e-01,6.097834963286727543e+02
7.514353790728225402e-01,1.001568105613401016e+01,-6.865092658907417267e+00,-8.169251928708923249e-02,-1.362435134935500447e-01,9.873003784682772288e-01,6.140082202090702594e+02
8.121242891963913468e-01,1.043886787300132646e+01,-7.068225719426484588e+00,-1.646023068881743434e-01,-1.504652114504149429e-01,9.748150084556774786e-01,6.182329440894677646e+02
8.642334843387921017e-01,1.085823302403703394e+01,-7.253641857756083056e+00,-2.463216587749651187e-01,-1.635987165105285968e-01,9.552795927761772443e-01,6.224576679698652697e+02
9.118044844449331165e-01,1.127405423220154468e+01,-7.413858631776626851e+00,-3.262595680160118583e-01,-1.755490451232007421e-01,9.288354143950676711e-01,6.266823918502627748e+02
9.595624110308811350e-01,1.168644148703343255e+01,-7.541404615078342033e+00,-4.038379110306676290e-01,-1.862297705086404798e-01,8.956737208329429434e-01,6.309071157306602800e+02
1.013593416796137126e+00,1.209523199635084900e+01,-7.628829539630828549e+00,-4.784956284490428091e-01,-1.955636476845716010e-01,8.560343411682708181e-01,6.351318396110577851e+02
1.080660174330422052e+00,1.250005009932919897e+01,-7.668694891435239747e+00,-5.496927826027044883e-01,-2.034831721033865393e-01,8.102039517461258056e-01,6.393565634914552902e+02
1.166339117534955339e+00,1.290079808207960710e+01,-7.655517643665310956e+00,-6.169144623148675732e-01,-2.099310678605971758e-01,7.585140031227541879e-01,6.435812873718527953e+02
1.195807711264345263e+00,1.301163163303067627e+01,-7.636612771503532571e+00,-6.796745067595652001e-01,-2.148607019436507004e-01,7.013383232227378139e-01,6.447593772604591322e+02
1.254735210673897372e+00,1.319687069406088042e+01,-7.579311156454377141e+00,-7.604876769678641235e-01,-1.675788197951841030e-01,6.273546304296189202e-01,6.467409287698892513e+02
1.401346504509592528e+00,1.358941931092354416e+01,-7.404914793252325822e+00,-7.590375777763774812e-01,-2.553771353687084300e-01,5.988676600501311453e-01,6.509656526502867564e+02
1.567078179504510782e+00,1.398022951794175661e+01,-7.184582653271456287e+00,-7.511188320756518877e-01,-3.409990685606325012e-01,5.652770429992055590e-01,6.551903765306842615e+02
1.747735904511179994e+00,1.437056320778985175e+01,-6.926711978458281571e+00,-7.367989275560011819e-01,-4.237149386762574244e-01,5.268690454893539821e-01,6.594151004110817667e+02
1.939154683665242018e+00,1.476176552287081911e+01,-6.639701864200983294e+00,-7.161999026712106975e-01,-5.028198314971048521e-01,4.839709872161959692e-01,6.636398242914792718e+02
2.137199476669985110e+00,1.515526440805418851e+01,-6.331952843802887365e+00,-6.894973064884867275e-01,-5.776396062589318481e-01,4.369484519096524799e-01,6.678645481718767769e+02
2.337765816438964972e+00,1.555257015622850858e+01,-6.011866472902621439e+00,-6.569187025978018291e-01,-6.475366403684297278e-01,3.862021718707503992e-01,6.720892720522742820e+02
2.536780424068671547e+00,1.595527494669868851e+01,-5.687844913856363149e+00,-6.187417298381745479e-01,-7.119152629354350559e-01,3.321646130407199249e-01,6.763139959326717872e+02
2.730201821113329874e+00,1.636505237645866018e+01,-5.368290520097619201e+00,-5.752917363627654268e-01,-7.702268308459734314e-01,2.752962896910511881e-01,6.805387198130692923e+02
2.804618361842693197e+00,1.653527339345420799e+01,-5.243177379137386573e+00,-5.269390071939454856e-01,-8.219744041431453763e-01,2.160818401227582453e-01,6.822554503958920122e+02
2.974469119803924588e+00,1.696426062023980208e+01,-4.952096272358896378e+00,-6.150033838747962500e-01,-4.331107701301379342e-01,6.589263226040741328e-01,6.864801742762895174e+02
2.998237551048169358e+00,1.703257917654049081e+01,-4.910067470264968925e+00,-4.846910053816968489e-01,1.095427840261896241e-01,8.677977919828572251e-01,6.871365691795111843e+02
3.131680300285808016e+00,1.748308670152368549e+01,-4.662239633360147906e+00,-4.509974535473770252e-01,7.607274016663044536e-02,8.892762422839239900e-01,6.913612930599086894e+02
3.244002842162616584e+00,1.794332482341057400e+01,-4.438293249041872279e+00,-4.160786276287673502e-01,4.239602795293733600e-02,9.083386771671622117e-01,6.955860169403061946e+02
3.330698407907189740e+00,1.841269836280726580e+01,-4.239618963969765453e+00,-3.800293878480243692e-01,8.604132940075304506e-03,9.249333128726052733e-01,6.998107408207036997e+02
3.336941321526830428e+00,1.846665512048375746e+01,-4.220190644271509584e+00,-3.429476644539901642e-01,-2.521114649581378958e-02,9.390150677868984719e-01,7.002871871487596991e+02
3.359755541179487714e+00,1.895346922114570631e+01,-4.073395990593830618e+00,-3.617107628536619379e-01,3.492522355689325897e-02,9.316348816954935774e-01,7.045119110291572042e+02
3.352595442240762669e+00,1.944650573531961157e+01,-3.948035478315641722e+00,-3.790187271175523565e-01,9.492107968921852101e-02,9.205068131857652158e-01,7.087366349095547093e+02
3.316013905122165983e+00,1.994310119224292066e+01,-3.838724117868423491e+00,-3.948019321540056081e-01,1.545350733748142025e-01,9.056756292741207082e-01,7.129613587899522145e+02
3.250503044917095075e+00,2.044058206037148651e+01,-3.740076122968358785e+00,-4.089968859229597964e-01,2.135273921728116642e-01,8.872009919367722652e-01,7.171860826703497196e+02
3.181321550123252351e+00,2.080262590607870266e+01,-3.672164327548200990e+00,-4.215464847338811771e-01,2.716607239862735557e-01,8.651572182255800048e-01,7.202712785080751701e+02
3.057688723860597868e+00,2.129438402053618873e+01,-3.580161499678613968e+00,-4.646768244934176284e-01,2.201775843142006472e-01,8.576685141356142905e-01,7.244960023884726752e+02
2.907654010403186273e+00,2.178016340243163640e+01,-3.483347430371238840e+00,-5.056850560669390315e-01,1.676889420725042046e-01,8.462629867674595907e-01,7.287207262688701803e+02
2.736002989392999130e+00,2.225838846101055069e+01,-3.374031739254412798e+00,-5.443839125229713582e-01,1.144344912216398863e-01,8.309927213882588592e-01,7.329454501492676854e+02
2.673938255461754121e+00,2.241188230128710046e+01,-3.331976959734073596e+00,-5.805966711216393739e-01,6.065742237183710528e-02,8.119274490916708054e-01,7.343277757035457398e+02
2.470521120561687933e+00,2.287149758713893988e+01,-3.180111400710052827e+00,-6.497693367540041676e-01,-9.473423776260966878e-02,7.542037080321196685e-01,7.385524995839432449e+02
2.260540836921810293e+00,2.332200308612256734e+01,-3.000846490081072293e+00,-6.979781481656445186e-01,-2.470694061938574770e-01,6.721467199994195507e-01,7.427772234643407501e+02
2.050667699914385356e+00,2.376294920244948372e+01,-2.789331518482106809e+00,-7.236677368812775013e-01,-3.914332498260215121e-01,5.684039211048422802e-01,7.470019473447382552e+02
1.894008137943478109e+00,2.409068495837301427e+01,-2.601216238420031690e+00,-7.260092642946385233e-01,-5.231681114638678798e-01,4.463223894282642434e-01,7.502232324820287204e+02
1.694078661103060268e+00,2.450624918436558630e+01,-2.320344889419112988e+00,-6.420841246982001982e-01,-6.450747474491126399e-01,4.142517918057491144e-01,7.544479563624262255e+02
1.499334765401982406e+00,2.490334229537866406e+01,-2.008667471651915282e+00,-5.434339217725694393e-01,-7.521877412033155519e-01,3.726810629084557625e-01,7.586726802428237306e+02
1.308777237164674867e+00,2.527725065858068021e+01,-1.669756784440848962e+00,-4.323210223706071553e-01,-8.420506444286008918e-01,3.225635531705758896e-01,7.628974041232212357e+02
1.121313992000392279e+00,2.562327901070793956e+01,-1.307186973695966259e+00,-3.112936039615128991e-01,-9.126026089499439387e-01,2.650486186921377496e-01,7.671221280036187409e+02
9.357602037669859874e-01,2.593675184269079281e+01,-9.245333552324653814e-01,-1.831272166404363244e-01,-9.622256490104291737e-01,2.014552628058671746e-01,7.713468518840162460e+02
7.508384415646562893e-01,2.621301478274809682e+01,-5.253722380445308149e-01,-5.076113060221006806e-02,-9.897817472397762995e-01,1.332418869993959032e-01,7.755715757644137511e+02
5.651788147540420804e-01,2.644743597785863543e+01,-1.132807475423278226e-01,8.276907111991541055e-02,-9.946389532684567492e-01,6.197284491764015746e-02,7.797962996448112563e+02
3.773191259924279506e-01,2.663540747351852644e+01,3.081633512411682818e-01,2.144011087204870103e-01,-9.766858764202686061e-01,-1.071743350003632328e-02,7.840210235252087614e+02
1.870167278424987589e-01,2.677390640418766665e+01,7.356725850792280585e-01,3.411162338996319154e-01,-9.363342401126162340e-01,-8.316192496038253557e-02,7.882457474056062665e+02
-3.398179601094728115e-03,2.686302120956040795e+01,1.166540689607692860e+00,4.600084597254436303e-01,-8.745094394137713500e-01,-1.536992431911100576e-01,7.924704712860037716e+02
-6.555573208763011694e-02,2.687640840327327751e+01,1.309648275446404719e+00,5.683512043707245054e-01,-7.926293183631185624e-01,-2.207117399729298379e-01,7.938692576050638081e+02
-2.482717633661464252e-01,2.686917596511630180e+01,1.741623423901988765e+00,5.093580983767845849e-01,-8.031325696206315090e-01,-3.090799301678477939e-01,7.980939814854613132e+02
-4.228638583433800280e-01,2.681612052281290204e+01,2.171326205361529205e+00,4.445585905769670054e-01,-8.044805398955287012e-01,-3.939247649916597926e-01,8.023187053658588184e+02
-5.856058655544978953e-01,2.671865118108508241e+01,2.596341008484595037e+00,3.746913600725873539e-01,-7.966578658439436023e-01,-4.742790628692244437e-01,8.065434292462563235e+02
-7.327413890115592743e-01,2.657809807803138114e+01,3.014252452616593470e+00,3.005528540119739023e-01,-7.797537232557060216e-01,-5.492268320232834844e-01,8.107681531266538286e+02
-8.604844012702099754e-01,2.639571193121141590e+01,3.422645507069502102e+00,2.229882087954909720e-01,-7.539608103553895324e-01,-6.179137117645346899e-01,8.149928770070513337e+02
-9.650198591639742585e-01,2.617266359088002403e+01,3.819105610389624594e+00,1.428816163565787833e-01,-7.195731511613797649e-01,-6.795567112722583625e-01,8.192176008874488389e+02
-1.042504322177995268e+00,2.591004360040121313e+01,4.201218789607958470e+00,6.114624529783874163e-02,-6.769827439414934922e-01,-7.334531348978561294e-01,8.234423247678463440e+02
-1.089066573433954854e+00,2.560886176387180058e+01,4.566571779468763914e+00,-2.128616827115202906e-02,-6.266750929530899850e-01,-7.789885922865124046e-01,8.276670486482438491e+02
-1.100585344983014302e+00,2.527615478616571565e+01,4.906515889273638464e+00,-1.034759415844976049e-01,-5.692236743713463554e-01,-8.156440020304176475e-01,8.318155236432169204e+02
-1.075351128061770245e+00,2.490105790591974610e+01,5.231707132587454900e+00,-9.310424528046712389e-02,-5.418294858215816356e-01,-8.353145562004673508e-01,8.360402475236144255e+02
-1.014501206721319049e+00,2.449207808300645439e+01,5.535144775034952502e+00,-8.261664134183092922e-02,-5.137607542954605311e-01,-8.539451843734715553e-01,8.402649714040119306e+02
-9.210270100102400104e-01,2.405217382946020166e+01,5.816616890711439503e+00,-7.202618569903491974e-02,-4.850524225166898407e-01,-8.715126941014367246e-01,8.444896952844094358e+02
-7.978521473614553772e-01,2.358435950336976106e+01,6.075912637431296837e+00,-6.134606228513467263e-02,-4.557402292758317985e-01,-8.879952162356410383e-01,8.487144191648069409e+02
-6.478320098723056031e-01,2.309170427680058069e+01,6.312822266990527176e+00,-5.058956663233366707e-02,-4.258606649619551821e-01,-9.033722321290218460e-01,8.529391430452044460e+02
-4.737533776959773069e-01,2.257733109913555225e+01,6.527137135388731082e+00,-3.977008933022201098e-02,-3.954509261620933747e-01,-9.176245991623152021e-01,8.571638669256019512e+02
-2.783340335619700068e-01,2.204441565590398255e+01,6.718649713010154123e+00,-2.890109936594218581e-02,-3.645488693833578986e-01,-9.307345745604481690e-01,8.613885908059994563e+02
-8.591094570132896957e-02,2.155252213336996192e+01,6.869855373198489268e+00,-1.799612736689875161e-02,-3.331929639549743860e-01,-9.426858374697099086e-01,8.651793028177307860e+02
1.451248053029123575e-01,2.099211098774555850e+01,7.015183625899391373e+00,-4.024483623112677655e-02,-3.002457250661056398e-01,-9.530114677861525330e-01,8.694040266981282912e+02
3.900080622140382758e-01,2.042262315775427339e+01,7.137114787935927573e+00,-6.242564131575553676e-02,-2.667919346249973955e-01,-9.617292253650212563e-01,8.736287505785257963e+02
6.458421184676423898e-01,1.984730041125172306e+01,7.235673777009646201e+00,-8.450112214176166980e-02,-2.328880317033027725e-01,-9.688244036160930106e-01,8.778534744589233014e+02
9.088949342723469105e-01,1.926918498630165644e+01,7.311342562351887508e+00,-1.064340359403247310e-01,-1.985912145649866567e-01,-9.742850329790603281e-01,8.820781983393208066e+02
1.175045758390742101e+00,1.869126611608946575e+01,7.364832191222718372e+00,-1.281873804476297840e-01,-1.639593442219873243e-01,-9.781019010983258433e-01,8.863029222197183117e+02
1.440235322742330348e+00,1.811661463369270919e+01,7.396854804086463453e+00,-1.497244562943798873e-01,-1.290508468742796178e-01,-9.802685683546777939e-01,8.905276461001158168e+02
1.519433882185737383e+00,1.794552562860203082e+01,7.400231521267062185e+00,-1.710089288853658962e-01,-9.392461539801662262e-02,-9.807813787278684137e-01,8.918004599719630505e+02
1.777444794032051467e+00,1.738649563286767119e+01,7.391089537681892807e+00,-3.594823971426177600e-01,-2.350813993775245914e-01,-9.030543404532489493e-01,8.960251838523605556e+02
2.025455848991698282e+00,1.683810397472263531e+01,7.362123738793977523e+00,-5.258516515743250075e-01,-3.617832668563216170e-01,-7.697992649770774021e-01,9.002499077327580608e+02
2.259615031157150344e+00,1.630368361053212212e+01,7.314049977167527139e+00,-6.598867676900346257e-01,-4.662394136437753578e-01,-5.892098632851259232e-01,9.044746316131555659e+02
2.476134379677831010e+00,1.578664506967845682e+01,7.247585046541716203e+00,-7.533460123072360792e-01,-5.420268996962931407e-01,-3.723904211256365282e-01,9.086993554935530710e+02
2.671982513165409134e+00,1.529114665171292486e+01,7.162146007906391887e+00,-8.004826380470505542e-01,-5.844856030455174434e-01,-1.326730041023328477e-01,9.129240793739505762e+02
2.845594981171953641e+00,1.482274618499485186e+01,7.054549579914862534e+00,-7.983982572142669376e-01,-5.910047755462245478e-01,1.152023357347027460e-01,9.171488032543480813e+02
2.996209471205168118e+00,1.438770094216645035e+01,6.920312934960308304e+00,-7.472210603100853943e-01,-5.611835756087213412e-01,3.559939346340953437e-01,9.213735271347455864e+02
3.106641125475272158e+00,1.404445859450403766e+01,6.776952669593764966e+00,-6.500979210862943836e-01,-4.968557068191850612e-01,5.748957293291565573e-01,9.250397566458357232e+02
3.210058084546667967e+00,1.369432433339915889e+01,6.576607183750048158e+00,-7.001742647068206482e-01,-5.898359919926243755e-01,4.023027486768455674e-01,9.292644805262332284e+02
3.289493333096276562e+00,1.339380194767769972e+01,6.339578914614242500e+00,-7.215844982066699220e-01,-6.586675640803220100e-01,2.132389551114345916e-01,9.334892044066307335e+02
3.346047254284170602e+00,1.314378076950597496e+01,6.069806601342761176e+00,-7.134520655079997775e-01,-7.005323733015197396e-01,1.544487551360325568e-02,9.377139282870282386e+02
3.381303054023483412e+00,1.294332592226836987e+01,5.774035694688108400e+00,-6.761099215568328047e-01,-7.137164214571584120e-01,-1.829815392751071856e-01,9.419386521674257438e+02
3.396819950514351927e+00,1.279147620489816539e+01,5.459012928397261710e+00,-6.110869000742527035e-01,-6.976799332388367025e-01,-3.739164496436136464e-01,9.461633760478232489e+02
3.395219772394939106e+00,1.272789007138804251e+01,5.258599278692732248e+00,-5.210451232085187012e-01,-6.530794560317105812e-01,-5.495427223523210447e-01,9.487435166074565132e+02
3.374822323415226588e+00,1.267005415450580230e+01,4.922921988012379124e+00,-5.072489878422401510e-01,-5.919119709538933627e-01,-6.263678495690744308e-01,9.529682404878540183e+02
3.335120428729307029e+00,1.265563101965003057e+01,4.586333948414766937e+00,-4.884646139804062481e-01,-5.249236894485853622e-01,-6.970333142283194894e-01,9.571929643682515234e+02
3.273836243442359351e+00,1.268100288334323800e+01,4.256307297537738954e+00,-4.648767261458593980e-01,-4.527733645851492739e-01,-7.608442086325420961e-01,9.614176882486490285e+02
3.188615066479593363e+00,1.274260195429330444e+01,3.940313845477320776e+00,-4.367172840469901729e-01,-3.761705097077325255e-01,-8.171730302942823432e-01,9.656424121290465337e+02
3.077025736420281543e+00,1.283691158880409766e+01,3.645824705198189353e+00,-4.042632017248488641e-01,-2.958684219881111965e-01,-8.654658517820326136e-01,9.698671360094440388e+02
2.996872113344759558e+00,1.290748058783272967e+01,3.493862962328839750e+00,-3.678336248101143902e-01,-2.126567756014215438e-01,-9.052477673261543067e-01,9.722779632674273671e+02
2.825562078494225915e+00,1.305785810811920555e+01,3.261622515861525073e+00,-4.400400387677787517e-01,-4.440350628696190100e-02,-8.968785273998883811e-01,9.765026871478248722e+02
2.621401602806097575e+00,1.323227981616184046e+01,3.070085774048296301e+00,-4.974641663840371764e-01,1.253413994229011508e-01,-8.583804149413394313e-01,9.807274110282223774e+02
2.381893966181554134e+00,1.342598178947329757e+01,2.924851797853094570e+00,-5.381769646930116835e-01,2.908757171840700706e-01,-7.910466938346072396e-01,9.849521349086198825e+02
2.106763521176082232e+00,1.363229644544422392e+01,2.826579618991820642e+00,-5.608107655034687555e-01,4.466386638493858863e-01,-6.971392897048587223e-01,9.891768587890173876e+02
2.024699348808328025e+00,1.368877072588527000e+01,2.812230718617441116e+00,-5.646052193041405376e-01,5.873976930529645202e-01,-5.798128116299202661e-01,9.902990691568544435e+02
1.685416085519105600e+00,1.390434066529813606e+01,2.799410915539973121e+00,-7.260871599794469500e-01,2.738619619079130652e-01,-6.307099665696289659e-01,9.945237930372519486e+02
1.321024183462593093e+00,1.411960729870266285e+01,2.823821666813317588e+00,-7.953765035559109409e-01,-7.444707843810897951e-02,-6.015246047328074441e-01,9.987485169176494537e+02
9.368116998909273851e-01,1.432900424914014081e+01,2.880632252527026704e+00,-7.636750024562600769e-01,-4.133038289710600499e-01,-4.959621311915792807e-01,1.002973240798046959e+03
5.379498138497216253e-01,1.452686022068952276e+01,2.965010347522875289e+00,-6.350076480819552005e-01,-6.996824348572245889e-01,-3.274259873996375747e-01,1.007197964678444464e+03
1.294920441595872329e-01,1.470740075783714040e+01,3.072122260519532411e+00,-4.257118347290581029e-01,-8.972203896558395009e-01,-1.173158393122677862e-01,1.011422688558841969e+03
-2.836265223116498091e-01,1.486475001386924788e+01,3.197133173290919839e+00,-1.623627269247207572e-01,-9.808359885146828994e-01,1.076898720293916201e-01,1.015647412439239474e+03
-6.459389794025838238e-01,1.497707970154076484e+01,3.318481732040827303e+00,1.216014986638275230e-01,-9.399128930858443587e-01,3.190216747067449177e-01,1.019352225004376919e+03
-1.054285078248182961e+00,1.507101246563115460e+01,3.466834262540267275e+00,3.761584592685942585e-01,-9.259853496343960488e-01,-3.246453109077073601e-02,1.023576948884774424e+03
-1.452142352960770211e+00,1.512753855288460691e+01,3.623157251887965558e+00,5.597963432941388540e-01,-7.374753178984038149e-01,-3.778309271592755758e-01,1.027801672765172043e+03
-1.833486278757024524e+00,1.514371287735437832e+01,3.785998652113196083e+00,6.378918171435432605e-01,-4.099228919747064936e-01,-6.519626156828636221e-01,1.032026396645569548e+03
-2.192348097167081011e+00,1.511646674697600545e+01,3.953906090421136721e+00,5.957204139847799285e-01,-5.084422830602808654e-03,-8.031745370710254850e-01,1.036251120525967053e+03
-2.522815757289337490e+00,1.504260869324041039e+01,4.125426940972867662e+00,4.412335178608784991e-01,4.007117831935796959e-01,-8.029576885003707476e-01,1.040475844406364558e+03
-2.738953184245198180e+00,1.495221973983835539e+01,4.252130648674588009e+00,2.035584606835008914e-01,7.309581391213373358e-01,-6.513540910555507546e-01,1.043555864160539841e+03
-2.996449170601409140e+00,1.477512343289272323e+01,4.426941552625837772e+00,3.044194572687783928e-01,5.603964134433294664e-01,-7.702484364388167970e-01,1.047780588040937346e+03
-3.211541262419738363e+00,1.454363715476744900e+01,4.601478844185810324e+00,3.890243898049887128e-01,3.599093975244054278e-01,-8.480113499894248452e-01,1.052005311921334851e+03
-3.383540170509621081e+00,1.425911292373199046e+01,4.774523533384415153e+00,4.528553352674691279e-01,1.402031453941391115e-01,-8.804902744163690675e-01,1.056230035801732356e+03
-3.513390221328865692e+00,1.392454370324684909e+01,4.944934688613940033e+00,4.925037080000377321e-01,-8.698997755556130140e-02,-8.659508308279226796e-01,1.060454759682129861e+03
-3.601965376980483136e+00,1.354293548212853437e+01,5.111571505680877259e+00,5.058522789141873810e-01,-3.095378082525100383e-01,-8.051694338336951029e-01,1.064679483562527366e+03
-3.650069166400610410e+00,1.311730620208121501e+01,5.273293364161766306e+00,4.921882349550218416e-01,-5.155562476257455895e-01,-7.013918283716172875e-01,1.068904207442924871e+03
-3.652472990072059389e+00,1.295117036763578433e+01,5.328725623046626225e+00,4.522412419001977102e-01,-6.940438735596078379e-01,-5.601597635492312488e-01,1.070406437877591088e+03
-3.618441355391991632e+00,1.244430819666519028e+01,5.478015922786753755e+00,6.307950956924657238e-01,-5.394974566785322168e-01,-5.577078459984803338e-01,1.074631161757988593e+03
-3.545813957465449917e+00,1.190029349966065375e+01,5.619705604392243536e+00,7.741681278388381493e-01,-3.548620704801467296e-01,-5.241513338469411254e-01,1.078855885638386098e+03
-3.434599708462231948e+00,1.132219350129511781e+01,5.752533296718393530e+00,8.743641025631292418e-01,-1.504352317165662534e-01,-4.613617422454656669e-01,1.083080609518783604e+03
-3.286381930217149083e+00,1.071279630809980254e+01,5.875357427439231728e+00,9.257948602691694617e-01,6.238172416290739541e-02,-3.728409811032304400e-01,1.087305333399181109e+03
-3.107647058105063032e+00,1.007434609886598587e+01,5.987641273551001397e+00,9.255919858757174490e-01,2.717195204275642539e-01,-2.635260478616939794e-01,1.091530057279578614e+03
-2.907592098443524620e+00,9.408930751601715770e+00,6.089211747387444973e+00,8.737667906348590696e-01,4.659029174684359842e-01,-1.395136806137919072e-01,1.095754781159976119e+03
-2.796863867020845884e+00,9.053631255419151813e+00,6.135943010923652352e+00,7.732096829708812180e-01,6.341018709123371622e-01,-7.720328096984079881e-03,1.097930474787374806e+03
-2.573834067333355957e+00,8.341003423822042961e+00,6.215726355180552609e+00,8.355411730589930031e-01,5.180152417747619920e-01,-1.831096868341681172e-01,1.102155198667772311e+03
-2.352500994112195265e+00,7.607375405167946525e+00,6.284363522172023764e+00,8.576640461264544157e-01,3.770002351884525482e-01,-3.496872983825132786e-01,1.106379922548169816e+03
-2.141883361380914952e+00,6.855465430563494778e+00,6.341683441863007253e+00,8.385136787841959150e-01,2.178428954095169012e-01,-4.994369664047479396e-01,1.110604646428567321e+03
-1.949383344429091336e+00,6.088388880633959666e+00,6.387409012478329373e+00,7.790116390374716149e-01,4.820233257670859806e-02,-6.251523025459593264e-01,1.114829370308964826e+03
-1.779216598923594406e+00,5.309835867527605835e+00,6.421050526181419471e+00,6.820213386492527396e-01,-1.237578585806611287e-01,-7.207835223330644192e-01,1.119054094189362331e+03
-1.633965279427205930e+00,4.523788202914134082e+00,6.442012281283112429e+00,5.522102356016420632e-01,-2.897624581734684623e-01,-7.817285804743064892e-01,1.123278818069759836e+03
-1.516137387039051765e+00,3.734277716276171777e+00,6.449699199703667674e+00,3.958252187209476691e-01,-4.418228514921568317e-01,-8.050546342480551232e-01,1.127503541950157341e+03
-1.442310930833616389e+00,3.077895506430854411e+00,6.444587770758377410e+00,2.203919852980680272e-01,-5.726214649012724145e-01,-7.896391775685898118e-01,1.131018260572192730e+03
-1.384822911079465868e+00,2.293237872594713789e+00,6.424068997624356570e+00,2.368592061507677204e-01,-5.827359478667637482e-01,-7.773766985873028501e-01,1.135242984452590235e+03
-1.361449768243468084e+00,1.516835294317508298e+00,6.388593884829485425e+00,2.532023461897234262e-01,-5.925451670833464801e-01,-7.647070006423103417e-01,1.139467708332987741e+03
-1.373692101048028746e+00,7.521085762914586637e-01,6.338102825526510387e+00,2.694128483259154438e-01,-6.020439866357480962e-01,-7.516367176327279909e-01,1.143692432213385246e+03
-1.403908676271971023e+00,2.647394142407623052e-01,6.296193051370397420e+00,2.854822248216465352e-01,-6.112274329049900423e-01,-7.381726929086016575e-01,1.146432912737599963e+03
-1.484208526188901089e+00,-4.722849030065565112e-01,6.218737268023492248e+00,2.697995423923486014e-01,-5.173362852824813229e-01,-8.121387657628363899e-01,1.150657636617997468e+03
-1.598860100924958116e+00,-1.193925575067657840e+00,6.129811747618941986e+00,2.501960017306843476e-01,-4.159269682333824325e-01,-8.743024178246970868e-01,1.154882360498394974e+03
-1.747104534504334339e+00,-1.899139669169517486e+00,6.030957652173393413e+00,2.269564913261562233e-01,-3.084732066195332578e-01,-9.237602675168472555e-01,1.159107084378792479e+03
-1.926830117098443207e+00,-2.587400213696777751e+00,5.924526158168277767e+00,2.004187376991329872e-01,-1.965365623269474393e-01,-9.597935763734701808e-01,1.163331808259189984e+03
-2.133245659475384137e+00,-3.259234133981047332e+00,5.814487867084331185e+00,1.709683977221534423e-01,-8.174374268192885484e-02,-9.818786928702177841e-01,1.167556532139587489e+03
-2.202382484999025003e+00,-3.460510876740900521e+00,5.780901105693259545e+00,1.390334545839518321e-01,3.423703757693842553e-02,-9.896946618851937272e-01,1.168850675330724926e+03
-2.443352526288911974e+00,-4.103581893364234290e+00,5.674773676013847634e+00,1.964928379284378301e-01,4.583137930396246479e-02,-9.794325139130521940e-01,1.173075399211122431e+03
-2.696873419640526404e+00,-4.732929091349939554e+00,5.576064220224445478e+00,2.532563644301100148e-01,5.726341481823970375e-02,-9.657018769761371857e-01,1.177300123091519936e+03
-2.955810793565713634e+00,-5.350220469645811328e+00,5.487852913339746230e+00,3.091230250359411902e-01,6.849266139572614265e-02,-9.485513748468027417e-01,1.181524846971917441e+03
-3.210886573259653431e+00,-5.957790614577244348e+00,5.409820218265221747e+00,3.638949863016572306e-01,7.947935434240534225e-02,-9.280417399954798974e-01,1.185749570852314946e+03
-3.420995353061720756e+00,-6.481877402059073034e+00,5.348921709874596253e+00,4.173782905852338465e-01,9.018458773385536198e-02,-9.042455986506553467e-01,1.189435480108141292e+03
-3.637949356820247004e+00,-7.078504377494479805e+00,5.285461532670033158e+00,5.024826337535946985e-01,1.618275418629435969e-01,-8.493062165485809611e-01,1.193660203988538797e+03
-3.822901251547896173e+00,-7.673348407765575807e+00,5.225189298855831943e+00,5.798518293177216121e-01,2.309793357021863447e-01,-7.812927764371627726e-01,1.197884927868936302e+03
-3.883311134341513871e+00,-7.919698107948638821e+00,5.199668582221122826e+00,6.482949025210987815e-01,2.965754881617689298e-01,-7.012522364910970252e-01,1.199635257361118420e+03
-3.986976015452848632e+00,-8.513693892652831607e+00,5.132135447310377963e+00,4.392666471613929646e-01,5.266044711923840299e-02,-8.968108440475661691e-01,1.203859981241515925e+03
-4.046887434460158417e+00,-9.105519753599283561e+00,5.053188797980733504e+00,1.681125824845285666e-01,-1.987023796040911505e-01,-9.655327668963546994e-01,1.208084705121913430e+03
-4.054868755081774800e+00,-9.507061920656136422e+00,4.987775456060965951e+00,-1.268178275565515212e-01,-4.219626078239854805e-01,-8.976986110117377571e-01,1.210967255010378949e+03
-4.015760926366708006e+00,-1.009135126515844760e+01,4.870787404468843285e+00,-2.838384181658062388e-01,-3.025844054620923096e-01,-9.098771510165286625e-01,1.215191978890776454e+03
-3.963349472907256921e+00,-1.041972448373163473e+01,4.790462038321636307e+00,-4.297736969316603428e-01,-1.713887622185458481e-01,-8.865204236835511065e-01,1.217587369489866660e+03
-3.816968282862033934e+00,-1.099206186882102898e+01,4.621340733416105628e+00,-9.520779967046055781e-02,-2.209481977969939698e-02,-9.952111805145602563e-01,1.221812093370264165e+03
-3.620029129943710178e+00,-1.155403527094807004e+01,4.422839489434257310e+00,2.532619585472515311e-01,1.304257837690984134e-01,-9.585642885489663589e-01,1.226036817250661670e+03
-3.375741303420642492e+00,-1.210067172447222816e+01,4.193253966471665706e+00,5.647461083075121513e-01,2.638994007398968722e-01,-7.819315439608319762e-01,1.230261541131059175e+03
-3.130128253206913236e+00,-1.254824225126200332e+01,3.970687101463452162e+00,7.937564362756717173e-01,3.588339431668466917e-01,-4.911078507849095387e-01,1.233855742262691592e+03
-2.800943790247233167e+00,-1.304852756558995175e+01,3.677667002207119840e+00,7.446396767386840310e-01,5.449604870396405065e-01,-3.853930712820378135e-01,1.238080466143089097e+03
-2.436106647813748971e+00,-1.351746050065726834e+01,3.354718243884097895e+00,6.596080020964394386e-01,7.048029114482201596e-01,-2.610902901001449505e-01,1.242305190023486603e+03
-2.040100323705336116e+00,-1.394893976416327952e+01,3.003387456768134012e+00,5.427625950928453014e-01,8.306518041196089275e-01,-1.241947892668073816e-01,1.246529913903884108e+03
-1.617277932438794030e+00,-1.433677215782589798e+01,2.625222673750649882e+00,3.997390612956113753e-01,9.164373069228425317e-01,1.869078261196126939e-02,1.250754637784281613e+03
-1.171960919168233417e+00,-1.467539807676388719e+01,2.222621774574637943e+00,2.374356143115050333e-01,9.580218765526227198e-01,1.606748676779032048e-01,1.254979361664679118e+03
-7.085222103542168082e-01,-1.496304071618331477e+01,1.799841289126593358e+00,6.368036201126123230e-02,9.533998440668662866e-01,2.949093908774060302e-01,1.259204085545076623e+03
-2.313444948033048232e-01,-1.520340717612889136e+01,1.362308067489998331e+00,-1.131462572139487754e-01,9.027941479925583046e-01,4.149200535395421441e-01,1.263428809425474128e+03
-3.943023189681238438e-02,-1.528068902770494830e+01,1.186447165327881414e+00,-2.845156759688609593e-01,8.086455766212444773e-01,5.149185970028221648e-01,1.265089389682868614e+03
4.586408227554152339e-01,-1.543702253796441148e+01,7.336080436970565666e-01,-2.568373959630282921e-01,8.295034540980364968e-01,4.959400887916216027e-01,1.269314113563266119e+03
9.655283091185676847e-01,-1.555824604998539051e+01,2.811394908102868295e-01,-2.287581141684138231e-01,8.490662037133334117e-01,4.761872603402639292e-01,1.273538837443663624e+03
1.480580809588452063e+00,-1.564867947823752914e+01,-1.641135843178563036e-01,-2.003216699289643299e-01,8.673032834031664251e-01,4.556909513600935768e-01,1.277763561324061129e+03
2.003063209449219784e+00,-1.571262551704167443e+01,-5.953066299502169922e-01,-1.715724601043840669e-01,8.841862206145847392e-01,4.344831621657584408e-01,1.281988285204458634e+03
2.532156846001288653e+00,-1.575436839675585965e+01,-1.005595790102115750e+00,-1.425553697856064006e-01,8.996886567315840466e-01,4.125970037340275787e-01,1.286213009084856139e+03
3.066959664876955483e+00,-1.577817264174636414e+01,-1.388138242990540450e+00,-1.133157022500884820e-01,9.137863882072572164e-01,3.900666460325641904e-01,1.290437732965253645e+03
3.606486383536426921e+00,-1.578828183022548792e+01,-1.736092539444938021e+00,-8.389910826515023512e-02,9.264574043364934841e-01,3.669272646978229413e-01,1.294662456845651150e+03
3.849955227318727857e+00,-1.578764141986777503e+01,-1.873887818390753912e+00,-5.435151484920938691e-02,9.376819216104934629e-01,3.432149861449143025e-01,1.296555730976829182e+03
4.396210007322967961e+00,-1.577772431123978158e+01,-2.135946570257226895e+00,1.499898969133907356e-02,9.252446613341891446e-01,3.790716910801755213e-01,1.300780454857226687e+03
4.943892818189500993e+00,-1.576366668214639333e+01,-2.348087964174857323e+00,8.425573536456462675e-02,9.070247253858939596e-01,4.125592304076477479e-01,1.305005178737624192e+03
5.489922906859089125e+00,-1.574734553928500347e+01,-2.507711427525173509e+00,1.529858857512196579e-01,8.831359864641873392e-01,4.434683169862132512e-01,1.309229902618021697e+03
6.030577425924886548e+00,-1.572981505243441092e+01,-2.613629996432024871e+00,2.207598956188290829e-01,8.537277430778058562e-01,4.716057773005331577e-01,1.313454626498419202e+03
6.271574715101600361e+00,-1.572104763358868063e+01,-2.636832842351909623e+00,2.871541946717058313e-01,8.189837867337604882e-01,4.967957583826388968e-01,1.315368865982916532e+03
6.791961300006057023e+00,-1.570053070766917180e+01,-2.632472973668622984e+00,2.896838306760582959e-01,7.988407380008433201e-01,5.271951759493402889e-01,1.319593589863314037e+03
7.297778589235001334e+00,-1.568101556157253995e+01,-2.571508749325301046e+00,2.918263707593305445e-01,7.776302286973233446e-01,5.568901119025639890e-01,1.323818313743711542e+03
7.785336896657195638e+00,-1.566262565257230932e+01,-2.453812291216967978e+00,2.935789525852109394e-01,7.553805968581994712e-01,5.858408934841065063e-01,1.328043037624109047e+03
7.829859483743939919e+00,-1.566069053647167308e+01,-2.437281246902894605e+00,2.949392345195612775e-01,7.321215680360203537e-01,6.140088415863838023e-01,1.328446470627186045e+03
8.272949673245268087e+00,-1.563738596640567913e+01,-2.210409265466208861e+00,1.579179968639742582e-01,7.623985507815769225e-01,6.275415173760404697e-01,1.332671194507583550e+03
8.692035703732161167e+00,-1.561115477472869983e+01,-1.932836593770501210e+00,1.775821293838963921e-02,7.775230986520688115e-01,6.286020020121507734e-01,1.336895918387981055e+03
8.788332787550121594e+00,-1.560311663627782863e+01,-1.853849513243184033e+00,-1.227545448387007132e-01,7.771946206654428702e-01,6.171692177414926928e-01,1.337925680324524819e+03
9.160589450760575403e+00,-1.556209126184383962e+01,-1.487510460161947989e+00,-1.563630126082194982e-01,7.649458384727854110e-01,6.248251535272291157e-01,1.342150404204922324e+03
9.511828767327898504e+00,-1.551360103374954669e+01,-1.084750348682411047e+00,-1.897622290487115670e-01,7.516734268086756598e-01,6.316449602786473605e-01,1.346375128085319830e+03
9.843792028295828445e+00,-1.545663164943509038e+01,-6.528226215990653447e-01,-2.229075085070278683e-01,7.373951437299818279e-01,6.376195140079996548e-01,1.350599851965717335e+03
9.848393764788424320e+00,-1.545563609381451720e+01,-6.461312706237827275e-01,-2.557545049092392886e-01,7.221300923231392943e-01,6.427408209915147497e-01,1.350661896177497738e+03
1.014306551424804326e+01,-1.537656609389362217e+01,-1.698115253568635019e-01,-3.125950616244844160e-01,7.263780714503006442e-01,6.120924969015734129e-01,1.354886620057895243e+03
1.041824538633867370e+01,-1.528722977623283974e+01,3.236988080215966734e-01,-3.681263934695817031e-01,7.275838177349281954e-01,5.788805978788130746e-01,1.359111343938292748e+03
1.067187606146633705e+01,-1.518698464215379751e+01,8.297450714755885137e-01,-4.221159258451404050e-01,7.257422823067224416e-01,5.432442220763896712e-01,1.363336067818690253e+03
1.090190796412743701e+01,-1.507514605736677282e+01,1.343671986347993119e+00,-4.743375414531095791e-01,7.208611784354979068e-01,5.053326213417027590e-01,1.367560791699087758e+03
1.110629958339211676e+01,-1.495098735815902202e+01,1.860823883447789484e+00,-5.245725271820474989e-01,7.129609492120513314e-01,4.653045761904087696e-01,1.371785515579485264e+03
1.128301779284212181e+01,-1.481373996130530557e+01,2.376544933151777617e+00,-5.726104899910510193e-01,7.020746819335268452e-01,4.233277308886322365e-01,1.376010239459882769e+03
1.143003816994858823e+01,-1.466259347769448418e+01,2.886179375512248235e+00,-6.182502379629437606e-01,6.882479695552629062e-01,3.795778914279340222e-01,1.380234963340280274e+03
1.154534531487519189e+01,-1.449669582966577863e+01,3.385071750362062648e+00,-6.613006228413208509e-01,6.715387197882910497e-01,3.342382893291546142e-01,1.384459687220677779e+03
1.161774110888723754e+01,-1.433540611731354630e+01,3.814672105733238450e+00,-7.015813405265933778e-01,6.520169126400782167e-01,2.874988143539111141e-01,1.388212437010048006e+03
1.166355660052150434e+01,-1.413725899529030450e+01,4.278646194996169605e+00,-7.206827413723844167e-01,6.747023935049804022e-01,1.593457451161756910e-01,1.392437160890445512e+03
1.167191030029519894e+01,-1.392162555067388752e+01,4.718435787055900832e+00,-7.273143572838136617e-01,6.857136746572508601e-01,2.843557766245993074e-02,1.396661884770843017e+03
1.164082501183242258e+01,-1.368749298168440909e+01,5.129388821893269501e+00,-7.213614480386467687e-01,6.848602356706302574e-01,-1.029665910911415488e-01,1.400886608651240522e+03
1.156882199126266286e+01,-1.343452098078068424e+01,5.508136549979584018e+00,-7.029270170670488538e-01,6.721568454166229056e-01,-2.325871532070603320e-01,1.405111332531638027e+03
1.145539023082202590e+01,-1.316376829426631012e+01,5.853875584962876744e+00,-6.723300289528292284e-01,6.478233062116671714e-01,-3.581833274977655468e-01,1.409336056412035532e+03
1.130047040340365605e+01,-1.287699827082159842e+01,6.167086056983648312e+00,-6.300998907710145813e-01,6.122806508487140809e-01,-4.775819639042071518e-01,1.413560780292433037e+03
1.117038676536928854e+01,-1.267845026330358493e+01,6.352605871583938857e+00,-5.769672927031700427e-01,5.661438582817649445e-01,-5.887171433552775834e-01,1.416348523323084919e+03
1.093092702055127141e+01,-1.236483925269436135e+01,6.602094223545217133e+00,-5.944855064880975037e-01,4.403546998800744183e-01,-6.728095725161715723e-01,1.420573247203482424e+03
1.064963998680929080e+01,-1.203973086391924596e+01,6.820339202721056537e+00,-5.982108345210612743e-01,3.043487167515147584e-01,-7.412918831834597322e-01,1.424797971083879929e+03
1.032630002129181968e+01,-1.170487401310350251e+01,7.007826968052813577e+00,-5.880568475890165514e-01,1.612814340459402807e-01,-7.925751970861613094e-01,1.429022694964277434e+03
9.960636026806943377e+00,-1.136201193251462449e+01,7.165045196528389226e+00,-5.642591340986344850e-01,1.447220598446049590e-02,-8.254696753004548970e-01,1.433247418844674939e+03
9.554255258960175468e+00,-1.101086009254166420e+01,7.292056338341875055e+00,-5.273698337313077467e-01,-1.326727965839804846e-01,-8.392121230756979244e-01,1.437472142725072445e+03
9.112620839609165913e+00,-1.064713538602020826e+01,7.388070893116861271e+00,-4.782448271132186957e-01,-2.767396125409249397e-01,-8.334836964155443173e-01,1.441696866605469950e+03
8.643208123420674127e+00,-1.026465465552309908e+01,7.451874169491954802e+00,-4.180238787018332736e-01,-4.143856975676347143e-01,-8.084172997201095612e-01,1.445921590485867455e+03
8.480102947179791073e+00,-1.013060052943927225e+01,7.462024558202665858e+00,-3.481041934970592333e-01,-5.424174745356411531e-01,-7.645945028499294693e-01,1.447321010137442954e+03
7.968931103284979223e+00,-9.701003371117391083e+00,7.460151050880564405e+00,-3.879713414271103722e-01,-5.192843550709738132e-01,-7.614591235298248106e-01,1.451545734017840459e+03
7.444228896507548043e+00,-9.243940548736972573e+00,7.429041251801676182e+00,-4.270104080586167861e-01,-4.950428984944407751e-01,-7.566985133176017397e-01,1.455770457898237964e+03
6.909999749768232391e+00,-8.758949054320158467e+00,7.373286074148355240e+00,-4.651380725689424067e-01,-4.697448441310569933e-01,-7.503228337565810424e-01,1.459995181778635470e+03
6.370252783256266760e+00,-8.245643225142167410e+00,7.297477646292462872e+00,-5.022729593071248999e-01,-4.434441861435420851e-01,-7.423456931388486835e-01,1.464219905659032975e+03
5.829002248898422778e+00,-7.703714818852518853e+00,7.206209084557849920e+00,-5.383358114080679657e-01,-4.161970583220396813e-01,-7.327841174569456051e-01,1.468444629539430480e+03
5.290266964442523090e+00,-7.132933082039698114e+00,7.104074265946232813e+00,-5.732496598887050210e-01,-3.880616143141600305e-01,-7.216585140707353352e-01,1.472669353419827985e+03
4.758069747180992515e+00,-6.533144812235035737e+00,6.995667600834885924e+00,-6.069399878659467173e-01,-3.590979035492586902e-01,-7.089926281655641871e-01,1.476894077300225490e+03
4.289204572906988311e+00,-5.970930074432608592e+00,6.896000688307523774e+00,-6.393348895471393512e-01,-3.293677431208735795e-01,-6.948134920943490611e-01,1.480679423907843557e+03
3.774833604395068765e+00,-5.319242700229196430e+00,6.783047303742894663e+00,-5.690739831705671214e-01,-3.251040526390743812e-01,-7.552881282236507676e-01,1.484904147788241062e+03
3.268258722400738669e+00,-4.647916072829264778e+00,6.668314916215867250e+00,-4.939122388137337505e-01,-3.180405761574571777e-01,-8.092582358352030658e-01,1.489128871668638567e+03
2.767876009160176398e+00,-3.961891815893221480e+00,6.551749916494832959e+00,-4.144969434272284814e-01,-3.082381445823745292e-01,-8.562590321354923706e-01,1.493353595549036072e+03
2.271984564637539616e+00,-3.266077589660527192e+00,6.433298781963832980e+00,-3.315120137022483093e-01,-2.957811757692460075e-01,-8.958857521086717179e-01,1.497578319429433577e+03
1.779531333123202552e+00,-2.564815092545324582e+00,6.312373919461855998e+00,-2.456721068179238410e-01,-2.807769475733071229e-01,-9.277971338836040749e-01,1.501803043309831082e+03
1.290870042684130192e+00,-1.861367878280266508e+00,6.187319534555288492e+00,-1.577164665450639380e-01,-2.633546740982148915e-01,-9.517183573991613299e-01,1.506027767190228587e+03
1.080844388815050960e+00,-1.558031582382902736e+00,6.130698125989445302e+00,-6.840255764772323888e-02,-2.436643930885070419e-01,-9.674434110826398703e-01,1.507853526682818256e+03
5.982282699574740237e-01,-8.596286105830748259e-01,5.992145514205375889e+00,3.395749572995337973e-02,-2.722041676272622390e-01,-9.616391108987035752e-01,1.512078250563215761e+03
1.217986217519915482e-01,-1.657396031318335294e-01,5.844138224121089742e+00,1.359329402026564770e-01,-2.976610060066661179e-01,-9.449434698811415290e-01,1.516302974443613266e+03
-3.475392900537940255e-01,5.208427982772373399e-01,5.684487535535869718e+00,2.363688265060769900e-01,-3.197465911261707650e-01,-9.175455821480679175e-01,1.520527698324010771e+03
-8.089347104394164489e-01,1.197307408342422663e+00,5.511005300920605698e+00,3.341276425975846509e-01,-3.382107875691756638e-01,-8.797557511173889067e-01,1.524752422204408276e+03
-1.261591536460002994e+00,1.860825311524757941e+00,5.321504053810428125e+00,4.281021961141853183e-01,-3.528444743690683505e-01,-8.320019751115236284e-01,1.528977146084805781e+03
-1.704133381644765244e+00,2.509000012002045477e+00,5.115229154354142160e+00,5.172281534723763841e-01,-3.634819133326663843e-01,-7.748251002229632478e-01,1.533201869965203286e+03
-2.133956690170327963e+00,3.140300686602686131e+00,4.894290863960623739e+00,6.004960936726335685e-01,-3.700026261126448390e-01,-7.088726953081561089e-01,1.537426593845600792e+03
-2.346749718584283606e+00,3.453736909948555756e+00,4.775314080723182641e+00,6.769629403559238590e-01,-3.723327587746701473e-01,-6.348917184272554470e-01,1.539588861081658251e+03
-2.746073424227670312e+00,4.046336016434668892e+00,4.534007078256918177e+00,7.201518626680629698e-01,-3.500165904554658480e-01,-5.990556577652512704e-01,1.543813584962055756e+03
-3.124754523971017051e+00,4.619023699075222922e+00,4.286937228772345954e+00,7.607140073782834300e-01,-3.264237314443248494e-01,-5.610345323841249288e-01,1.548038308842453262e+03
-3.479630617826122485e+00,5.170497006772074577e+00,4.037648717542330346e+00,7.985014255068275668e-01,-3.016402369440680520e-01,-5.209670247904597540e-01,1.552263032722850767e+03
-3.807560387728218032e+00,5.699387900368393822e+00,3.789685837019874270e+00,8.333762887164555266e-01,-2.757565047752841281e-01,-4.789992812922558296e-01,1.556487756603248272e+03
-4.105424094148583336e+00,6.204263560413727063e+00,3.546592811578150872e+00,8.652113919546414733e-01,-2.488669456786826162e-01,-4.352843789750440173e-01,1.560712480483645777e+03
-4.370124070979739095e+00,6.683626700693590550e+00,3.311913622253090494e+00,8.938906173595745353e-01,-2.210696389882284563e-01,-3.899817674114167687e-01,1.564937204364043282e+03
-4.598585218670643293e+00,7.135915887503927024e+00,3.089191831495049723e+00,9.193093577401633132e-01,-1.924659749295302424e-01,-3.432566871379804652e-01,1.569161928244440787e+03
-4.787755495589379962e+00,7.559505864650502893e+00,2.881970407936057299e+00,9.413748980875004113e-01,-1.631602848466798816e-01,-2.952795670183738230e-01,1.573386652124838292e+03
-4.935457398563632303e+00,7.952960486590025191e+00,2.694528964699318685e+00,9.600067537277633400e-01,-1.332594607046118096e-01,-2.462254026877289670e-01,1.577611376005235797e+03
-5.020981492011300951e+00,8.244990371162971954e+00,2.563759307081570071e+00,9.751369638840735599e-01,-1.028725652530540352e-01,-1.962731183427517956e-01,1.581017114993511768e+03
-5.085842477711486787e+00,8.575367351879677358e+00,2.432628975143777073e+00,9.713372356862678414e-01,-4.980795994782540731e-02,-2.324244859981080824e-01,1.585241838873909273e+03
-5.109566332193098859e+00,8.873257182922211328e+00,2.338751927816613119e+00,9.635188740463166424e-01,3.462699218888388823e-03,-2.676142542300140037e-01,1.589466562754306779e+03
-5.092561535018106156e+00,9.137943688959889954e+00,2.288614538378131336e+00,9.517142259280018113e-01,5.671902811798960192e-02,-3.016968412364751662e-01,1.593691286634704284e+03
-5.035240868842570272e+00,9.368715576446675186e+00,2.288701013929987926e+00,9.359721279178884190e-01,1.097407020594279858e-01,-3.345312452801112446e-01,1.597916010515101789e+03
-5.023441330242766512e+00,9.392794865183548225e+00,2.295469162042050648e+00,9.163577042740737033e-01,1.623083668768406096e-01,-3.659816277565207665e-01,1.598433194824553539e+03
-4.889654454634243308e+00,9.555762176610492986e+00,2.408491982339895365e+00,8.894978436516790543e-01,2.485825198964033422e-01,-3.834035953573941558e-01,1.602657918704951044e+03
-4.727750857360006442e+00,9.681247887215953085e+00,2.575064325663550147e+00,8.551055211229540154e-01,3.327516105249177514e-01,-3.975788141107984841e-01,1.606725656537611030e+03
-4.529796911156982908e+00,9.781480212694049214e+00,2.809426749743628715e+00,8.396981410401854751e-01,2.929821422346720050e-01,-4.572378989814355754e-01,1.610950380418008535e+03
-4.306572655802553662e+00,9.855135816035296870e+00,3.103561993922605122e+00,8.197746866354879147e-01,2.516369585179024648e-01,-5.144378526696713472e-01,1.615175104298406040e+03
-4.062587931409296083e+00,9.906327325079489654e+00,3.454409149359649600e+00,7.954423114522751748e-01,2.089384218414546968e-01,-5.688710442884084006e-01,1.619399828178803546e+03
-3.802264762032600665e+00,9.939254181858665049e+00,3.858904498552074180e+00,7.668318804716177661e-01,1.651161729128494959e-01,-6.202447231012508944e-01,1.623624552059201051e+03
-3.529936721952309675e+00,9.958201318273259162e+00,4.313981666748683885e+00,7.340972662991716025e-01,1.204058957086982934e-01,-6.682825928382809533e-01,1.627849275939598556e+03
-3.249848309714590044e+00,9.967537824464230312e+00,4.816571773461783224e+00,6.974145216441467454e-01,7.504805001480994997e-02,-7.127262975285861835e-01,1.632073999819996061e+03
-2.966154329962376490e+00,9.971715609969566074e+00,5.363603584072225594e+00,6.569809325423231483e-01,2.928657829105352217e-02,-7.533368108673118568e-01,1.636298723700393566e+03
-2.682919283082376261e+00,9.975268057753927664e+00,5.952003661521906075e+00,6.130139574114860102e-01,-1.663240618968405207e-02,-7.898957216512008106e-01,1.640523447580791071e+03
-2.404116762696304921e+00,9.982808671200393391e+00,6.578696518088034573e+00,5.657500576402220149e-01,-6.246194287861858707e-02,-8.222064083742069984e-01,1.644748171461188576e+03
-2.340336788433748705e+00,9.986656447291409222e+00,6.734487023695709951e+00,5.154434259931658380e-01,-1.079555520516013306e-01,-8.500950966693140431e-01,1.645741550428985875e+03
-2.078972826379563710e+00,1.001479342457561117e+01,7.431012746535377467e+00,4.630510193306795474e-01,-7.857931490511306516e-02,-8.828403280127150587e-01,1.649966274309383380e+03
-1.828965142389184173e+00,1.005723418608289599e+01,8.158666314639328121e+00,4.084914535851342232e-01,-4.883531526766438785e-02,-9.114536984018717369e-01,1.654190998189780885e+03
-1.589612877588156836e+00,1.011630694538278163e+01,8.913709443964920709e+00,3.520200768971313843e-01,-1.886275992064007437e-02,-9.358012939451553214e-01,1.658415722070178390e+03
-1.359087691384074148e+00,1.019105289645990453e+01,9.692506499781481821e+00,2.939011846294219410e-01,1.119807480614285963e-02,-9.557691650152865259e-01,1.662640445950575895e+03
-1.135812054232178792e+00,1.027901952950602649e+01,1.049161438300101246e+01,2.344067824924121191e-01,4.120649950552597585e-02,-9.712638594738474129e-01,1.666865169830973400e+03
-9.182593782587694653e-01,1.037772492734497654e+01,1.130758898338656238e+01,1.738153135985140429e-01,7.102207009370452295e-02,-9.822128599841387642e-01,1.671089893711370905e+03
-7.049542271178459441e-01,1.048465853072213605e+01,1.213698534951653230e+01,1.124103553990007248e-01,1.005052450613328208e-01,-9.885649233682923809e-01,1.675314617591768410e+03
-4.944725213795093111e-01,1.059728190599358655e+01,1.297635785878098780e+01,5.047929259750718461e-02,1.295180385012893454e-01,-9.902903204219917210e-01,1.679539341472165916e+03
-2.854417394398881536e-01,1.071302951516888236e+01,1.382226038740301810e+01,-1.168802775351156231e-02,1.579246658590804375e-01,-9.873809750649910066e-01,1.683764065352563421e+03
-7.654111394354896902e-02,1.082930948825670825e+01,1.467124648047884428e+01,-7.380065268373853238e-02,1.855921793857868152e-01,-9.798505021756781508e-01,1.687988789232960926e+03
1.767844209775299227e-02,1.088124104452835361e+01,1.505348546238548302e+01,-1.355678849196586266e-01,2.123910903214298873e-01,-9.677341439310598314e-01,1.689889552159010236e+03
