3.386928704598044959e+00,-4.124203349943501573e-01,6.385067921890999365e+00,-5.839900000000000091e-01,4.034900000000000292e-02,-8.107569999999999499e-01,0.000000000000000000e+00
3.659357228981431120e+00,-3.300382985172866102e-01,6.933813196473790796e+00,-5.839896273083419187e-01,4.034897425001161136e-02,-8.107564825898203598e-01,1.557784179000330171e+00
3.929546181394972137e+00,-2.490001032278577886e-01,7.480860150625958660e+00,-5.839896273083713396e-01,4.034897425001366528e-02,-8.107564825898616601e-01,3.115568358000660343e+00
4.194914903248814220e+00,-1.696348592003097400e-01,8.024531957798274107e+00,-5.839896273083966527e-01,4.034897425001540000e-02,-8.107564825898965211e-01,4.673352537000990736e+00
4.452879738952627342e+00,-9.225536662947997346e-02,8.563151814068175938e+00,-5.839896273084170808e-01,4.034897425001682247e-02,-8.107564825899249428e-01,6.231136716001320686e+00
4.700854078378317702e+00,-1.715810023028747217e-02,9.095042949416820122e+00,-5.839896273084330680e-01,4.034897425001792576e-02,-8.107564825899471472e-01,7.788920895001650635e+00
4.936248399355747551e+00,5.537680618392203102e-02,9.618528639005946346e+00,-5.839896273084445033e-01,4.034897425001871679e-02,-8.107564825899630234e-01,9.346705074001981473e+00
5.156470310201214602e+00,1.250855749440391573e-01,1.013193221445452608e+01,-5.839896273084512757e-01,4.034897425001918864e-02,-8.107564825899724603e-01,1.090448925300231231e+01
5.358924592278418331e+00,1.917207995887272309e-01,1.063357707511512906e+01,-5.839896273084536071e-01,4.034897425001934823e-02,-8.107564825899756800e-01,1.246227343200264315e+01
5.541013242591677823e+00,2.550514597486976398e-01,1.112178669934992925e+01,-5.839896273084512757e-01,4.034897425001918864e-02,-8.107564825899724603e-01,1.402005761100297399e+01
5.700135516411120484e+00,3.148629358515912524e-01,1.159488465580633410e+01,-5.839896273084445033e-01,4.034897425001871679e-02,-8.107564825899630234e-01,1.557784179000330482e+01
5.833687969929604478e+00,3.709570236473331839e-01,1.205119461469214492e+01,-5.839896273084330680e-01,4.034897425001792576e-02,-8.107564825899471472e-01,1.713562596900363388e+01
5.939064502951101332e+00,4.231519485538302039e-01,1.248904035905021104e+01,-5.839896273084170808e-01,4.034897425001682247e-02,-8.107564825899249428e-01,1.869341014800396295e+01
6.013656401610292690e+00,4.712823798228796823e-01,1.290674579603251182e+01,-5.839896273083966527e-01,4.034897425001540000e-02,-8.107564825898965211e-01,2.025119432700429201e+01
6.054852381123119187e+00,5.151994445261627309e-01,1.330263496817360824e+01,-5.839896273083713396e-01,4.034897425001366528e-02,-8.107564825898616601e-01,2.180897850600462107e+01
6.060038628568016783e+00,5.547707413611908667e-01,1.367503206466342291e+01,-5.839896273083419187e-01,4.034897425001161136e-02,-8.107564825898203598e-01,2.336676268500495013e+01
6.026598845697594520e+00,5.898803542770817421e-01,1.402226143261927938e+01,-5.839896273083075018e-01,4.034897425000925214e-02,-8.107564825897728422e-01,2.492454686400527919e+01
5.859613292437980903e+00,6.311195502924561440e-01,1.449493220355756407e+01,-5.576355874127004730e-01,3.823997170674358487e-02,-8.292033864832272227e-01,2.737876017185014632e+01
5.669548809148206914e+00,6.478156445544792641e-01,1.475603016895752795e+01,-5.106386415379452481e-01,1.758598765485265905e-02,-8.596143965612512705e-01,2.900344749695765856e+01
5.430050469921304135e+00,6.562989827809686538e-01,1.498470287669154466e+01,-2.701816156421557591e-01,-2.542756382698507234e-01,-9.286246789472004659e-01,3.062813482206517079e+01
5.141244000241983692e+00,6.551403642970988761e-01,1.518085558727829110e+01,-5.104316100401297129e-01,3.347597442500349629e-02,-8.592653435379092874e-01,3.225282214717268658e+01
4.730931218262994342e+00,6.380258621600526370e-01,1.536732115453420988e+01,-4.718753251654590475e-01,-1.861290769442984841e-02,-8.814676608741702779e-01,3.417479612698413405e+01
4.294586146117125303e+00,6.061949825159477223e-01,1.549344175118816835e+01,-4.311046371158006041e-01,-7.061443201795089553e-02,-8.995334312009070077e-01,3.591777153782588528e+01
3.803343397505892565e+00,5.590757810368935932e-01,1.558229389153673239e+01,-3.883108747857674237e-01,-1.222845673559080221e-01,-9.133778785967628933e-01,3.766074694866763650e+01
3.260829693747342883e+00,4.966528148071541748e-01,1.563528624406302470e+01,-3.436948604251413575e-01,-1.733808380713917907e-01,-9.229360367367862583e-01,3.940372235950938773e+01
2.747710646832296266e+00,4.304449854722919855e-01,1.565454891812233562e+01,-2.974659672298869406e-01,-2.236634618919862427e-01,-9.281630536468397086e-01,4.093339251486148811e+01
2.205177222425128924e+00,3.549251690850396823e-01,1.565046581882531029e+01,-2.498411368262977439e-01,-2.728964750680795137e-01,-9.290344020785360479e-01,4.246306267021358849e+01
1.635761640331519828e+00,2.705376454901910477e-01,1.562336832732135861e+01,-2.010438612583723972e-01,-3.208488396013951527e-01,-9.255459945229688179e-01,4.399273282556568887e+01
1.041998863957092070e+00,1.777108741990352792e-01,1.557358797391948535e+01,-1.513031342536242385e-01,-3.672955273520202013e-01,-9.177142023271920301e-01,4.552240298091778925e+01
4.264265596218103638e-01,7.685748085860495682e-02,1.550145643593750755e+01,-1.008523766859290988e-01,-4.120185759409593085e-01,-9.055757788264923169e-01,4.705207313626988963e+01
-2.084149441523742707e-01,-3.162575611073832615e-02,1.540730553555055415e+01,-4.992834127446053177e-02,-4.548081114976635364e-01,-8.891876868548747037e-01,4.858174329162199001e+01
-8.599826973804017838e-01,-1.473579187092736997e-01,1.529146723763886762e+01,1.229998345293801957e-03,-4.954633334574376491e-01,-8.686268314437923799e-01,5.011141344697409039e+01
-1.565405278102502074e+00,-2.771253129675281257e-01,1.514475800568888353e+01,6.375509862426961827e-02,-4.578659423604827250e-01,-8.867311126981418656e-01,5.173024979186438088e+01
-2.284829965142276986e+00,-4.127924604016443566e-01,1.497243471239177914e+01,1.259199271407242804e-01,-4.176812812718280754e-01,-8.998247158337355778e-01,5.334908613675467137e+01
-3.015461333563568935e+00,-5.519633107253432147e-01,1.477419189986543202e+01,1.873732089051647898e-01,-3.751364229283701279e-01,-9.078336547950112134e-01,5.496792248164496186e+01
-3.754482732886094354e+00,-6.922603011443424492e-01,1.454972429838119830e+01,2.477676900155166562e-01,-3.304717764288999104e-01,-9.107126751999070624e-01,5.658675882653525235e+01
-4.499056337376579506e+00,-8.313244709123140952e-01,1.429872682858484900e+01,3.067620997752105172e-01,-2.839397287808159143e-01,-9.084455099580347470e-01,5.820559517142554284e+01
-5.246323196589852245e+00,-9.668155756662140110e-01,1.402089460371647966e+01,3.640230789915272491e-01,-2.358032187858892237e-01,-9.010449711159328468e-01,5.982443151631583333e+01
-5.993403286159549204e+00,-1.096412201539909814e+00,1.371592293182935762e+01,4.192270635646088706e-01,-1.863342513207740248e-01,-8.885528774143379716e-01,6.144326786120612383e+01
-6.737395558838119136e+00,-1.217811879055032520e+00,1.338350731800772309e+01,4.720621127303601949e-01,-1.358123604036999554e-01,-8.710398179691219989e-01,6.306210420609641432e+01
-7.475377995785788876e+00,-1.328731196787979796e+00,1.302334346658350306e+01,5.222296716330432353e-01,-8.452302972735492581e-02,-8.486047534118934532e-01,6.468094055098670481e+01
-8.204407658108143764e+00,-1.426905914812002241e+00,1.263512728335195057e+01,5.694462582739390211e-01,-3.275607957774129969e-02,-8.213744567430488752e-01,6.629977689587700240e+01
-8.921520738642007231e+00,-1.510091077913301216e+00,1.221855487778616833e+01,6.134450653089541516e-01,1.919597075157501026e-02,-7.895027970541507178e-01,6.791861324076730000e+01
-9.625866727872303130e+00,-1.576321098377927665e+00,1.177243280550780646e+01,6.501732291291352217e-01,1.542571797707969691e-02,-7.596280796206001940e-01,6.954206879845195033e+01
-1.031286440065485621e+01,-1.623451028744958391e+00,1.129895152730098395e+01,6.854348075639117299e-01,1.162067035388407790e-02,-7.280398921761589426e-01,7.116552435613660066e+01
-1.098017838453758621e+01,-1.649751822293948678e+00,1.079965785171840409e+01,7.191502641371659843e-01,7.789410670609413570e-03,-6.948094866022291871e-01,7.278897991382125099e+01
-1.162545678715364161e+01,-1.653509668721030668e+00,1.027609877580657916e+01,7.512435497067103674e-01,3.940580828848675408e-03,-6.600118187172335782e-01,7.441243547150590132e+01
-1.224633123718016670e+01,-1.633026084073097683e+00,9.729821473806570253e+00,7.816422739515767049e-01,8.286235499619509911e-05,-6.237253792377391859e-01,7.603589102919055165e+01
-1.284041692549541303e+01,-1.586618000501982761e+00,9.162373285853783855e+00,8.102778686129882280e-01,-3.775043177118335251e-03,-5.860320167743099384e-01,7.765934658687520198e+01
-1.340531264653390231e+01,-1.512617855837778968e+00,8.575301706676834002e+00,8.370857421211513882e-01,-7.624433768763341952e-03,-5.470167532595677784e-01,7.928280214455985231e+01
-1.393860083983941678e+01,-1.409373682980445741e+00,7.970154374295572275e+00,8.620054252599417266e-01,-1.145662661985717180e-02,-5.067675922237104835e-01,8.090625770224450264e+01
-1.443784763181548847e+01,-1.275249199108844156e+00,7.348479058718330847e+00,8.849807075416020741e-01,-1.526297770938558201e-02,-4.653753203487534518e-01,8.252971325992915297e+01
-1.490115410611823954e+01,-1.109292875119749278e+00,6.712063898758425573e+00,8.847879009909153103e-01,3.147796090072551428e-02,-4.649274225062746679e-01,8.415316881761380330e+01
-1.532771570828269070e+01,-9.119021503779878302e-01,6.063177637094208094e+00,5.855745249370177818e-01,0.000000000000000000e+00,-8.106173423650181453e-01,8.577662437529845363e+01
-1.570795113069623739e+01,-6.908782033159067693e-01,5.421893827386139897e+00,6.788368394099655312e-01,-0.000000000000000000e+00,-7.342877810912998848e-01,8.735730461409399084e+01
-1.605380739999112194e+01,-4.427514934069950447e-01,4.773669356170666234e+00,7.622396571144790522e-01,-0.000000000000000000e+00,-6.472933686684758658e-01,8.893798485288952804e+01
-1.636507499028526524e+01,-1.684861161280872266e-01,4.120759305848462617e+00,8.345716364226111184e-01,-0.000000000000000000e+00,-5.508976163309148300e-01,9.051866509168506525e+01
-1.664155156110482991e+01,1.309527650208089922e-01,3.465418791225783224e+00,8.947822270360322738e-01,-0.000000000000000000e+00,-4.465005780293953563e-01,9.209934533048060246e+01
-1.688304195956876796e+01,4.545989559061647811e-01,2.809902943898299199e+00,9.419969272606866229e-01,-0.000000000000000000e+00,-3.356185171164584591e-01,9.368002556927613966e+01
-1.708935822249520342e+01,8.014852691595747425e-01,2.156466896634849917e+00,9.755299848351128844e-01,-0.000000000000000000e+00,-2.198618854814321233e-01,9.526070580807167687e+01
-1.726031957842956643e+01,1.170643561585068770e+00,1.507365767761191133e+00,9.948943569144396148e-01,-0.000000000000000000e+00,-1.009119347719607956e-01,9.684138604686721408e+01
-1.739608953886466125e+01,1.560783997001611523e+00,8.645044574035158913e-01,9.956565869535933810e-01,-0.000000000000000000e+00,-9.309114266866726217e-02,9.842206628566275128e+01
-1.749751678749048978e+01,1.969977197584235951e+00,2.290874461583166100e-01,9.963573391772193588e-01,-0.000000000000000000e+00,-8.526460376542063790e-02,1.000027465244582885e+02
-1.756580378034361800e+01,2.395979412882463855e+00,-3.980310251045364178e-01,9.969965703470985430e-01,-0.000000000000000000e+00,-7.743280121394337245e-02,1.015834267632538257e+02
-1.760194449022136354e+01,2.822752373802928094e+00,-9.974465648042466492e-01,9.975742410265158178e-01,-0.000000000000000000e+00,-6.959621849069634603e-02,1.031159297517043143e+02
-1.761005023673785885e+01,3.260843086304074490e+00,-1.587766265779804398e+00,9.980903155765357138e-01,-0.000000000000000000e+00,-6.175533936648813088e-02,1.046484327401548029e+02
-1.759123184146862684e+01,3.708289908796451151e+00,-2.168235471651005941e+00,9.985447621581846622e-01,-0.000000000000000000e+00,-5.391064787668962272e-02,1.061809357286052915e+02
-1.754661597342061441e+01,4.163138243518740289e+00,-2.738099590170727904e+00,9.989375527344003247e-01,-0.000000000000000000e+00,-4.606262829143236565e-02,1.077134387170557801e+02
-1.747734513070362539e+01,4.623440617281687537e+00,-3.296604098132944305e+00,9.992686630717483309e-01,-0.000000000000000000e+00,-3.821176508579288145e-02,1.092459417055062687e+02
-1.738457762203573509e+01,5.087256762135718091e+00,-3.842994546280408930e+00,9.995380727419066469e-01,-0.000000000000000000e+00,-3.035854290996479674e-02,1.107784446939567573e+02
-1.726948754808269726e+01,5.552653695961557112e+00,-4.376516564211973659e+00,9.997457651229159081e-01,-0.000000000000000000e+00,-2.250344655942021835e-02,1.123109476824072459e+02
-1.713326478263155295e+01,6.017705802983198460e+00,-4.896415865289522884e+00,9.998917274001987154e-01,-0.000000000000000000e+00,-1.464696094506245418e-02,1.138434506708577345e+02
-1.697711495359842360e+01,6.480494914202520995e+00,-5.401938251544497582e+00,9.999759505673441184e-01,-0.000000000000000000e+00,-6.789571063371753479e-03,1.153759536593082231e+02
-1.680225942387071925e+01,6.939110387754899634e+00,-5.892329618583992179e+00,9.999984294266599516e-01,-0.000000000000000000e+00,1.068238033454105371e-03,1.169084566477587117e+02
-1.660993527198381159e+01,7.391649189185126367e+00,-6.366835960496384672e+00,9.999591625894920233e-01,-0.000000000000000000e+00,8.925981267362529184e-03,1.184409596362092003e+02
-1.640139527263227848e+01,7.836215971642968015e+00,-6.824703374756492025e+00,9.998581524763103801e-01,-0.000000000000000000e+00,1.678317356431058283e-02,1.199734626246596889e+02
-1.617790787701588329e+01,8.270923155997687459e+00,-7.265178067130222850e+00,9.996954053165618692e-01,-0.000000000000000000e+00,2.463932988412908393e-02,1.215059656131101775e+02
-1.594075719302034422e+01,8.693891010870862246e+00,-7.687506356578693634e+00,9.994709311482899983e-01,-0.000000000000000000e+00,3.249396525038473343e-02,1.230384686015606661e+02
-1.566574761282627648e+01,9.141990514698427717e+00,-8.128087987370097522e+00,9.960945680068780117e-01,1.577809707173184403e-02,8.686002095651210175e-02,1.247214020487907504e+02
-1.537723593921720244e+01,9.570310141016125982e+00,-8.541569771945187739e+00,9.895147429823415441e-01,3.150544991876096101e-02,1.409467276905616850e-01,1.264043354960208347e+02
-1.507795145624936772e+01,9.977008653391806092e+00,-8.925878900080896017e+00,9.797526177388532487e-01,4.713147922060148542e-02,1.945801421036902623e-01,1.280872689432509333e+02
-1.477064028426410403e+01,1.036026327189521190e+01,-9.278942790533070806e+00,9.668395881148829085e-01,6.260593154935836790e-02,2.475877787563376398e-01,1.297702023904810176e+02
-1.445806532845703352e+01,1.071826976749891891e+01,-9.598689107307786017e+00,9.508171831428741116e-01,7.787904097712813889e-02,2.997991648047121371e-01,1.314531358377111019e+02
-1.414300622723326484e+01,1.104924255624503004e+01,-9.883045775931211807e+00,9.317369314799234248e-01,9.290168911488506931e-02,3.510463882122800139e-01,1.331360692849411862e+02
-1.382825930034897155e+01,1.135141479317670665e+01,-1.012994099971794881e+01,9.096601956855138171e-01,1.076255630684434389e-01,4.011646377243726080e-01,1.348190027321712705e+02
-1.353946238950223169e+01,1.160488912369165604e+01,-1.032458776648491394e+01,8.846579748794015652e-01,1.220033108037980735e-01,4.499927328703562934e-01,1.363766605072500795e+02
-1.325515696340139193e+01,1.183279229917880748e+01,-1.048636644932101625e+01,8.568106764142734422e-01,1.359886934224794897e-01,4.973736422898791254e-01,1.379343182823288885e+02
-1.297743038297667795e+01,1.203386755675649411e+01,-1.061375721515923054e+01,8.262078572972535451e-01,1.495367338574938587e-01,5.431549887172464341e-01,1.394919760574076975e+02
-1.270838120307528207e+01,1.220687110637837947e+01,-1.070524046217230563e+01,7.929479361914592017e-01,1.626038615119154429e-01,5.871895390008262661e-01,1.410496338324865064e+02
-1.245011913921534052e+01,1.235057218916712785e+01,-1.075929682999504777e+01,7.571378769232551820e-01,1.751480523752261542e-01,6.293356775824366922e-01,1.426072916075653154e+02
-1.220476503421682857e+01,1.246375313560800002e+01,-1.077440720994538381e+01,7.188928445123580202e-01,1.871289641670133008e-01,6.694578619147605325e-01,1.441649493826441244e+02
-1.197439867773239719e+01,1.254530493835986249e+01,-1.074926779139594402e+01,6.783358348301689045e-01,1.985080660735916991e-01,7.074270583527858536e-01,1.457226071577229334e+02
-1.176100551164846486e+01,1.259432238373652524e+01,-1.068300510669755532e+01,6.355972790764422564e-01,2.092487626604653816e-01,7.431211571179329178e-01,1.472802649328017424e+02
-1.156652707375142697e+01,1.261000792591775088e+01,-1.057496100090436641e+01,3.401089830736247488e-01,1.201028340899310543e-01,9.326838633086107500e-01,1.488379227078805513e+02
-1.139291255691001759e+01,1.259157599390949045e+01,-1.042447760005081925e+01,0.000000000000000000e+00,1.519999199371748627e-02,9.998834733319879042e-01,1.503955804829593603e+02
-1.124125736568119116e+01,1.253879227410663688e+01,-1.023174998556887338e+01,6.019548052924608705e-02,-1.079063171099269441e-01,9.923359969545028081e-01,1.519532382580381693e+02
-1.111093537833375855e+01,1.245250572439081083e+01,-9.998678862967098624e+00,1.192571388590660669e-01,-2.289801383123124534e-01,9.660972161691033788e-01,1.535108960331169783e+02
-1.099836695456518676e+01,1.233067163752476603e+01,-9.721012083592821540e+00,1.760725100471330073e-01,-3.457409670422834091e-01,9.216613558755920588e-01,1.551040573606738917e+02
-1.090536264455999493e+01,1.217598198521339192e+01,-9.406140556006855391e+00,2.295714394104572398e-01,-4.559895367112392073e-01,8.598653944757501666e-01,1.566972186882308051e+02
-1.083026058480123766e+01,1.198992731305578197e+01,-9.057078215532234466e+00,2.787462395021936823e-01,-5.576492431595778676e-01,7.818732989218765139e-01,1.582903800157877185e+02
-1.077138635013992207e+01,1.177398706803358053e+01,-8.676839238013565492e+00,3.226706705015253140e-01,-6.488052587245805025e-01,6.891541007999940627e-01,1.598835413433446320e+02
-1.072705298417671216e+01,1.152962953198049512e+01,-8.268438018607303874e+00,3.605173865205427708e-01,-7.277405992155900893e-01,5.834542263706123943e-01,1.614767026709015454e+02
-1.069556102978595824e+01,1.125831175518317906e+01,-7.834889150570877980e+00,3.915735192212924098e-01,-7.929684644637849944e-01,4.667646017111530266e-01,1.630698639984584588e+02
-1.067519855978182441e+01,1.096147949011405842e+01,-7.379207404050763586e+00,4.152541052139516187e-01,-8.432602432888466337e-01,3.412831525161216240e-01,1.646630253260153722e+02
-1.066424120772635575e+01,1.064056712529672843e+01,-6.904407704869620410e+00,4.311131043138987651e-01,-8.776686553740221663e-01,2.093734048601018083e-01,1.662561866535722856e+02
-1.066095219887927037e+01,1.029699761930449853e+01,-6.413505113312621297e+00,4.388518011076011915e-01,-8.955455941290179078e-01,7.351996667995323864e-02,1.678493479811291991e+02
-1.066354577927156200e+01,9.932284900422869711e+00,-5.909340772884565496e+00,5.014640709174753574e-01,-8.602880397020853387e-01,9.184919336254357414e-02,1.694425093086861125e+02
-1.067014942277992873e+01,9.548135948987262367e+00,-5.394407860291240198e+00,5.613186425478260411e-01,-8.202994238365358681e-01,1.096733184417462009e-01,1.710356706362430259e+02
-1.067883863236613173e+01,9.146347782189915065e+00,-4.871025597926952777e+00,6.180863509463480066e-01,-7.757996482685183270e-01,1.268943202665948899e-01,1.726288319637999393e+02
-1.068767296480723061e+01,8.728704747168146483e+00,-4.341513267586501357e+00,6.714550045396391331e-01,-7.270334239076364780e-01,1.434174933359778081e-01,1.742219932913568528e+02
-1.069469606495502312e+01,8.296978436169061055e+00,-3.808190194148342922e+00,7.211311022760880096e-01,-6.742689256091919381e-01,1.591519691432244088e-01,1.758151546189137662e+02
-1.069793570017801798e+01,7.852927601862301543e+00,-3.273375729257527844e+00,7.668414479920605542e-01,-6.177963178574276126e-01,1.740112159512068601e-01,1.774083159464706796e+02
-1.069576598723353733e+01,7.414684038667710198e+00,-2.758184421546981735e+00,8.083346532086007619e-01,-5.579261594427590287e-01,1.879135147467726752e-01,1.789451473100430405e+02
-1.068674002605887985e+01,6.968445774796844461e+00,-2.245744333033906415e+00,8.453825200752533853e-01,-4.949876958863003718e-01,2.007824087529830048e-01,1.804819786736154015e+02
-1.066910972584247475e+01,6.515702734488248105e+00,-1.738063828671254862e+00,8.777812968329870014e-01,-4.293270489870489870e-01,2.125471240218232416e-01,1.820188100371877624e+02
-1.064111384793518411e+01,6.057933840587358176e+00,-1.237151242216462332e+00,9.053527988666241200e-01,-3.613053134383732989e-01,2.231429587881269549e-01,1.835556414007601234e+02
-1.060097803432171482e+01,5.596606946904150170e+00,-7.450148630839273922e-01,9.279453891549662714e-01,-2.912965709774937850e-01,2.325116394365895900e-01,1.850924727643324843e+02
-1.054691483623292925e+01,5.133178770689379888e+00,-2.636629231977047905e-01,9.454348126999643220e-01,-2.196858329913410068e-01,2.406016411170410207e-01,1.866293041279048452e+02
-1.047712374289883819e+01,4.669094825229991308e+00,2.048964161555158203e-01,9.577248803205534733e-01,-1.468669229016720257e-01,2.473684712376004458e-01,1.881661354914772062e+02
-1.038979121044216747e+01,4.205789352564269556e+00,6.586550774730859370e-01,9.647479980276827405e-01,-7.324030998914198010e-02,2.527749142698788032e-01,1.897029668550495671e+02
-1.028309069091227279e+01,3.744685256317312749e+00,1.095605080182662672e+00,9.664655390499189425e-01,7.890934119672387941e-04,2.567912365138854125e-01,1.912397982186219281e+02
-1.015518266145926241e+01,3.287194034657388464e+00,1.513738553787996821e+00,9.628680564489344729e-01,7.481415921123012180e-02,2.593953496915218926e-01,1.927766295821942890e+02
-1.000421465364815177e+01,2.834715713373764601e+00,1.911047751014180562e+00,9.539753351461632835e-01,1.484277830770804607e-01,2.605729324652406587e-01,1.943134609457666500e+02
-9.828321282912856560e+00,2.388638779076567520e+00,2.285525060952289689e+00,9.398362830708557603e-01,2.212251238258442498e-01,2.603175092112939848e-01,1.958502923093390109e+02
-9.625624278149897961e+00,1.950340112519254543e+00,2.635163022203356409e+00,9.205286620304579115e-01,2.928058303418146768e-01,2.586304856136493191e-01,1.973871236729113718e+02
-9.394232511451592771e+00,1.521184922044259036e+00,2.957954336021603847e+00,8.961586597915418562e-01,3.627762437550424157e-01,2.555211408837179676e-01,1.989239550364837328e+02
-9.132242027978584531e+00,1.102526677152387169e+00,3.251891879456890067e+00,8.668603057382052723e-01,4.307515627420699933e-01,2.510065766511432317e-01,2.004607864000560937e+02
-8.838243477860535435e+00,6.956874803701332821e-01,3.515709129065227145e+00,8.327947333398801888e-01,4.963579600212482679e-01,2.451116228106219597e-01,2.019976177636284547e+02
-8.452072134204390963e+00,2.410268899107460006e-01,3.781654325129422123e+00,7.941492935068138470e-01,5.592346383873419979e-01,2.378687008477037290e-01,2.037839543238071371e+02
-8.014816675182419914e+00,-1.905355683255860744e-01,4.002381644761468849e+00,7.511365237342972900e-01,6.190358149680508237e-01,2.293176454013498566e-01,2.055702908839858196e+02
-7.526610360516331255e+00,-5.967101679283368654e-01,4.179635121598842318e+00,7.039929787313202736e-01,6.754326227857654352e-01,2.195054850514012446e-01,2.073566274441645021e+02
-6.988635714036554702e+00,-9.755737855550774551e-01,4.315288945449578861e+00,6.529779289913277829e-01,7.281149191687950051e-01,2.084861835437027133e-01,2.091429640043431846e+02
-6.404204305001452546e+00,-1.325927479208901305e+00,4.411477217282764762e+00,5.983719344878792867e-01,7.767929910746838029e-01,1.963203428831974962e-01,2.109293005645218670e+02
-5.850224773293445146e+00,-1.614517545206079818e+00,4.467270409278397025e+00,5.404753013623958546e-01,8.211991479608395927e-01,1.830748699346583519e-01,2.125192776248340465e+02
-5.269439032403652412e+00,-1.882063655366921884e+00,4.498250539437177231e+00,4.796064301111369055e-01,8.610891934611519805e-01,1.688226083707144443e-01,2.141092546851462259e+02
-4.664579396075410500e+00,-2.127989882414337952e+00,4.505839069179478962e+00,4.161000643707293278e-01,8.962437677979128159e-01,1.536419379964043819e-01,2.156992317454584054e+02
-4.038371974243180951e+00,-2.351702458321145439e+00,4.491457623845214187e+00,3.503054499429842372e-01,9.264695535722135000e-01,1.376163436576475219e-01,2.172892088057705848e+02
-3.393536625093701797e+00,-2.552589807819627854e+00,4.456527982728170301e+00,2.825844141875950011e-01,9.516003383290916329e-01,1.208339561068473844e-01,2.188791858660827643e+02
-2.732786907200482673e+00,-2.730022582117136221e+00,4.402472069109535369e+00,2.133093763432872547e-01,9.714979280817322982e-01,1.033870673514967337e-01,2.204691629263949437e+02
-2.058830031731922805e+00,-2.883353692817414604e+00,4.330711940290671969e+00,1.428612997119481920e-01,9.860529067976941953e-01,8.537162315036987692e-02,2.220591399867071232e+02
-1.374366814733382514e+00,-3.011918346047348205e+00,4.242669777625182270e+00,7.162759695446685448e-02,9.951852376949427148e-01,6.688669544598609129e-02,2.236491170470193026e+02
-6.820916294834871163e-01,-3.115034076788808726e+00,4.139767876550322967e+00,0.000000000000000000e+00,9.988447030619236333e-01,4.803393763090249569e-02,2.252390941073314821e+02
1.531751944393307252e-02,-3.192105378921669789e+00,4.023409909865900858e+00,-9.782350994805029398e-02,9.944776381339884841e-01,3.798405131731261153e-02,2.268290711676436615e+02
7.152076774438869133e-01,-3.242728418371946475e+00,3.894962191143886532e+00,-1.946991575598479296e-01,9.804745520550481874e-01,2.756611723663515701e-02,2.284190482279558410e+02
1.414939241760315491e+00,-3.266586588895628918e+00,3.755772391903925644e+00,-2.896882645977044701e-01,9.569711273023504550e-01,1.688108010667749292e-02,2.300090252882680204e+02
2.110524426158522537e+00,-3.263408086582133105e+00,3.607494595115253055e+00,-3.818704321652817146e-01,9.241950997012317037e-01,6.032472760945693270e-03,2.315958987753729446e+02
2.800717336404523028e+00,-3.232945820970390294e+00,3.451214664296153867e+00,-4.703524588074121660e-01,8.824640519005080286e-01,-4.874587016304096632e-03,2.331827722624778687e+02
3.482907670614248108e+00,-3.174834225467721094e+00,3.288269976091743096e+00,-5.542769951229580272e-01,8.321823363079428049e-01,-1.573441501519963134e-02,2.347696457495827929e+02
4.154488135086242373e+00,-3.088690639766054957e+00,3.119997953642734245e+00,-6.328308510398359399e-01,7.738371572880762272e-01,-2.644178461799872801e-02,2.363565192366877170e+02
4.812854490333877244e+00,-2.974115325757505257e+00,2.947736057248669272e+00,-7.052528752623763442e-01,7.079938505680255512e-01,-3.689294638834730855e-02,2.379433927237926412e+02
5.455405597083758273e+00,-2.830691483647526763e+00,2.772821775030953173e+00,-7.708413305418051475e-01,6.352904055751030787e-01,-4.698663335339395980e-02,2.395302662108975653e+02
6.079543462240039275e+00,-2.657985268265521395e+00,2.596592613595743781e+00,-8.289606933011242074e-01,5.564312837667323430e-01,-5.662504223820929994e-02,2.411171396980024895e+02
6.682673284814351078e+00,-2.455545805572736828e+00,2.420386088696748317e+00,-8.790478117191581342e-01,4.721805928369831040e-01,-6.571478114443080054e-02,2.427040131851074136e+02
7.262203501821065110e+00,-2.222905209367325607e+00,2.245539715897972854e+00,-9.206173625913990355e-01,3.833546829287871605e-01,-7.416777448968617237e-02,2.442908866722123378e+02
7.815545834137587633e+00,-1.959578598186406895e+00,2.073391001236470910e+00,-9.532665540775674407e-01,2.908142365857105394e-01,-8.190211643803933794e-02,2.458777601593172619e+02
8.317745733234765737e+00,-1.679733163613578828e+00,1.912656885903557091e+00,-9.766790287519725444e-01,1.954559290873832955e-01,-8.884286455048538700e-02,2.473929803015676043e+02
8.792797188505172556e+00,-1.372389153500201298e+00,1.756547117077609244e+00,-9.906279291219920458e-01,9.820373998030741680e-02,-9.492276596358291407e-02,2.489082004438179467e+02
9.238556830598245284e+00,-1.037102329753663232e+00,1.606173458258375986e+00,-9.949780958972376244e-01,0.000000000000000000e+00,-1.000829090580637737e-01,2.504234205860682891e+02
9.653005866447843530e+00,-6.735676476998170292e-01,1.462384807425117783e+00,-9.987160534596613015e-01,7.325388944364232165e-03,-5.010572045645198674e-02,2.519386407283186315e+02
1.003437021197457391e+01,-2.817728946446486638e-01,1.325504362648874501e+00,-9.998919466674430767e-01,1.463198458598872695e-02,-0.000000000000000000e+00,2.534538608705689740e+02
1.038151460098381307e+01,1.378490964730774981e-01,1.195561367810038744e+00,-9.994100995597536841e-01,3.431403346454056646e-02,-0.000000000000000000e+00,2.549690810128193164e+02
1.071407085283344962e+01,6.185166266131322255e-01,1.064211389916344119e+00,-9.985408651717858630e-01,5.398278037185993972e-02,-0.000000000000000000e+00,2.565934096239146811e+02
1.100473740044266258e+01,1.130525288948079687e+00,9.412830511079317564e-01,-9.972845804752618060e-01,7.363060193289851230e-02,-0.000000000000000000e+00,2.582177382350100743e+02
1.125402876458244350e+01,1.672106913766926661e+00,8.266916134257251692e-01,-9.956417324202829766e-01,9.324988288386548696e-02,-0.000000000000000000e+00,2.598420668461054674e+02
1.146244156094743438e+01,2.241490320663857450e+00,7.203522779039599477e-01,-9.936129577522682110e-01,1.128330190213662626e-01,-0.000000000000000000e+00,2.614663954572008606e+02
1.163045449287159627e+01,2.836901416575742907e+00,6.221801851921210380e-01,-9.911990427653806224e-01,1.323724201471811746e-01,-0.000000000000000000e+00,2.630907240682962538e+02
1.175852834426146210e+01,3.456563293850928531e+00,5.320904161772092023e-01,-9.884009229981531863e-01,1.518605130076350895e-01,-0.000000000000000000e+00,2.647150526793916470e+02
1.184710597274700561e+01,4.098696328348360396e+00,4.499979926063367719e-01,-9.852196828714268051e-01,1.712897442264282866e-01,-0.000000000000000000e+00,2.663393812904870401e+02
1.189661230305019579e+01,4.761518277566110235e+00,3.758178777096474188e-01,-9.816565552687425145e-01,1.906525832298016365e-01,-0.000000000000000000e+00,2.679637099015824333e+02
1.190745432057124908e+01,5.443244378798360650e+00,3.094649768235572251e-01,-9.777129210593433761e-01,2.099415251629110357e-01,-0.000000000000000000e+00,2.695880385126778265e+02
1.188002106519263812e+01,6.142087447319894977e+00,2.508541380143133881e-01,-9.733903085639735719e-01,2.291490937962914198e-01,-0.000000000000000000e+00,2.712123671237732196e+02
1.181468362530090310e+01,6.856257974597181004e+00,1.999001527018673952e-01,-9.686903929636725419e-01,2.482678444212912672e-01,-0.000000000000000000e+00,2.728366957348686128e+02
1.171879356771776770e+01,7.548359398385183994e+00,1.583923058411533524e-01,-9.823596512698054006e-01,1.869894949054616007e-01,-1.563442423375727662e-03,2.743826603265579251e+02
1.159212989341158639e+01,8.250836750203978553e+00,1.238145811806761754e-01,-9.921541523878247837e-01,1.249735932820747880e-01,-3.120718165924096267e-03,2.759286249182472375e+02
1.143615387362658709e+01,8.962374329367444048e+00,9.656932457054800967e-02,-9.980352630023525684e-01,6.246475157481227308e-02,-4.665684794353743177e-03,2.774745895099365498e+02
1.125231417553486857e+01,9.681647392789209050e+00,7.705883326530137134e-02,-9.999797856379291083e-01,-2.904737833635974279e-04,-6.192248425230532233e-03,2.790205541016258621e+02
1.104204683913235030e+01,1.040732222066894863e+01,6.568535325805711922e-02,-9.979800501753647302e-01,-6.304455447530234180e-02,-7.694387761982384756e-03,2.805665186933151745e+02
1.080677525427340058e+01,1.113805618227489092e+01,6.285107661494732101e-02,-9.920439441149221382e-01,-1.255499666612945042e-01,-9.166177845622057799e-03,2.821124832850044868e+02
1.054791013784428166e+01,1.187249780182194137e+01,6.895813880980594668e-02,-9.821948814697576413e-01,-1.875601673243695033e-01,-1.060181342548166712e-02,2.836584478766937991e+02
1.026684951107554866e+01,1.260928682444489368e+01,8.440861605914094790e-02,-9.684717104121596254e-01,-2.488305667472106852e-01,-1.199563185775137306e-02,2.852044124683831114e+02
9.964978676993530016e+00,1.334705428226612334e+01,1.096045226574007408e-01,-9.509285600368997393e-01,-3.091194932838921550e-01,-1.334213544147831894e-02,2.867503770600724238e+02
9.643670198011042416e+00,1.408442256055720421e+01,1.449478083125485262e-01,-9.296346268463392404e-01,-3.681891466200499230e-01,-1.463601310390241078e-02,2.882963416517617361e+02
9.304283873657448467e+00,1.482000546399387986e+01,1.908403554819576298e-01,-9.046739017998816079e-01,-4.258065357605720913e-01,-1.587216134957451091e-02,2.898423062434510484e+02
8.948166718448206325e+00,1.555240828300379441e+01,2.476839767086412847e-01,-8.761448390049606516e-01,-4.817443980442244755e-01,-1.704570439061001488e-02,2.913882708351403608e+02
8.576652939894046312e+00,1.628022786020644475e+01,3.158804119578299541e-01,-8.441599673570885365e-01,-5.357820955595882229e-01,-1.815201337866435838e-02,2.929342354268296731e+02
8.191063916649882870e+00,1.700205265694473411e+01,3.958313259539096851e-01,-8.088454466616382676e-01,-5.877064854259739235e-01,-1.918672466276466135e-02,2.944802000185189854e+02
7.767035159930441246e+00,1.776026792600409365e+01,4.945166605635059609e-01,-7.703405699891110459e-01,-6.373127605062293144e-01,-2.014575700097854041e-02,2.961223233005255224e+02
7.329165322977691410e+00,1.850767916577627048e+01,6.082815969086976526e-01,-7.287972142277704402e-01,-6.844052572351704278e-01,-2.102532765803257972e-02,2.977644465825320594e+02
6.879085718726084764e+00,1.924245777191987727e+01,7.376371529372039992e-01,-6.843792410018714190e-01,-7.287982273772662944e-01,-2.182196732539172512e-02,2.994065698645385964e+02
6.418410194187869955e+00,1.996276417989865948e+01,8.830942300119510868e-01,-6.372618503194810158e-01,-7.703165706696710746e-01,-2.253253380496010247e-02,3.010486931465451335e+02
5.948735100107080065e+00,2.066674796120160096e+01,1.045163609089082568e+00,-5.876308895002847477e-01,-8.087965254611678700e-01,-2.315422440244471053e-02,3.026908164285516705e+02
5.472111031617661325e+00,2.135277687971899141e+01,1.224313551856194282e+00,-5.356821201100758767e-01,-8.440863146234456327e-01,-2.368458698151659769e-02,3.043329397105582075e+02
4.991517387931231120e+00,2.201966175281411964e+01,1.420927402188267408e+00,-4.816204457941554717e-01,-8.760467441876981232e-01,-2.412152963518951476e-02,3.059750629925647445e+02
4.510394785686213659e+00,2.266642127605468460e+01,1.635345978319225901e+00,-4.256591040559477013e-01,-9.045517523461418241e-01,-2.446332893629236255e-02,3.076171862745712815e+02
4.032174637497850433e+00,2.329205102144734596e+01,1.867909965331228328e+00,-3.680188251691898782e-01,-9.294889066539229194e-01,-2.470863673451792128e-02,3.092593095565778185e+02
3.560279087973815315e+00,2.389552348814963878e+01,2.118959912604254203e+00,-3.089269615415098369e-01,-9.507598474712728454e-01,-2.485648547326357177e-02,3.109014328385843555e+02
3.130877304864287058e+00,2.443536656730853807e+01,2.368053163889578094e+00,-2.486165909635589810e-01,-9.682806758978538264e-01,-2.490629200531794055e-02,3.124246130759309494e+02
2.711911706404592781e+00,2.495600699467010841e+01,2.632422386735045805e+00,-1.873255972806900649e-01,-9.819822846701710128e-01,-2.485785989236712068e-02,3.139477933132775433e+02
2.305895558123962630e+00,2.545663446265882612e+01,2.912319317996992840e+00,-1.252957321130205859e-01,-9.918106307178701231e-01,-2.471138017927247688e-02,3.154709735506241373e+02
1.915136940154285483e+00,2.593660546709942949e+01,3.207359567253665222e+00,-6.277166132430100909e-02,-9.977269483047810361e-01,-2.446743064008516377e-02,3.169941537879707312e+02
1.541542133210785925e+00,2.639562748426164873e+01,3.515886591919745729e+00,-0.000000000000000000e+00,-9.997079019148148449e-01,-2.412697349878688280e-02,3.185173340253173251e+02
1.186817354303683736e+00,2.683357893117901583e+01,3.835607735255941453e+00,9.806806649957045484e-05,-9.981137648578374266e-01,-6.137509886311127982e-02,3.200405142626639190e+02
8.352208657233138878e-01,2.727235647800853258e+01,4.183087888484622319e+00,1.959998565696795844e-04,-9.951322717742601132e-01,-9.853792789113820227e-02,3.216490862012672096e+02
5.097695542244227163e-01,2.768583859765596600e+01,4.538164923183071409e+00,7.429568636704049489e-02,-9.870861627483462630e-01,-1.419121499311226386e-01,3.232576581398705002e+02
2.122430720127039261e-01,2.807363221072041881e+01,4.897878736635474795e+00,1.478428431026845569e-01,-9.716992516282244585e-01,-1.842309912272911410e-01,3.248662300784737909e+02
-5.569493978307649140e-02,2.843526527436912588e+01,5.259233089468793310e+00,2.202905136778423034e-01,-9.490859690784428926e-01,-2.251797346168901426e-01,3.264748020170770815e+02
-2.923839435210132121e-01,2.877025461940885265e+01,5.619231730476236919e+00,2.910999184595888245e-01,-9.194144862856024059e-01,-2.644538520822553584e-01,3.280833739556803721e+02
-4.961665356182294317e-01,2.907810596652409529e+01,5.974878418110444400e+00,3.597444611856741581e-01,-8.829054643388430934e-01,-3.017612693619684539e-01,3.296919458942836627e+02
-6.653884770892012357e-01,2.935831394264834771e+01,6.323176941976601739e+00,4.257136449880248308e-01,-8.398304132985466852e-01,-3.368245379568504116e-01,3.313005178328869533e+02
-7.983987240500425298e-01,2.961036209746827552e+01,6.661131144325404208e+00,4.885168687119678110e-01,-7.905096731625539386e-01,-3.693828983862711413e-01,3.329090897714902439e+02
-8.935494581885513599e-01,2.983372292006070126e+01,6.985744941545724451e+00,5.476870753099238875e-01,-7.353100317353769011e-01,-3.991942193564771424e-01,3.345176617100935346e+02
-9.491961171998209990e-01,3.002785785566214827e+01,7.294022345656890671e+00,6.027842251860220379e-01,-6.746419971032407981e-01,-4.260367984237455330e-01,3.361262336486968252e+02
-9.636974251872185704e-01,3.019221732257089741e+01,7.582967485800447882e+00,6.533985686669020465e-01,-6.089567449843512614e-01,-4.497110107632233400e-01,3.377348055873001158e+02
-9.354154230285343097e-01,3.032624072918137870e+01,7.849584629731280572e+00,6.991536932644440983e-01,-5.387427636405804909e-01,-4.700407937817885351e-01,3.393433775259034064e+02
-8.656804263326220994e-01,3.042825829980588281e+01,8.087509680362252595e+00,6.358628725514419155e-01,-6.360992596505865571e-01,-4.370974023971654354e-01,3.409249258207854041e+02
-7.561929202679261719e-01,3.050085340320077520e+01,8.299503061084909206e+00,5.633079906155771255e-01,-7.241882025445506299e-01,-3.977858154886578790e-01,3.425064741156674017e+02
-6.094237294547466544e-01,3.054399382921541672e+01,8.483702345153032454e+00,4.825461285083502139e-01,-8.017262074288277196e-01,-3.526787804556905659e-01,3.440880224105493994e+02
-4.278424062605347133e-01,3.055766292549280649e+01,8.638245298496531888e+00,3.947539337631477685e-01,-8.675836115178935382e-01,-3.024334783132578974e-01,3.456695707054313971e+02
-2.139171903728011581e-01,3.054185959001926776e+01,8.761269892635436207e+00,3.012104770503515883e-01,-9.208009309468450088e-01,-2.477819486631058776e-01,3.472511190003133947e+02
2.988503161015053020e-02,3.049659826350153580e+01,8.850914317592792457e+00,2.032786171101254591e-01,-9.606028381098901114e-01,-1.895204243397478061e-01,3.488326672951953924e+02
3.010987665704171201e-01,3.042190892157138293e+01,8.905316994806444342e+00,1.023851454490383450e-01,-9.864094561024712160e-01,-1.284977311238321984e-01,3.504142155900773901e+02
5.972599552433628389e-01,3.031783706681780188e+01,8.922616590039593731e+00,0.000000000000000000e+00,-9.978448059153464111e-01,-6.560292149536549322e-02,3.519957638849593877e+02
9.158296350759699278e-01,3.018429315263890800e+01,8.901249470141518572e+00,-9.696985158282539485e-02,-9.701621586427787713e-01,-2.222166371419873609e-01,3.535773121798413854e+02
1.254115820071968201e+00,3.002090266327220291e+01,8.840247157743908346e+00,-1.905750876019940976e-01,-9.088174119632871362e-01,-3.711199909719714585e-01,3.551588604747233830e+02
1.609347246283231891e+00,2.982715766924956924e+01,8.738938894126933477e+00,-2.775678624343891343e-01,-8.159390697456431196e-01,-5.071464445378356389e-01,3.567404087696053807e+02
1.966602513997760093e+00,2.961064768534340885e+01,8.602444390363045201e+00,-3.549297630118185554e-01,-6.947497535606222963e-01,-6.255762489551647265e-01,3.582715807443294693e+02
2.334252682915717969e+00,2.936569117164188114e+01,8.428175951587402182e+00,-4.199765354728830502e-01,-5.494543922601784480e-01,-7.223002010791040872e-01,3.598027527190535579e+02
2.709853420887889719e+00,2.909188740396245265e+01,8.215545031749430294e+00,-4.418400806735804376e-01,-5.666228397563588537e-01,-6.954954353383551169e-01,3.613339246937776466e+02
3.090957322689865894e+00,2.878885059007025760e+01,7.963963334105809366e+00,-4.630447211342755276e-01,-5.829462984874613785e-01,-6.676535024316466727e-01,3.628650966685017352e+02
3.475113947653150515e+00,2.845620988519655370e+01,7.672842815047249410e+00,-4.835588355755185974e-01,-5.984004263169989679e-01,-6.388159220936624472e-01,3.643962686432258238e+02
3.860156875499713980e+00,2.809382084617818975e+01,7.342363922716822699e+00,-5.033518324664896237e-01,-6.129621774858063921e-01,-6.090256987389460752e-01,3.659274406179499124e+02
4.244493187832886427e+00,2.770197450432602793e+01,6.974243830632690155e+00,-5.223941956362462280e-01,-6.266098369712230776e-01,-5.783272573348922085e-01,3.674586125926740010e+02
4.626820118515802882e+00,2.728118235500891942e+01,6.570968191735411246e+00,-5.406575282818941730e-01,-6.393230528626742126e-01,-5.467663771580650867e-01,3.689897845673980896e+02
5.013882204721282321e+00,2.682173485200160812e+01,6.125002395416933254e+00,-5.581145953079208466e-01,-6.510828667051526963e-01,-5.143901235321323151e-01,3.705537608425730127e+02
5.396044982478123586e+00,2.633259886223914847e+01,5.646928400957230920e+00,-5.747393639336640936e-01,-6.618717417654421675e-01,-4.812467776491088367e-01,3.721177371177479358e+02
5.771904914234438522e+00,2.581435674184881890e+01,5.139452486380589491e+00,-5.905070425084564256e-01,-6.716735891790088786e-01,-4.473857645784544146e-01,3.736817133929228589e+02
6.140063384628523302e+00,2.526759946172811055e+01,4.605281129067578583e+00,-6.053941174766590549e-01,-6.804737919386417699e-01,-4.128575795712500773e-01,3.752456896680977820e+02
6.499126722337452478e+00,2.469292658184828326e+01,4.047120987403952874e+00,-6.193783884375366755e-01,-6.882592266891232047e-01,-3.777137127692154484e-01,3.768096659432727051e+02
6.847706221871573185e+00,2.409094622546590259e+01,3.467678882428641529e+00,-6.324390012477646428e-01,-6.950182832954722167e-01,-3.420065724306930455e-01,3.783736422184476282e+02
7.184418165314742311e+00,2.346227505324251794e+01,2.869661779480900510e+00,-6.445564791172614383e-01,-7.007408821556121437e-01,-3.057894067879311506e-01,3.799376184936225513e+02
7.507883844010212471e+00,2.280753823727274110e+01,2.255776769846737473e+00,-6.557127516520202537e-01,-7.054184892316579525e-01,-2.691162246520293899e-01,3.815015947687974744e+02
7.816729580191994486e+00,2.212736943502093467e+01,1.628731052404692292e+00,-6.658911818006597594e-01,-7.090441287774126300e-01,-2.320417148837779775e-01,3.830655710439723975e+02
8.109586748561598668e+00,2.142241076316675574e+01,9.912319152710746817e-01,-7.142513392199832944e-01,-6.601633892587224217e-01,-2.324377849633105508e-01,3.846295473191473206e+02
8.385403073400100382e+00,2.069339170429335439e+01,3.459590832475537558e-01,-7.752766870912455310e-01,-6.134309732356165723e-01,-1.504875394473488281e-01,3.861935235943222438e+02
8.643754852454639703e+00,1.994120537857751074e+01,-3.044629345441758894e-01,-8.265150306012553072e-01,-5.589546842172216090e-01,-6.663756585315368242e-02,3.877574998694971669e+02
8.884537084404602325e+00,1.916682562621316777e+01,-9.574372282587598759e-01,-8.673195456302688067e-01,-4.974222275864435550e-01,1.805362212331993593e-02,3.893214761446720900e+02
9.107652659771863668e+00,1.837122671776504745e+01,-1.610366870736295697e+00,-8.971751246285712966e-01,-4.296103845413990485e-01,1.025168924770933632e-01,3.908854524198470131e+02
9.305901019485194325e+00,1.758661579607142400e+01,-2.236461410842957687e+00,-9.157048789070334482e-01,-3.563752057188359079e-01,1.856859916528716126e-01,3.923908549736837585e+02
9.488144854914967397e+00,1.678476074167524956e+01,-2.857970737034709607e+00,-9.226748959561067442e-01,-2.786412042015056767e-01,2.665110048291648437e-01,3.938962575275205040e+02
9.654320728591484269e+00,1.596649910674972617e+01,-3.472665614447115523e+00,-9.179971918005780385e-01,-1.973896843807588231e-01,3.439716097993626986e-01,3.954016600813572495e+02
9.804371725511156654e+00,1.513266866616608120e+01,-4.078316851009962996e+00,-9.017308211791938977e-01,-1.136463540324677418e-01,4.170899571463849709e-01,3.969070626351939950e+02
9.938247453337362813e+00,1.428410738487885112e+01,-4.672695311449584388e+00,-8.740811315928112002e-01,-2.846837599731120300e-02,4.849430141401512850e-01,3.984124651890307405e+02
1.005590404253554127e+01,1.342165338531060215e+01,-5.253571931290907493e+00,-8.353971706888615456e-01,5.706897708573411415e-02,5.466742165689856270e-01,3.999178677428674860e+02
1.015730414644249358e+01,1.254614491473632043e+01,-5.818717730859177095e+00,-7.861672797487879727e-01,1.418858965483645318e-01,6.015042814602085119e-01,4.014232702967042314e+02
1.024241694126989266e+01,1.165842031266771350e+01,-6.365903829281268855e+00,-7.270129289260844896e-01,2.249116686482289518e-01,6.487410442403667155e-01,4.029286728505409769e+02
1.031140129009279960e+01,1.075943109862295621e+01,-6.893338369788770237e+00,-7.161305230572415637e-01,2.124300655788691761e-01,6.648522701939069135e-01,4.044340754043777224e+02
1.036479018288019205e+01,9.850353566359588697e+00,-7.400103442274937215e+00,-7.048658540521677285e-01,1.998350695663028420e-01,6.806086046773198728e-01,4.059394779582144679e+02
1.040330948171822456e+01,8.932473382801944695e+00,-7.885718177755482117e+00,-6.932249346667971324e-01,1.871334034613588437e-01,6.960016373998199057e-01,4.074448805120512134e+02
1.042769538457000422e+01,8.007071671338554353e+00,-8.349701840083156412e+00,-6.812139784705207868e-01,1.743318470477547844e-01,7.110231519713618997e-01,4.089502830658879589e+02
1.043868151530016775e+01,7.054400068881803598e+00,-8.800966803265435345e+00,-6.688393965296295374e-01,1.614372334243133200e-01,7.256651302854051355e-01,4.104894614825212784e+02
1.043626156096453705e+01,6.096444633354439091e+00,-9.228073735257760646e+00,-6.561077939868671383e-01,1.484564453591809829e-01,7.399197567972330969e-01,4.120286398991545980e+02
1.042127423501725225e+01,5.134589709898309096e+00,-9.630497776934319631e+00,-6.430259665375107625e-01,1.353964116175550569e-01,7.537794226943114184e-01,4.135678183157879175e+02
1.039456974582075510e+01,4.170214333233246862e+00,-1.000771423121689807e+01,-6.296008968038557807e-01,1.222641032648704162e-01,7.672367299564629706e-01,4.151069967324212371e+02
1.035700978283674267e+01,3.204692168702591548e+00,-1.035919856651738691e+01,-6.158397506100258267e-01,1.090665299474116862e-01,7.802844953037014752e-01,4.166461751490545566e+02
1.030946750269497691e+01,2.239391453376415875e+00,-1.068442642017947364e+01,-6.017498731590891214e-01,9.581073615232726937e-02,7.929157540296222217e-01,4.181853535656878762e+02
1.025282751514000701e+01,1.275674937212981419e+00,-1.098287360191948814e+01,-5.873387851145116523e-01,8.250379744903359180e-02,8.051237637183064066e-01,4.197245319823211958e+02
1.018798586885590041e+01,3.148998242789101676e-01,-1.125401609726642604e+01,-5.726141785880242141e-01,6.915281671400683172e-02,8.169020078427619014e-01,4.212637103989545153e+02
1.011585003716907316e+01,-6.415822859714236381e-01,-1.149733007100108040e+01,-5.575839130360381590e-01,5.576492034097020600e-02,8.282441992429799837e-01,4.228028888155878349e+02
1.003733890362928349e+01,-1.592425457356787533e+00,-1.171229187059431354e+01,-5.422560110667847821e-01,4.234725443849036292e-02,8.391442834817568475e-01,4.243420672322211544e+02
9.953382747468879188e+00,-2.536289475569768470e+00,-1.189837802964440172e+01,-5.266386541604061167e-01,2.890698101700569025e-02,8.495964420764861025e-01,4.258812456488544740e+02
9.864923228940419619e+00,-3.471839906716740476e+00,-1.205506527131349692e+01,-4.740743184214037398e-01,2.597112632214264652e-02,8.801005858477763955e-01,4.274204240654877935e+02
9.772913374532684827e+00,-4.397748155796615599e+00,-1.218183051176311515e+01,-4.197549085217522347e-01,2.293912373691410142e-02,9.073464682099589007e-01,4.289596024821211131e+02
9.678317562065240409e+00,-5.312691525117897662e+00,-1.227815086358871177e+01,-3.638815215167502393e-01,1.982219810192444726e-02,9.312332246866412699e-01,4.304987808987544327e+02
9.582111505661586648e+00,-6.215353272653521444e+00,-1.234350363925326732e+01,-3.066610068275811285e-01,1.663188861742938979e-02,9.516724264009627232e-01,4.320379593153877522e+02
9.485282240601009107e+00,-7.104422670333000234e+00,-1.237736635451988931e+01,-2.483052005385269212e-01,1.338000612825259589e-02,9.685884073335973010e-01,4.335771377320210718e+02
9.388828108049212418e+00,-7.978595062271370608e+00,-1.237921673188342453e+01,-1.890301412526379510e-01,1.007858940412857500e-02,9.819185443473450459e-01,4.351163161486543913e+02
9.293758739667827840e+00,-8.836571922934448153e+00,-1.234853270400103931e+01,-1.290552704058982592e-01,6.739860577161115203e-03,9.916134889459017332e-01,4.366554945652877109e+02
9.201095042102872767e+00,-9.677060915239890093e+00,-1.228479241712177306e+01,-6.860261999637133623e-02,3.376179901146764833e-03,9.976373499115236410e-01,4.381946729819210304e+02
9.111869181352286517e+00,-1.049877594859358787e+01,-1.218747423451504019e+01,-7.895990730972241370e-03,0.000000000000000000e+00,9.999678261473632368e-01,4.397338513985543500e+02
9.027113512342959112e+00,-1.130049614457861828e+01,-1.205663047138919808e+01,-4.906911707507591314e-02,5.344659912205153990e-02,9.973633654753846223e-01,4.412730298151876696e+02
8.947848829678534344e+00,-1.208112470945122752e+01,-1.189346112604005867e+01,-9.001855799556132687e-02,1.066495575087540032e-01,9.902123666669813140e-01,4.428122082318209891e+02
8.871766117980417476e+00,-1.287816040418328001e+01,-1.168791572628356157e+01,-1.305576442697192474e-01,1.593663479184883047e-01,9.785474279126614716e-01,4.444321946175784319e+02
8.804693417478910433e+00,-1.364816072522425294e+01,-1.144892905518877768e+01,-1.705015772493288506e-01,2.113566592736220440e-01,9.624217239530501455e-01,4.460521810033358747e+02
8.747904812766782001e+00,-1.438987608567983756e+01,-1.117867842295127900e+01,-2.096682712100930157e-01,2.623834920466681098e-01,9.419087637078610298e-01,4.476721673890933175e+02
8.702686176804020235e+00,-1.510206501534420376e+01,-1.087934136712591382e+01,-2.478791833391205957e-01,3.122142385569075529e-01,9.171020552315144458e-01,4.492921537748507603e+02
8.670335149586971824e+00,-1.578349422471829122e+01,-1.055309563678424389e+01,-2.849601275794899080e-01,3.606217432562476843e-01,8.881146795211704026e-01,4.509121401606082031e+02
8.652161116676664321e+00,-1.643293866893463218e+01,-1.020211917667080925e+01,-3.207420686242019037e-01,4.073853381739080404e-01,8.550787751170886297e-01,4.525321265463656459e+02
8.649485187586513746e+00,-1.704918161158808587e+01,-9.828590111358343151e+00,-3.550618924419076117e-01,4.522918488022424910e-01,8.181449358411995165e-01,4.541521129321230887e+02
8.663640174029499263e+00,-1.763101468847186482e+01,-9.434686729401992267e+00,-3.877631498232998464e-01,4.951365658401333802e-01,7.774815244151812577e-01,4.557720993178805315e+02
8.695970568024984360e+00,-1.817723797121829321e+01,-9.022587467492638069e+00,-4.186967695594968619e-01,5.357241783653317047e-01,7.332739050824339522e-01,4.573920857036379743e+02
8.747832519865319512e+00,-1.868666003084362615e+01,-8.594470894609436584e+00,-4.477217380016139670e-01,5.738696641822071953e-01,6.857235987273769817e-01,4.590120720893954172e+02
8.818356921961434836e+00,-1.914972971772003518e+01,-8.161829917340881480e+00,-4.186825862747664551e-01,6.430379579523576306e-01,6.412527400195916494e-01,4.606000465072955876e+02
8.908353358105882691e+00,-1.957673898996580419e+01,-7.719552877160336557e+00,-3.864592763705989586e-01,7.073158105956919295e-01,5.919050361236463109e-01,4.621880209251957581e+02
9.017647508008808543e+00,-1.996739957612375349e+01,-7.271038726436681365e+00,-3.512968740215904329e-01,7.662143796405452845e-01,5.380557877533955757e-01,4.637759953430959285e+02
9.146068420879849725e+00,-2.032142172233969646e+01,-6.819686461056425841e+00,-3.134627968222536976e-01,8.192857335043564060e-01,4.801145299664935084e-01,4.653639697609960990e+02
9.293448520223389409e+00,-2.063851421061223235e+01,-6.368895096662265054e+00,-2.732447804316935347e-01,8.661262578427576520e-01,4.185219175175861617e-01,4.669519441788962695e+02
9.459623608593638266e+00,-2.091838437706331888e+01,-5.922063644891533585e+00,-2.309486902910997119e-01,9.063797248502631909e-01,3.537463735980002633e-01,4.685399185967964399e+02
9.644432872309463889e+00,-2.116073813022941152e+01,-5.482591089614683000e+00,-1.868961954982502338e-01,9.397400021881966437e-01,2.862805274485469287e-01,4.701278930146966104e+02
9.847718886128992821e+00,-2.136527996937306639e+01,-5.053876363173897879e+00,-1.414223225267868811e-01,9.659533809553405570e-01,2.166374679336848796e-01,4.717158674325967809e+02
1.006932761788390351e+01,-2.153171300281476519e+01,-4.639318322621986290e+00,-9.487290738946328739e-02,9.848205050120878434e-01,1.453468415613186349e-01,4.733038418504969513e+02
1.030910843307342617e+01,-2.165973896628482009e+01,-4.242315725961667283e+00,-4.760196561491286671e-02,9.961978869976468864e-01,7.295082461244913052e-02,4.748918162683971218e+02
1.056691409941797488e+01,-2.174905824129522003e+01,-3.866267208385377963e+00,3.099996898509767827e-05,9.999989995192798409e-01,0.000000000000000000e+00,4.764797906862972923e+02
1.083462508416647729e+01,-2.179947090178842828e+01,-3.522342881222091382e+00,-1.072404435455144439e-01,9.940156066838430338e-01,2.074755256407161477e-02,4.780273217028186536e+02
1.111667884899349801e+01,-2.181516266948279181e+01,-3.201914188038180065e+00,-2.132278347660800377e-01,9.761304224621124570e-01,4.124668259747391041e-02,4.795748527193400150e+02
1.141086369661740640e+01,-2.179747898576617615e+01,-2.905938043519630032e+00,-3.166621472023066208e-01,9.465575965537791348e-01,6.125194638524517066e-02,4.811223837358613764e+02
1.171495676744475034e+01,-2.174775104334042908e+01,-2.635371199935004238e+00,-4.163049235680841842e-01,9.056512165686095850e-01,8.052381350354244349e-02,4.826699147523827378e+02
1.202672407724665682e+01,-2.166729572874826815e+01,-2.391170240785200463e+00,-5.109631032141448426e-01,8.539010685805581424e-01,9.883153459816018671e-02,4.842174457689040992e+02
1.234392055495483476e+01,-2.155741556505819645e+01,-2.174291574454044529e+00,-5.995033061376978667e-01,7.919267732854483599e-01,1.159559040487770504e-01,4.857649767854254605e+02
1.266429008057694894e+01,-2.141939865470803994e+01,-1.985691427859759717e+00,-6.808654026550391425e-01,7.204703679083384049e-01,1.316918844625042662e-01,4.873125078019468219e+02
1.298551660926297835e+01,-2.125447230105397622e+01,-1.826233981011572416e+00,-7.397586536096266707e-01,6.636173701516493439e-01,1.112075556853654029e-01,4.888600388184681833e+02
1.330517583155998196e+01,-2.106375622148069482e+01,-1.696599502177266849e+00,-7.933845931571558152e-01,6.020392269794154760e-01,8.993139895394143546e-02,4.904075698349895447e+02
1.362078493107431854e+01,-2.084830820263684714e+01,-1.597376202463245631e+00,-8.413613957852456027e-01,5.361743880492283454e-01,6.801490484637523481e-02,4.919551008515109061e+02
1.396348151156452388e+01,-2.057911283950508263e+01,-1.525631912607133156e+00,-8.833474572939697955e-01,4.664918235872554386e-01,4.561412300290751398e-02,4.936770253197187799e+02
1.429319557211305280e+01,-2.027869283881975448e+01,-1.497493817075156386e+00,-9.190438266615257312e-01,3.934876858263722244e-01,2.288855121974153403e-02,4.953989497879266537e+02
1.460607662580373578e+01,-1.994859176805016077e+01,-1.513862507013989944e+00,-9.481963343960251311e-01,3.176817769973940830e-01,0.000000000000000000e+00,4.971208742561345275e+02
1.488462144471643889e+01,-1.960984898612229088e+01,-1.569944884599019597e+00,-8.695153985263810448e-01,4.839543351319641196e-01,9.863657146402546316e-02,4.987552758590562689e+02
1.514266796977687335e+01,-1.924833978577633431e+01,-1.664037252693118640e+00,-7.529526719992817307e-01,6.291427259332842414e-01,1.929759159359659970e-01,5.003896774619780103e+02
1.537733366604993357e+01,-1.886530606301860757e+01,-1.795320499335618214e+00,-7.746973084172714685e-01,5.917683689847326178e-01,2.228279107276655846e-01,5.020240790648997518e+02
1.558625891470941482e+01,-1.846224559217031214e+01,-1.962645259815821941e+00,-7.943031425993221095e-01,5.527602537861107113e-01,2.520647129020636146e-01,5.036584806678214932e+02
1.576813894236331137e+01,-1.804119195508993911e+01,-2.164201947937086867e+00,-8.117160477180137557e-01,5.122260750716073341e-01,2.806056055983011666e-01,5.052928822707432346e+02
1.591405865265255137e+01,-1.763311152527710490e+01,-2.381193280773800325e+00,-8.268879512040434587e-01,4.702777405271562627e-01,3.083717933239142339e-01,5.068231062550965476e+02
1.603661236408640534e+01,-1.721395322087442636e+01,-2.622878000229457385e+00,-8.397769674326538425e-01,4.270310618337734287e-01,3.352866194741818684e-01,5.083533302394498605e+02
1.613516026341825693e+01,-1.678547747299435855e+01,-2.887611498565553436e+00,-8.503475133298564748e-01,3.826054349379607311e-01,3.612757779445943118e-01,5.098835542238031735e+02
1.620904651812184483e+01,-1.634944060075170569e+01,-3.173749018360228380e+00,-8.585704065808241747e-01,3.371235104323607179e-01,3.862675182529723972e-01,5.114137782081564865e+02
1.625759928720115255e+01,-1.590759472894925075e+01,-3.479645663184887106e+00,-8.644229461700635442e-01,2.907108549563903743e-01,4.101928436055238825e-01,5.129440021925098563e+02
1.628013073217159246e+01,-1.546168770580848495e+01,-3.803656408281495427e+00,-8.678889750316810536e-01,2.434956045512407241e-01,4.329857013606134841e-01,5.144742261768632261e+02
1.627593702821246069e+01,-1.501346302074614592e+01,-4.144136111240499076e+00,-8.689589246373518039e-01,1.956081109257161998e-01,4.545831653650111992e-01,5.160044501612165959e+02
1.624429837549051214e+01,-1.456465972219726801e+01,-4.499439522679323566e+00,-8.676298413993597247e-01,1.471805816088481433e-01,4.749256096597981869e-01,5.175346741455699657e+02
1.618447901065469097e+01,-1.411701233548543755e+01,-4.867921296921378982e+00,-8.639053948161596885e-01,9.834671498199737405e-02,4.939568730769082205e-01,5.190648981299233355e+02
1.609572721850187804e+01,-1.367225078074094569e+01,-5.247936002675555045e+00,-8.577958673381923527e-01,4.924133119722365337e-02,5.116244142723824773e-01,5.205951221142767054e+02
1.597727534381361281e+01,-1.323210029086754247e+01,-5.637838133716114974e+00,-8.493181259820130613e-01,0.000000000000000000e+00,5.278794567687582484e-01,5.221253460986300752e+02
1.580776974805906754e+01,-1.274973676985425364e+01,-6.082419576286916651e+00,-8.424840881976247697e-01,8.383747462014663060e-03,5.386541319799887928e-01,5.238300899341836612e+02
1.559750400449991758e+01,-1.227828635488968878e+01,-6.536251889079956356e+00,-8.354536806194945431e-01,1.676553970224339135e-02,5.493032534081119245e-01,5.255348337697372472e+02
1.534808935148896403e+01,-1.181984809448865370e+01,-6.997187695208990199e+00,-8.282285415471912771e-01,2.514342357073045750e-02,5.598243395965349922e-01,5.272395776052908332e+02
1.506111504277060043e+01,-1.137653226429306841e+01,-7.463079560438248272e+00,-8.208103546254863492e-01,3.351544682872713288e-02,5.702149389049447903e-01,5.289443214408444192e+02
1.473814831522905422e+01,-1.095046024083882230e+01,-7.931780010480019349e+00,-8.132008484475352628e-01,4.187965860214649255e-02,5.804726300751866797e-01,5.306490652763980052e+02
1.438073435693021196e+01,-1.054376437517452914e+01,-8.401141548292489603e+00,-8.054017961533996850e-01,5.023410983470343039e-02,5.905950227936828112e-01,5.323538091119515911e+02
1.399039627545729658e+01,-1.015858786633352295e+01,-8.869016671377718097e+00,-7.974150150182958141e-01,5.857685374063743150e-02,6.005797582467169438e-01,5.340585529475051771e+02
1.359601225468694530e+01,-9.817628972991245817e+00,-9.305307744596314379e+00,-7.892423660306610023e-01,6.690594625691630160e-02,6.104245096684622895e-01,5.356596077066938051e+02
1.317686988932082492e+01,-9.497817544861238304e+00,-9.736912131350191402e+00,-7.605956769848376542e-01,6.532330893729218491e-02,6.459296257810047681e-01,5.372606624658824330e+02
1.273419941906339581e+01,-9.200665806973397309e+00,-1.016214828346068622e+01,-7.303640943554458032e-01,6.360455393067536434e-02,6.800887812600657778e-01,5.388617172250710610e+02
1.226924817168569248e+01,-8.927634301113563708e+00,-1.057933112274976928e+01,-6.986106133246219319e-01,6.175326270580275279e-02,7.128307972412465388e-01,5.404627719842596889e+02
1.178324938494580643e+01,-8.680191886274908342e+00,-1.098677562815405473e+01,-6.654014002624152324e-01,5.977329289852553046e-02,7.440874478077956766e-01,5.420638267434483168e+02
1.127742218378776329e+01,-8.459815662784084367e+00,-1.138279684769667632e+01,-6.308056548616033377e-01,5.766877027404322675e-02,7.737936021510884999e-01,5.436648815026369448e+02
1.075297155770582158e+01,-8.267990896328898387e+00,-1.176570991045878145e+01,-5.948954659476538565e-01,5.544408013006400099e-02,8.018873602780625109e-01,5.452659362618255727e+02
1.021108833827433315e+01,-8.106210941888136290e+00,-1.213383003855060949e+01,-5.577456612696632954e-01,5.310385815926468855e-02,8.283101819872389360e-01,5.468669910210142007e+02
9.673322619107333153e+00,-7.979472975125080580e+00,-1.247356577019148460e+01,-5.194336515851523117e-01,5.065298079008426907e-02,8.530070088447420096e-01,5.484111193574026402e+02
9.122002017212828662e+00,-7.882271571936666277e+00,-1.279706082364765329e+01,-4.800392693634598640e-01,4.809655502596947574e-02,8.759263789062835537e-01,5.499552476937910797e+02
8.558120678715983587e+00,-7.815919080709753608e+00,-1.310285781048632536e+01,-4.396446024436755917e-01,4.543990780423512454e-02,8.970205339461894134e-01,5.514993760301795191e+02
7.982660863650443694e+00,-7.781734349783857141e+00,-1.338949945914621509e+01,-3.983338229935498576e-01,4.268857489670090100e-02,9.162455189701187441e-01,5.530435043665679586e+02
7.396664139163906526e+00,-7.780716988201270112e+00,-1.365564750185693654e+01,-3.561930121256000614e-01,3.984828937522016945e-02,9.335612738041952907e-01,5.545876327029563981e+02
6.801306337325837781e+00,-7.813222227233485917e+00,-1.390020156077177305e+01,-3.133099805356705514e-01,3.692496966612206222e-02,9.489317165697424006e-01,5.561317610393448376e+02
6.197831972089726804e+00,-7.879287461081217359e+00,-1.412218027795204378e+01,-2.697740855374924362e-01,3.392470721844372678e-02,9.623248188697010042e-01,5.576758893757332771e+02
5.587484889666982646e+00,-7.978958214465689203e+00,-1.432060244456478593e+01,-2.256760448742939074e-01,3.085375381163428521e-02,9.737126725300520036e-01,5.592200177121217166e+02
4.969262976363925333e+00,-8.112897314907213442e+00,-1.449502435789108823e+01,-1.811077476952336618e-01,2.771850852916290728e-02,9.830715477571310146e-01,5.607697336295376545e+02
4.346612027136633749e+00,-8.280933141454777768e+00,-1.464364633749716127e+01,-1.361620630903433160e-01,2.452550442515963672e-02,9.903819425895865614e-01,5.623194495469535923e+02
3.720432938185115557e+00,-8.482732552467295406e+00,-1.476575748909804631e+01,-9.093264658276425938e-02,2.128139491185795235e-02,9.956286235418467800e-01,5.638691654643695301e+02
3.090912769887032674e+00,-8.717159463649702289e+00,-1.486121529012868336e+01,-4.551374498133204521e-02,1.799293989619007647e-02,9.988006573542878019e-01,5.654188813817854680e+02
2.457890635506867483e+00,-8.982674474638399076e+00,-1.493016149302457762e+01,-0.000000000000000000e+00,1.466699169441012217e-02,9.998914337838089583e-01,5.669685972992014058e+02
1.757761023333807904e+00,-9.310355187345422223e+00,-1.497395860771597498e+01,-0.000000000000000000e+00,1.466699168406119733e-02,9.998914330782927573e-01,5.686718836535259243e+02
1.052710704934878949e+00,-9.675296947477821874e+00,-1.498295758570662706e+01,-0.000000000000000000e+00,1.466699168405752839e-02,9.998914330780426241e-01,5.703751700078504427e+02
3.424071389123609088e-01,-1.007503719926130969e+01,-1.495770481949456254e+01,-0.000000000000000000e+00,3.532975355352630659e-02,9.993747087556090758e-01,5.720784563621749612e+02
-3.737751107257481498e-01,-1.050668335548879462e+01,-1.489942438580211714e+01,-0.000000000000000000e+00,5.597741178335927104e-02,9.984310338511037664e-01,5.737817427164994797e+02
-1.096591827812166686e+00,-1.096712469418822522e+01,-1.480967933126842162e+01,-0.000000000000000000e+00,7.660114764329224724e-02,9.970608126724288534e-01,5.754850290708239982e+02
-1.826769317386962133e+00,-1.145324573263196655e+01,-1.469003295541547693e+01,-0.000000000000000000e+00,9.719215263254979420e-02,9.952646308666556196e-01,5.771883154251485166e+02
-2.565004393255285731e+00,-1.196192639510072731e+01,-1.454204879807331707e+01,-0.000000000000000000e+00,1.177416322404777199e-01,9.930432558680117872e-01,5.788916017794730351e+02
-3.225427926113748622e+00,-1.242762802131967703e+01,-1.438980954904133647e+01,-0.000000000000000000e+00,1.382408096909258088e-01,9.903976365700714046e-01,5.803993445095106836e+02
-3.892308078299269614e+00,-1.290481009352442499e+01,-1.422008047239456019e+01,4.139721149679288087e-02,1.977531287194942144e-01,9.793763173384012477e-01,5.819070872395483320e+02
-4.565488234502689480e+00,-1.339211810442847650e+01,-1.403420008498794402e+01,8.257182999562946712e-02,2.562021392908647166e-01,9.630889661476853547e-01,5.834148299695859805e+02
-5.244622699586249048e+00,-1.388838828419886617e+01,-1.383363303767845132e+01,1.233024633874491988e-01,3.132735666527572960e-01,9.416231597410736898e-01,5.849225726996236290e+02
-5.929356137864338905e+00,-1.439245910513335147e+01,-1.361984407376274220e+01,1.633701069355185664e-01,3.686605433020053724e-01,9.150943186216939917e-01,5.864303154296612774e+02
-6.619323579024820603e+00,-1.490317133016902140e+01,-1.339429801974596934e+01,2.025593207947996299e-01,4.220652589091437590e-01,8.836450864361108382e-01,5.879380581596989259e+02
-7.314150424148993856e+00,-1.541936806136653182e+01,-1.315845977611020778e+01,2.406593883612027640e-01,4.732005615424287881e-01,8.474445629957856330e-01,5.894458008897365744e+02
-8.013452451830168854e+00,-1.593989478836953211e+01,-1.291379430808250817e+01,2.774654492250683280e-01,5.217915015865155492e-01,8.066873950669981586e-01,5.909535436197742229e+02
-8.716835824390816612e+00,-1.646359943683892979e+01,-1.266176663640266575e+01,3.127796006397389750e-01,5.675768100580030895e-01,7.615927298166322856e-01,5.924612863498118713e+02
-9.423897094198254720e+00,-1.698933241686158979e+01,-1.240384182809071945e+01,3.464119615852059852e-01,6.103103033724158744e-01,7.124030365387478136e-01,5.939690290798495198e+02
-1.013422321007883120e+01,-1.751594667133301897e+01,-1.214148498721423408e+01,3.781816937076540319e-01,6.497622070121152893e-01,6.593828029942502278e-01,5.954767718098871683e+02
-1.084739152383058602e+01,-1.804229772431374812e+01,-1.187616124565540154e+01,4.079179736472037798e-01,6.857203909800150265e-01,6.028171133694600892e-01,5.969845145399248167e+02
-1.156296979683432546e+01,-1.856724372935891765e+01,-1.160933575387802641e+01,4.354609115270591801e-01,7.179915103975208490e-01,5.430101154953974607e-01,5.984922572699624652e+02
-1.228062809271214562e+01,-1.908992799713198707e+01,-1.134210759169859806e+01,4.606624106661998397e-01,7.464020451142887591e-01,4.802833855647298256e-01,6.000000000000001137e+02
