1.704658125187441753e+00,2.055673007102812644e+00,1.102458463839874669e+00,-2.256800000000000125e-02,-9.740079999999999849e-01,-2.253860000000000030e-01,0.000000000000000000e+00
1.677187254928238502e+00,2.830516627434234600e+00,8.092817615188713232e-01,-2.256798026319679906e-02,-9.740071481830817612e-01,-2.253858028890851628e-01,4.739523938641700518e+00
1.655697001118327183e+00,3.603954658949847456e+00,5.168738858495375288e-01,-2.256798026319861011e-02,-9.740071481831596989e-01,-2.253858028891032039e-01,9.479047877283401036e+00
1.637326181781530776e+00,4.374286406915454783e+00,2.260379497300657459e-01,-2.256798026319861011e-02,-9.740071481831598099e-01,-2.253858028891032039e-01,1.421857181592510244e+01
1.619176513731626521e+00,5.139875054012598810e+00,-6.242303235535235501e-02,-2.256798026319680253e-02,-9.740071481830817612e-01,-2.253858028890851906e-01,1.895809575456680207e+01
1.598313147054323258e+00,5.899148280421070645e+00,-3.477061940726223210e-01,-2.256798026319319084e-02,-9.740071481829258859e-01,-2.253858028890491083e-01,2.369761969320850170e+01
1.571765203637105479e+00,6.650598876918190072e+00,-6.290088669671408672e-01,1.541168441311966363e-02,-9.847106399730588544e-01,-1.735091798956098219e-01,2.843714363185020133e+01
1.536137525588700870e+00,7.392668322548754389e+00,-9.055692884010707600e-01,5.332587828586142498e-02,-9.912308714930604392e-01,-1.208954511334590781e-01,3.317666757049190096e+01
1.487829737656524820e+00,8.123581700790303728e+00,-1.176914801621249840e+00,9.101353381224028261e-02,-9.935401436743067638e-01,-6.776813094090572420e-02,3.791619150913360414e+01
1.424785698178240523e+00,8.841326269124442305e+00,-1.443400421561420455e+00,1.283145457973653425e-01,-9.916286457926386522e-01,-1.435291541170994473e-02,4.265571544777530733e+01
1.386854174994926581e+00,9.174669479441043052e+00,-1.568080501521904813e+00,1.650704515395544636e-01,-9.855044978510583142e-01,3.912327624788446839e-02,4.490473139854946538e+01
1.290735103330414635e+00,9.860240792209372884e+00,-1.828430099315301316e+00,2.011251040158565651e-01,-9.751937161012745880e-01,9.243326572003569830e-02,4.964425533719116856e+01
1.181447335803254672e+00,1.052714296450017706e+01,-2.088006639273898291e+00,2.363253352319338307e-01,-9.607401025376375303e-01,1.453505806796955013e-01,5.438377927583287175e+01
1.060038892006104128e+00,1.117301304098290160e+01,-2.348695986496387889e+00,2.705216069180970129e-01,-9.422050588322861131e-01,1.976504169024433100e-01,5.912330321447457493e+01
9.275002863876704584e-01,1.179546257242035701e+01,-2.612383934744861858e+00,3.035686458069783433e-01,-9.196673255013676496e-01,2.491105932883261320e-01,6.386282715311627811e+01
7.847643027666998394e-01,1.239207859221303742e+01,-2.880956088727188114e+00,3.353260607937708082e-01,-8.932226474098883262e-01,2.995124957442703573e-01,6.860235109175798129e+01
6.320338353074167470e-01,1.296022925875474385e+01,-3.155775639147472056e+00,3.656589393568827062e-01,-8.629833670357668352e-01,3.486420059148764294e-01,7.334187503039967737e+01
4.694963501280404738e-01,1.349793905167195263e+01,-3.437185991049925171e+00,3.944384207049305147e-01,-8.290779472206663003e-01,3.962904108157142558e-01,7.808139896904137345e+01
2.994108268334709777e-01,1.400512318401162482e+01,-3.725057670162982060e+00,4.215422432148419052e-01,-7.916504254348447622e-01,4.422552895043050936e-01,8.282092290768306952e+01
2.777687708101627129e-01,1.406331283534230536e+01,-3.760994851748408419e+00,4.468552638350547501e-01,-7.508598018743336544e-01,4.863413730215024877e-01,8.339966659361181200e+01
9.533821649252041674e-02,1.450971615850225760e+01,-4.061668548664953526e+00,4.702699472469024644e-01,-7.068793639899749737e-01,5.283613739495163220e-01,8.813919053225350808e+01
-8.717419626626422835e-02,1.492749530086226528e+01,-4.368579962361295976e+00,4.916868227057757390e-01,-6.598959503180237274e-01,5.681367820619159792e-01,9.287871447089520416e+01
-2.660783306695888584e-01,1.531737165584970839e+01,-4.681623016367111312e+00,5.110149066209863644e-01,-6.101091567400035443e-01,6.054986226850145314e-01,9.761823840953690024e+01
-4.376682044498704238e-01,1.567998039933360843e+01,-5.000691248047848703e+00,5.281720890788601519e-01,-5.577304885441817239e-01,6.402881745485030640e-01,1.023577623481785963e+02
-5.989864219200463635e-01,1.601573154073479088e+01,-5.325459835369642292e+00,5.430854826668202184e-01,-5.029824618913726342e-01,6.723576440753601391e-01,1.070972862868202924e+02
-7.485927725153174173e-01,1.632469373357426434e+01,-5.655167637259523872e+00,5.556917321164397405e-01,-4.460976585027922048e-01,7.015707932462007523e-01,1.118368102254619885e+02
-8.393877265091534978e-01,1.651032967201440371e+01,-5.875040516904039833e+00,5.659372834499668548e-01,-3.873177375864693128e-01,7.278035183705415800e-01,1.149588926796404991e+02
-9.649185338052074234e-01,1.676487815753255362e+01,-6.212083812628144130e+00,5.737786114869355414e-01,-3.268924092003996362e-01,7.509443773061205141e-01,1.196984166182821951e+02
-1.077035871533003952e+00,1.699229592818431556e+01,-6.551461689095492424e+00,5.791824047444467105e-01,-2.650783734144673276e-01,7.708950628865145482e-01,1.244379405569238912e+02
-1.175057294595217350e+00,1.719243440180221683e+01,-6.892194135787510056e+00,5.821257069457719258e-01,-2.021382297784328208e-01,7.875708205459245326e-01,1.291774644955656015e+02
-1.258299707390579503e+00,1.736512624647306069e+01,-7.233301051457799780e+00,5.825960145363399123e-01,-1.383393617293867117e-01,8.009008083671573797e-01,1.339169884342072976e+02
-1.326079540439956128e+00,1.751018536219799415e+01,-7.573802304850109302e+00,5.805913297931095673e-01,-7.395280067846714267e-02,8.108283980235283517e-01,1.386565123728489937e+02
-1.377712927193089465e+00,1.762740686487195063e+01,-7.912717795417799849e+00,5.761201693020284731e-01,-9.252074602882621318e-03,8.173114153365912404e-01,1.433960363114906897e+02
-1.412515881005653062e+00,1.771656707258484076e+01,-8.249067514041996674e+00,5.692015277679184360e-01,5.548795396500057903e-02,8.203223194281856756e-01,1.481355602501323858e+02
-1.418988399847310955e+00,1.773868577382844691e+01,-8.370119238512902626e+00,3.929044487389432572e-01,4.365734123405916323e-02,9.185413059394110791e-01,1.498583834276345783e+02
-1.420190891355388008e+00,1.777127617405993831e+01,-8.699012986078489718e+00,2.005502775541377347e-01,3.004255441678143138e-02,9.792216455410993614e-01,1.545979073662762744e+02
-1.405644538303280733e+00,1.777593924569990591e+01,-9.022640320256581248e+00,0.000000000000000000e+00,1.519999199371368896e-02,9.998834733317381041e-01,1.593374313049179705e+02
-1.376481764858400680e+00,1.775305912509465145e+01,-9.339739583967142877e+00,-0.000000000000000000e+00,7.848315797109376574e-03,9.999682014575220768e-01,1.640769552435596665e+02
-1.333821603096931430e+00,1.770304167001821938e+01,-9.649049517998635750e+00,-0.000000000000000000e+00,4.962163880467944117e-04,9.999988768776053583e-01,1.688164791822013626e+02
-1.278769530996451076e+00,1.762631422412975368e+01,-9.949309339261674268e+00,-0.000000000000000000e+00,-6.855908909492898495e-03,9.999754979499855256e-01,1.735560031208430587e+02
-1.212299420474423517e+00,1.752383111382230396e+01,-1.023919303000768721e+01,-0.000000000000000000e+00,-1.420766277049634145e-02,9.998980659577283436e-01,1.782955270594847548e+02
-1.135120429060600067e+00,1.739757556406956596e+01,-1.051724363111969041e+01,-0.000000000000000000e+00,-2.155864789042064369e-02,9.997665851030623774e-01,1.830350509981264508e+02
-1.122851392057889752e+00,1.737701929658910771e+01,-1.055415295941122622e+01,-0.000000000000000000e+00,-2.890846700660624005e-02,9.995810625071457345e-01,1.836947673092740558e+02
-1.024096724741215381e+00,1.720930174069766139e+01,-1.080556399833082537e+01,-0.000000000000000000e+00,-3.625672291968729671e-02,9.993415082096728241e-01,1.884342912479157519e+02
-9.159095002585374568e-01,1.702306057645107984e+01,-1.104188743101685866e+01,-0.000000000000000000e+00,-4.360301851499863435e-02,9.990479351683274611e-01,1.931738151865574480e+02
-7.987028615129233566e-01,1.682081610116642167e+01,-1.126160346136439294e+01,-0.000000000000000000e+00,-5.094695678397787725e-02,9.987003592580795397e-01,1.979133391251991441e+02
-6.728305939111166589e-01,1.660509529617745272e+01,-1.146319331699903366e+01,-0.000000000000000000e+00,-5.828814084556183800e-02,9.982987992703229452e-01,2.026528630638408401e+02
-5.385870831685032334e-01,1.637843082534210382e+01,-1.164513934366499726e+01,-0.000000000000000000e+00,-6.562617396757609856e-02,9.978432769118610324e-01,2.073923870024825362e+02
-3.962072796904658190e-01,1.614336003305131584e+01,-1.180592509956111158e+01,-0.000000000000000000e+00,-7.296065958811630281e-02,9.973338168037325646e-01,2.121319109411242323e+02
-2.458666695320582407e-01,1.590242394182334529e+01,-1.194403544962033337e+01,-0.000000000000000000e+00,-8.029120133692059513e-02,9.967704464798834429e-01,2.168714348797659284e+02
-8.768125193758759262e-02,1.565816624956739034e+01,-1.205795665972840602e+01,-0.000000000000000000e+00,-8.761740305673137996e-02,9.961531963856825600e-01,2.216109588184076244e+02
7.829247653866661105e-02,1.541313232660061594e+01,-1.214617649087725226e+01,-0.000000000000000000e+00,-9.493886882464608323e-02,9.954820998762801132e-01,2.263504827570493205e+02
2.520575313297208631e-01,1.516986821250256234e+01,-1.220718429324870158e+01,-0.000000000000000000e+00,-1.022552029734550699e-01,9.947571932148117080e-01,2.310900066956910166e+02
3.366510840931314363e-01,1.505908748158107535e+01,-1.222230563824584060e+01,-0.000000000000000000e+00,-1.095660101129659059e-01,9.939785155704459196e-01,2.332890381136658107e+02
5.276233844936825124e-01,1.482666289202595422e+01,-1.222537593998871408e+01,-0.000000000000000000e+00,-1.168708951513131450e-01,9.931461090162760907e-01,2.380285620523075067e+02
7.265664529504420877e-01,1.460209897967500225e+01,-1.219770153405949209e+01,-0.000000000000000000e+00,-7.013750634479393176e-02,9.975363302649430386e-01,2.427680859909492028e+02
9.333165626341578536e-01,1.438759316035202751e+01,-1.213832315103445403e+01,-0.000000000000000000e+00,-2.324960524597125683e-02,9.997286911212404092e-01,2.475076099295908989e+02
1.147637807915430574e+00,1.418523284157881292e+01,-1.204646504494022885e+01,-0.000000000000000000e+00,2.368950785717327881e-02,9.997183639469550132e-01,2.522471338682325950e+02
1.193421053378447505e+00,1.414664789680154477e+01,-1.202079161614381775e+01,-0.000000000000000000e+00,7.057642014208045933e-02,9.975053728753897619e-01,2.532220613187311642e+02
1.292469554605735649e+00,1.407326582561954353e+01,-1.195315672638369620e+01,-0.000000000000000000e+00,1.173078338869206483e-01,9.930945937341473240e-01,2.552519230788333289e+02
1.531165088554665488e+00,1.391687510801893701e+01,-1.176217091788179836e+01,1.270998419732385096e-03,1.158168560016881454e-01,9.932687650413736247e-01,2.599914470174750249e+02
1.775578985988635949e+00,1.377347044464063863e+01,-1.153869155968473059e+01,-1.177648228227752558e-01,0.000000000000000000e+00,9.930405059701471471e-01,2.647309709561167210e+02
2.024167701899492577e+00,1.364143221367666392e+01,-1.128361630758415757e+01,-1.646536106816645917e-01,1.650255360957481390e-02,9.862123778451754585e-01,2.694704948947584171e+02
2.073173968681552903e+00,1.361792973068629031e+01,-1.122804668550406859e+01,-2.111278753792769358e-01,3.296356019092321066e-02,9.769014402377744766e-01,2.703921655938089543e+02
2.327631915741818602e+00,1.350704175946547814e+01,-1.091253423964596436e+01,-2.570706177293431427e-01,4.934157905335190969e-02,9.651311341357261542e-01,2.751316895324506504e+02
2.582694298392857135e+00,1.340314684756128827e+01,-1.056874112311390590e+01,-3.023661767162267866e-01,6.559537845396175293e-02,9.509310918804197987e-01,2.798712134710923465e+02
2.836546760506744924e+00,1.330398094664083075e+01,-1.019869166395590909e+01,-3.469005206505925698e-01,8.168403939141852255e-02,9.343370625649425332e-01,2.846107374097340426e+02
3.087324577713816520e+00,1.320732192752054246e+01,-9.804411815421905985e+00,-3.905615342221069874e-01,9.756705861203342212e-02,9.153908220324984413e-01,2.893502613483757386e+02
3.333113015824433312e+00,1.311099042148336302e+01,-9.387929030130209185e+00,-4.332393007276156838e-01,1.132044505690274899e-01,8.941400677063329194e-01,2.940897852870174347e+02
3.571947694725825961e+00,1.301285065689003773e+01,-8.951272134164128147e+00,-4.748263787648514533e-01,1.285568480784936851e-01,8.706382985158938048e-01,2.988293092256591308e+02
3.801814957733195222e+00,1.291081129101479164e+01,-8.496471201104563775e+00,-5.152180726956434587e-01,1.435856014188499341e-01,8.449446802213878005e-01,3.035688331643008269e+02
4.020652246374003980e+00,1.280282623703590339e+01,-8.025557426004494843e+00,-5.543126961982601797e-01,1.582528756244896972e-01,8.171238964755642709e-01,3.083083571029425229e+02
4.226348480584064760e+00,1.268689548611198248e+01,-7.540562999311211989e+00,-5.920118282458791681e-01,1.725217457288740486e-01,7.872459859973860441e-01,3.130478810415842190e+02
4.416744444293724037e+00,1.256106592447499182e+01,-7.043520980742163928e+00,-6.282205608671914687e-01,1.863562897174559918e-01,7.553861662671302879e-01,3.177874049802259151e+02
4.589633176382204915e+00,1.242343214547134878e+01,-6.536465173120336480e+00,-6.628477380657872287e-01,1.997216789565776918e-01,7.216246441863342076e-01,3.225269289188676112e+02
4.689612262750265437e+00,1.232522213872757355e+01,-6.200980080938446548e+00,-6.958061852971461070e-01,2.125842658708128885e-01,6.860464141787543380e-01,3.256133222141516512e+02
4.821874192431818251e+00,1.215975400244627558e+01,-5.679359839222259509e+00,-7.270129289257662997e-01,2.249116686481305305e-01,6.487410442400828314e-01,3.303528461527933473e+02
4.930748438678377532e+00,1.197812206009629321e+01,-5.153073127869928882e+00,-8.877117058308335862e-01,-4.113255839432064520e-02,4.585564741362617713e-01,3.350923700914350434e+02
4.981064413094892451e+00,1.185989981514654978e+01,-4.837319356397414616e+00,-9.305453817935082084e-01,-3.017155779250095260e-01,2.074873549420498398e-01,3.379201917663621089e+02
5.039717312067619304e+00,1.164512728516634432e+01,-4.306650070073533065e+00,-8.498265231567917466e-01,-5.222387069684532035e-01,-7.113096008795406766e-02,3.426597157050038049e+02
5.071335016830093245e+00,1.141391479925007957e+01,-3.776005046200858750e+00,-9.007810531498902096e-01,-4.300310868157444233e-01,-6.053725016394703035e-02,3.473992396436455010e+02
5.075363281563232576e+00,1.116757458083009347e+01,-3.246781220121529810e+00,-9.416370407708762880e-01,-3.330024865135313705e-01,-4.926487007574128357e-02,3.521387635822871971e+02
5.051554161285069178e+00,1.090791179368059893e+01,-2.720225773048160711e+00,-9.719364694593536358e-01,-2.322406754257876627e-01,-3.744019247301075964e-02,3.568782875209288932e+02
4.999691598049889052e+00,1.063673511056907728e+01,-2.197585716836441438e+00,-9.913396678753115809e-01,-1.288752711227891257e-01,-2.519578119042673037e-02,3.616178114595705892e+02
4.931673462200613756e+00,1.039752837212212810e+01,-1.757033872335384217e+00,-9.996291166875074241e-01,-2.406507658252460963e-02,-1.266890522379153332e-02,3.656524552456843367e+02
4.823584685346737899e+00,1.010840144141405084e+01,-1.245788364587767649e+00,-9.967118863751273095e-01,8.101490948214877530e-02,-0.000000000000000000e+00,3.703919791843260327e+02
4.687369801147889703e+00,9.813185707013712289e+00,-7.418066807978792587e-01,-9.941281149482134039e-01,8.137915063956752126e-02,-7.130725707760776633e-02,3.751315031229677288e+02
4.524094852445636583e+00,9.514318897610968051e+00,-2.457179762213360097e-01,-9.864826969030150439e-01,8.132904630158882542e-02,-1.422514496934058070e-01,3.798710270616094249e+02
4.335257669428900229e+00,9.214421504969788401e+00,2.420545761706937027e-01,-9.738145594085826362e-01,8.086485158871307977e-02,-2.124713619824247501e-01,3.846105510002511210e+02
4.122406510360556275e+00,8.916079709461042668e+00,7.210883216411733132e-01,-9.561882031422715977e-01,7.998892999030605966e-02,-2.816094658420491004e-01,3.893500749388928170e+02
3.887139769980458404e+00,8.621844553932699995e+00,1.190961149540382680e+00,-9.336933738669894733e-01,7.870574132979393789e-02,-3.493137413270714364e-01,3.940895988775345131e+02
3.631105682654936828e+00,8.334231121411415089e+00,1.651251519133686063e+00,-9.064446054661884355e-01,7.702181905577903942e-02,-4.152394689958151530e-01,3.988291228161762092e+02
3.356002020289718057e+00,8.055717716702231357e+00,2.101538485402690615e+00,-8.745806367648886193e-01,7.494573697482374841e-02,-4.790509850805022563e-01,4.035686467548179053e+02
3.063575785023476605e+00,7.788745051953000598e+00,2.541401724818598495e+00,-8.382637051071618606e-01,7.248806559537107619e-02,-5.404233905445524622e-01,4.083081706934596014e+02
2.755622896719519321e+00,7.535715436249870613e+00,2.970421561086550533e+00,-7.976787202881371330e-01,6.966131830517877099e-02,-5.990442053245498277e-01,4.130476946321012974e+02
2.433987875273365908e+00,7.298991969309974515e+00,3.388178990859767037e+00,-7.530323230478557228e-01,6.647988765641561770e-02,-6.546149593339890549e-01,4.177872185707429935e+02
2.100563517754271636e+00,7.080897739337249419e+00,3.794255709422292622e+00,-7.045518329220857856e-01,6.295997208294094871e-02,-7.068527121281976688e-01,4.225267425093846896e+02
1.757290570399011376e+00,6.883715025107088437e+00,4.188234136339139546e+00,-6.524840908084987845e-01,5.911949342300136523e-02,-7.554914934933433246e-01,4.272662664480263857e+02
1.406157395476532734e+00,6.709684502345303336e+00,4.569697441072643862e+00,-5.970942021425749147e-01,5.497800566738670486e-02,-8.002836576253380407e-01,4.320057903866680817e+02
1.049199633042349644e+00,6.561004454466647928e+00,4.938229568563842875e+00,-5.386641870834877333e-01,5.055659539775372163e-02,-8.410011440046588627e-01,4.367453143253097778e+02
6.884998576018040994e-01,6.439829987737924810e+00,5.293415264777682872e+00,-4.774915445834682637e-01,4.587777442211795481e-02,-8.774366385483783892e-01,4.414848382639514739e+02
3.261872297016005229e-01,6.348272250930448557e+00,5.634840102210883828e+00,-4.138877376523731333e-01,4.096536515422601749e-02,-9.094046291286003170e-01,4.462243622025931700e+02
2.733589633848555467e-01,6.339215329374937369e+00,5.682640685592962093e+00,-3.481766075301297447e-01,3.584437932044194641e-02,-9.367423500844397344e-01,4.469163079477719407e+02
-8.668111516839083208e-02,6.307863559331408965e+00,5.995806858630248648e+00,-2.806927248414117781e-01,3.054089061173149641e-02,-9.593106109199194265e-01,4.516558318864136368e+02
-4.433444013553116125e-01,6.310489449826424568e+00,6.294326122671843216e+00,-2.117796861274592601e-01,2.508190192913289929e-02,-9.769945049698061101e-01,4.563953558250553328e+02
-7.943575569708882789e-01,6.349057865683996660e+00,6.577787189495284181e+00,-1.417883644277836419e-01,1.949520789860580833e-02,-9.897039944264767186e-01,4.611348797636970289e+02
-1.137402164184413644e+00,6.425486528852906609e+00,6.845779702716884962e+00,-7.107512281819890199e-02,1.380925335521453884e-02,-9.973743687502693023e-01,4.658744037023387250e+02
-1.470115099727927754e+00,6.541645262268851901e+00,7.097894263077030530e+00,-0.000000000000000000e+00,8.052988517103476865e-03,-9.999665741302532496e-01,4.706139276409804211e+02
-1.789947450319470779e+00,6.698982272633030810e+00,7.334135806390148282e+00,2.205200050172954201e-02,-2.869684891504245897e-02,-9.993438848250751905e-01,4.753534515796221172e+02
-2.094034526818691511e+00,6.898146279216316401e+00,7.555336955702000701e+00,4.406348490071838181e-02,-6.539396114616007061e-02,-9.968851684848830663e-01,4.800929755182638132e+02
-2.380097768362519961e+00,7.138677146122596184e+00,7.762538872705990300e+00,6.599401320565483064e-02,-1.019709274184071035e-01,-9.925949426546601950e-01,4.848324994569055093e+02
-2.647355747175108576e+00,7.418723166762386967e+00,7.956372096184602505e+00,8.780329417759025201e-02,-1.383605477392573224e-01,-9.864810897133629020e-01,4.895720233955472054e+02
-2.895811278528416022e+00,7.735750198945660294e+00,8.137262246316407044e+00,1.094512593488114888e-01,-1.744959663343766398e-01,-9.785548423881154090e-01,4.943115473341889015e+02
-3.125518126503164851e+00,8.087229070210860016e+00,8.305635741759960666e+00,1.308981366322461148e-01,-2.103107944677680974e-01,-9.688307631149003507e-01,4.990510712728305975e+02
-3.229745278730906222e+00,8.275573743104965629e+00,8.382476751636463774e+00,1.521045233862595991e-01,-2.457392324036997699e-01,-9.573267172832616856e-01,5.013812089587234482e+02
-3.424089201785263992e+00,8.688383569859798428e+00,8.527013769156523537e+00,1.730314588007052790e-01,-2.807161902865079606e-01,-9.440638404141924456e-01,5.061207328973651443e+02
-3.599875885872217296e+00,9.129284729386901276e+00,8.660100144417885559e+00,1.936404954713352999e-01,-3.151774077163534971e-01,-9.290664993314886599e-01,5.108602568360068403e+02
-3.757336659650344579e+00,9.595770165191600753e+00,8.782165059815920216e+00,2.138937700311701884e-01,-3.490595718014043447e-01,-9.123622473978751923e-01,5.155997807746485933e+02
-3.896753455733983795e+00,1.008534156316630437e+01,8.893638375850089872e+00,2.337540727091521886e-01,-3.823004334697078788e-01,-8.939817738980764261e-01,5.203393047132902893e+02
-4.018458718007535069e+00,1.059551018792696375e+01,8.994950604230417923e+00,2.531849156883770879e-01,-4.148389218272125478e-01,-8.739588476617502488e-01,5.250788286519319854e+02
-4.122835303572569110e+00,1.112379771789351501e+01,9.086532880953701152e+00,2.721506001383925955e-01,-4.466152563519661389e-01,-8.523302550297475744e-01,5.298183525905736815e+02
-4.210316379333510106e+00,1.166773707904603619e+01,9.168816939350669770e+00,2.906162817984865310e-01,-4.775710567184940913e-01,-8.291357322775525507e-01,5.345578765292153776e+02
-4.281385313227977996e+00,1.222487327728831019e+01,9.242235083105393656e+00,3.085480349915348808e-01,-5.076494500506901764e-01,-8.044178926199057056e-01,5.392974004678570736e+02
-4.336575560108111738e+00,1.279276422935058655e+01,9.307220159248160485e+00,3.259129149508584455e-01,-5.367951754062645353e-01,-7.782221479305672096e-01,5.440369244064987697e+02
-4.376470542279538023e+00,1.336898159216343807e+01,9.364205531123127813e+00,3.426790183456198680e-01,-5.649546853008594605e-01,-7.505966253208656846e-01,5.487764483451404658e+02
-4.401703524704895010e+00,1.395111159063466921e+01,9.413625051331985460e+00,3.588155418935968788e-01,-5.920762440853672981e-01,-7.215920787301187689e-01,5.535159722837821619e+02
-4.412947549186588603e+00,1.453679126504317942e+01,9.455802753579137132e+00,3.627910481993289471e-01,-5.900178549738005485e-01,-7.212902232423344939e-01,5.582554962224238579e+02
-4.410904308496799153e+00,1.512374441607001252e+01,9.490842551364606194e+00,3.667592503023575645e-01,-5.879475872836632533e-01,-7.209738462048762564e-01,5.629950201610655540e+02
-4.396312362415477182e+00,1.570974653406798538e+01,9.518738512546336850e+00,3.707200683337049663e-01,-5.858654826805833604e-01,-7.206429539825019992e-01,5.677345440997072501e+02
-4.369956406887331113e+00,1.629259000164413251e+01,9.539485140751477132e+00,3.746734225754842496e-01,-5.837715830724384825e-01,-7.202975532370199385e-01,5.724740680383489462e+02
-4.340433339557839609e+00,1.675681727771634044e+01,9.550432400005140821e+00,3.786192334599292608e-01,-5.816659306042784028e-01,-7.199376509219904685e-01,5.762830677374723791e+02
-4.294109048128502693e+00,1.732728697629680426e+01,9.556924873781090568e+00,3.825574215709915959e-01,-5.795485676574794187e-01,-7.195632542825862732e-01,5.810225916761140752e+02
-4.238478328101829895e+00,1.788849543772112938e+01,9.556254989552643409e+00,3.864879076459317164e-01,-5.774195368488940217e-01,-7.191743708554466652e-01,5.857621156147557713e+02
-4.174500038043654548e+00,1.843830642130397734e+01,9.548418953113506191e+00,3.904106125769097879e-01,-5.752788810299959144e-01,-7.187710084685269285e-01,5.905016395533974674e+02
-4.103178438979330878e+00,1.897460424049333128e+01,9.533413407353121372e+00,3.943254574125713008e-01,-5.731266432860206983e-01,-7.183531752409395565e-01,5.952411634920391634e+02
-4.025563027455432596e+00,1.949529451914880696e+01,9.511235432473361229e+00,3.982323633596310808e-01,-5.709628669351015651e-01,-7.179208795827933809e-01,5.999806874306808595e+02
-3.942748363700560255e+00,1.999830494562257499e+01,9.481882546184939642e+00,4.021312517844531920e-01,-5.687875955274001027e-01,-7.174741301950233741e-01,6.047202113693225556e+02
-3.855873894894922493e+00,2.048158602458048705e+01,9.445352703883536094e+00,4.060220442146281195e-01,-5.666008728442333275e-01,-7.170129360692161224e-01,6.094597353079642517e+02
-3.766123773558646359e+00,2.094311182650111647e+01,9.401644298805614142e+00,4.099046623405462886e-01,-5.644027428971954974e-01,-7.165373064874304143e-01,6.141992592466059477e+02
-3.674726671069018735e+00,2.138088073479048745e+01,9.350756162163948559e+00,4.137790280169692525e-01,-5.621932499272752626e-01,-7.160472510220100562e-01,6.189387831852476438e+02
-3.582955586317133179e+00,2.179291619045039141e+01,9.292687563262800765e+00,4.176450632645967165e-01,-5.599724384039687086e-01,-7.155427795353933584e-01,6.236783071238893399e+02
-3.492127649514667365e+00,2.217726743423845903e+01,9.227438209592813578e+00,4.215026902716303425e-01,-5.577403530243870700e-01,-7.150239021799137396e-01,6.284178310625310360e+02
-3.403603921161778789e+00,2.253201024625804294e+01,9.155008246905532943e+00,4.253518313953350560e-01,-5.554970387123613351e-01,-7.144906293975977762e-01,6.331573550011727320e+02
-3.318789186187355966e+00,2.285524768291634956e+01,9.075398259267631218e+00,4.291924091635955785e-01,-5.532425406175406346e-01,-7.139429719199554825e-01,6.378968789398144281e+02
-3.239131743273131026e+00,2.314511081118918767e+01,8.988609269094778753e+00,4.330243462764714057e-01,-5.509769041144871871e-01,-7.133809407677650372e-01,6.426364028784561242e+02
-3.166123189373415858e+00,2.339975944013106002e+01,8.894642737165170843e+00,4.368475656077462910e-01,-5.487001748017669156e-01,-7.128045472508527380e-01,6.473759268170978203e+02
-3.101298199442473091e+00,2.361738284956919998e+01,8.793500562612720728e+00,4.406619902064762839e-01,-5.464123985010344020e-01,-7.122138029678661830e-01,6.521154507557395164e+02
-3.046234301381804954e+00,2.379620051592058161e+01,8.685185082899913311e+00,4.444675432985326080e-01,-5.441136212561149543e-01,-7.116087198060419006e-01,6.568549746943812124e+02
-3.041250768955877870e+00,2.381216580863896937e+01,8.671924616235704875e+00,4.482641482881422612e-01,-5.418038893320812344e-01,-7.109893099409677619e-01,6.573997440653656668e+02
-3.010648795453628068e+00,2.391022654546402748e+01,8.549507641179527440e+00,4.520517287594240097e-01,-5.394832492143256664e-01,-7.103555858363393982e-01,6.621392680040073628e+02
-2.993680264266007640e+00,2.396595099076545310e+01,8.419923949282679843e+00,4.558302084779221608e-01,-5.371517476076285158e-01,-7.097075602437101782e-01,6.668787919426490589e+02
-2.992054317690755916e+00,2.397766171706003036e+01,8.283177433168358306e+00,4.595995113921352293e-01,-5.348094314352216383e-01,-7.090452462022365232e-01,6.716183158812907550e+02
-3.006775463484456790e+00,2.394414592574815615e+01,8.139300107178740973e+00,-4.199765354728743905e-01,-5.494543922601671238e-01,-7.223002010790892102e-01,6.763578398199324511e+02
-3.037383948080747409e+00,2.386506535995503597e+01,7.988379789241908391e+00,-3.721091695761954421e-01,-6.010748182356591141e-01,-7.072777593006996932e-01,6.810973637585741471e+02
-3.082682919982965508e+00,2.374049185510106241e+01,7.830532411813009297e+00,-3.223136675099883552e-01,-6.495806939022600313e-01,-6.885904601770346245e-01,6.858368876972158432e+02
-3.141681540436141340e+00,2.357091580601726477e+01,7.665934283385264614e+00,-2.708480508518453789e-01,-6.947206795412687041e-01,-6.663351339742881185e-01,6.905764116358575393e+02
-3.213784686430174453e+00,2.335770315460025159e+01,7.494882029975387105e+00,-2.179789951356673472e-01,-7.362608760475189973e-01,-6.406270990852569458e-01,6.953159355744992354e+02
-3.298570260119964903e+00,2.310265320309214232e+01,7.317732624492812477e+00,-1.639804480757540983e-01,-7.739860369036747345e-01,-6.115995645256512292e-01,7.000554595131409314e+02
-3.363405863417630925e+00,2.290418990499017582e+01,7.194869777324472082e+00,-1.091322101061180799e-01,-8.077006835141431473e-01,-5.794029397310848095e-01,7.032395558749495876e+02
-3.471276965336357989e+00,2.256990296883843428e+01,7.006555214214473359e+00,-5.371848458847461316e-02,-8.372301181193153585e-01,-5.442040552295137612e-01,7.079790798135912837e+02
-3.590673285310252538e+00,2.219854379716697679e+01,6.813099106430555274e+00,1.973594800358316036e-03,-8.624213290409262767e-01,-5.061852982254479993e-01,7.127186037522329798e+02
-3.721040051354269185e+00,2.179185488558709238e+01,6.614859741411346583e+00,5.765545187238003966e-02,-8.831437835667508285e-01,-4.655436675731499108e-01,7.174581276908746759e+02
-3.861786765029958879e+00,2.135156141495474458e+01,6.412195697926336813e+00,1.130385632153144138e-01,-8.992901043646712722e-01,-4.224897530338270202e-01,7.221976516295163719e+02
-4.012287373586780781e+00,2.087937065955038207e+01,6.205465823933042913e+00,1.678359532150058286e-01,-9.107766259193029734e-01,-3.772466441043233476e-01,7.269371755681580680e+02
-4.171880445915224556e+00,2.037697139754761722e+01,5.995029214421690789e+00,2.217636810667606706e-01,-9.175438281058049261e-01,-3.300487740699961092e-01,7.316766995067997641e+02
-4.339869352301405137e+00,1.984603332381926677e+01,5.781245189248457095e+00,2.745423120701790398e-01,-9.195566446519676251e-01,-2.811407052704215093e-01,7.364162234454414602e+02
-4.515522447972557529e+00,1.928820646512913939e+01,5.564473270958301576e+00,3.258983655830501869e-01,-9.168046448879151322e-01,-2.307758618715415877e-01,7.411557473840831562e+02
-4.698073260422689579e+00,1.870512059775786540e+01,5.345073162598418470e+00,3.755657321304533558e-01,-9.093020878393867079e-01,-1.792152167102636362e-01,7.458952713227248523e+02
-4.886720680507433912e+00,1.809838466761088327e+01,5.123404725523331926e+00,4.232870523247092565e-01,-8.970878483822015692e-01,-1.267259390159015953e-01,7.506347952613665484e+02
-5.080629157296921328e+00,1.746958621285653734e+01,4.899827957192688821e+00,4.688150504494459359e-01,-8.802252158387102732e-01,-7.358001001598547808e-02,7.553743192000082445e+02
-5.278928896675323834e+00,1.682029078914221998e+01,4.674702968962778371e+00,5.119138157957766611e-01,-8.588015660583339095e-01,-2.005281360073956493e-02,7.601138431386499406e+02
-5.480716063675513894e+00,1.615204139743620360e+01,4.448389963872803499e+00,5.523600251092187774e-01,-8.329279086802787724e-01,3.357829064988100687e-02,7.648533670772916366e+02
-5.685052988537080410e+00,1.546635791454276010e+01,4.221249214426944008e+00,5.899440998111211698e-01,-8.027383119237387898e-01,8.703540468104173367e-02,7.695928910159333327e+02
-5.890968376475733237e+00,1.476473652633803546e+01,3.993641040373230755e+00,6.244712919964231501e-01,-7.683892078860022901e-01,1.400415319709284734e-01,7.743324149545750288e+02
-6.097457521151953941e+00,1.404864916377389861e+01,3.765925786480291304e+00,6.557626935787965738e-01,-7.300585819485478911e-01,1.923220128682528174e-01,7.790719388932167249e+02
-6.303482521826524909e+00,1.331954294169693043e+01,3.538463800312991125e+00,6.836561633526959669e-01,-6.879450504922055565e-01,2.436059478200677253e-01,7.838114628318584209e+02
-6.507972504190406404e+00,1.257883960052952155e+01,3.311615410008016180e+00,7.080071671674802447e-01,-6.422668317016483330e-01,2.936276011133940878e-01,7.885509867705001170e+02
-6.559218200765086770e+00,1.238494612939124018e+01,3.253369803681343431e+00,7.286895268593649444e-01,-5.932606147938269681e-01,3.421277778552482274e-01,7.897730006978659958e+02
-6.751564290030415805e+00,1.162245570731523614e+01,3.028637932378814401e+00,9.955207354021456956e-01,9.453287991603503970e-02,0.000000000000000000e+00,7.945125246365076919e+02
-6.940191818382992039e+00,1.085151051220173990e+01,2.805154040857532838e+00,9.913008634114531814e-01,1.316077436555698199e-01,0.000000000000000000e+00,7.992520485751493879e+02
-7.124677644536389742e+00,1.007382760165276991e+01,2.582741342213826563e+00,9.857007492619630495e-01,1.684993557698928335e-01,0.000000000000000000e+00,8.039915725137910840e+02
-7.304809661441987068e+00,9.291239372054359791e+00,2.361044019158980323e+00,9.787281891584446170e-01,2.051563592407236736e-01,0.000000000000000000e+00,8.087310964524327801e+02
-7.480332690940406870e+00,8.505572202882557775e+00,2.139706207339988175e+00,9.703928888839234990e-01,2.415277234467198553e-01,0.000000000000000000e+00,8.134706203910744762e+02
-7.650948541002981607e+00,7.718645728057375699e+00,1.918372017720634259e+00,9.769128538952149832e-01,2.136335083477470254e-01,0.000000000000000000e+00,8.182101443297161723e+02
-7.816316067775261445e+00,6.932272108076356076e+00,1.696685558963758833e+00,9.826311646046371751e-01,1.855639898862600778e-01,0.000000000000000000e+00,8.229496682683578683e+02
-7.976051242418973786e+00,6.148255302989031890e+00,1.474290959813668644e+00,9.875431292009232420e-01,1.573422001971287454e-01,0.000000000000000000e+00,8.276891922069995644e+02
-8.129727222748627469e+00,5.368390346273561597e+00,1.250832391477636030e+00,9.916447173610906107e-01,1.289912963135745883e-01,0.000000000000000000e+00,8.324287161456412605e+02
-8.276874429658649390e+00,4.594462619676732196e+00,1.025954090005443353e+00,9.949325635558181613e-01,1.005345411835595754e-01,0.000000000000000000e+00,8.371682400842829566e+02
-8.343819458993747773e+00,4.221817076327678109e+00,9.158412360408170194e-01,9.974039698086810679e-01,7.199528459899393051e-02,0.000000000000000000e+00,8.394713424112674147e+02
-8.471786858059887848e+00,3.463287814273903198e+00,6.872548679260057636e-01,9.990569079092538329e-01,4.339694405382944764e-02,0.000000000000000000e+00,8.442108663499091108e+02
-8.591836202592235239e+00,2.714992317480949602e+00,4.563648225109496193e-01,9.998900210782709630e-01,1.476298554660309542e-02,0.000000000000000000e+00,8.489503902885508069e+02
-8.703528842273124511e+00,1.978700387309613618e+00,2.228501341286823756e-01,8.808491902946983254e-01,2.673097542801564433e-02,-4.726395655342977564e-01,8.536899142271925029e+02
-8.806741031979871792e+00,1.256222529472879268e+00,-1.354126385799957026e-02,8.606978567295451299e-01,2.444771237050815532e-02,-5.085268024199172121e-01,8.584294381658341990e+02
-8.901483939146158875e+00,5.493930719350113012e-01,-2.530268911237231744e-01,8.390840395125328532e-01,2.212290836888031187e-02,-5.435499531405987295e-01,8.631689621044758951e+02
-8.987724303767420153e+00,-1.399520576615623235e-01,-4.958240745968009455e-01,8.160444643421939093e-01,1.976051363966052979e-02,-5.776495081931155573e-01,8.679084860431175912e+02
-9.065384417201448386e+00,-8.099760864298464202e-01,-7.421499346901033745e-01,7.916182793382354754e-01,1.736454226514278290e-02,-6.107675273687417361e-01,8.726480099817592873e+02
-9.134342105959326830e+00,-1.458842150926250136e+00,-9.922213715415760804e-01,7.658469885325094317e-01,1.493906537421504054e-02,-6.428477381776154242e-01,8.773875339204009833e+02
-9.148747159862310241e+00,-1.616807562529944287e+00,-1.056266618709081673e+00,7.387743813602833942e-01,1.248820422636384014e-02,-6.738356314410477443e-01,8.785825676994058995e+02
-9.193866818952541209e+00,-2.219840428581657310e+00,-1.314340981538423270e+00,7.104464582712428644e-01,1.001612321057666725e-02,-7.036785538896650483e-01,8.833220916380475956e+02
-9.229658502919516394e+00,-2.797724848229699468e+00,-1.576648427707045608e+00,6.809113525863530469e-01,7.527022771011580501e-03,-7.323257976104056155e-01,8.880616155766892916e+02
-9.256035034366368208e+00,-3.348803339779607313e+00,-1.843417711615804366e+00,6.502192487330406001e-01,5.025132271427283290e-03,-7.597286861907147637e-01,8.928011395153309877e+02
-9.273228407213297331e+00,-3.871760908916240140e+00,-2.114902826812077308e+00,6.184222969972721362e-01,2.514702810470342918e-03,-7.858406574138444567e-01,8.975406634539726838e+02
-9.274181011819234044e+00,-3.956082094762372048e+00,-2.162089093762341818e+00,5.855745249369939120e-01,0.000000000000000000e+00,-8.106173423649849497e-01,8.983496677306200127e+02
-9.268271369414263106e+00,-4.420491090943390766e+00,-2.443639466871793786e+00,8.440386982824727991e-01,2.082944361868602906e-02,-5.358757412692539690e-01,9.030891916692617087e+02
-9.253695201214519273e+00,-4.854407768170940329e+00,-2.730483528151336881e+00,9.820409621608355843e-01,3.868609001835592726e-02,-1.846535541985379614e-01,9.078287156079034048e+02
-9.230768940239668652e+00,-5.256657942731842503e+00,-3.022886904432114719e+00,9.798855686277202492e-01,5.102142579087403512e-02,1.929224883375209032e-01,9.125682395465451009e+02
-9.199779570078989721e+00,-5.626056731193235905e+00,-3.321114873618633112e+00,8.378801759393996740e-01,5.607494484992718575e-02,5.429644659909178550e-01,9.173077634851867970e+02
-9.161161499657030305e+00,-5.961686689735193667e+00,-3.625363128522145928e+00,9.361156365056282347e-01,2.531674888862386341e-01,2.441141897982539999e-01,9.220472874238284930e+02
-9.115681713272522302e+00,-6.263170648688761943e+00,-3.935688545022817397e+00,9.053473691449666072e-01,4.153717105648690455e-01,-8.837693841807206518e-02,9.267868113624701891e+02
-9.064275034060425895e+00,-6.530386456366956693e+00,-4.252078397591507297e+00,9.360722153546453539e-01,3.202522752089287938e-01,1.456203552547300495e-01,9.315263353011118852e+02
-9.007871055634735669e+00,-6.763186831430178181e+00,-4.574519579140868153e+00,9.061895982315796294e-01,2.043976334009164064e-01,3.701891672065157901e-01,9.362658592397535813e+02
-9.002516266385205412e+00,-6.780229048457766972e+00,-4.602803661708469996e+00,8.176343202152047684e-01,7.530893738781591074e-02,5.707895254430604970e-01,9.366738776834386044e+02
-8.934898339112098853e+00,-6.943282408131379313e+00,-4.937449956828315223e+00,7.957731143247932515e-01,9.275971804356768213e-02,5.984469777786836087e-01,9.414134016220803005e+02
-8.863845139821808772e+00,-7.071610897045874644e+00,-5.278118828954609931e+00,7.726805509466726507e-01,1.100669599842965807e-01,6.251783989348375092e-01,9.461529255607219966e+02
-8.789906564804100597e+00,-7.165589572029617216e+00,-5.624828821245143828e+00,7.483923528909645073e-01,1.272038900111869819e-01,6.509424371525430741e-01,9.508924494993636927e+02
-8.712796615048393534e+00,-7.227005314815236225e+00,-5.977594581313160127e+00,6.270281476763863715e-01,5.814938989485127774e-01,5.183614062676717982e-01,9.556319734380053887e+02
-8.689456631300609857e+00,-7.235843206843570741e+00,-6.080404651822162165e+00,3.560004710560493724e-01,8.969889863980563538e-01,2.620542365403942808e-01,9.569899367144379312e+02
-8.602965844076425839e+00,-7.238132268086333809e+00,-6.445186092514993526e+00,0.000000000000000000e+00,9.983844631533018710e-01,-5.680196945670642344e-02,9.617294606530796273e+02
-8.511059867406091328e+00,-7.214765630677588248e+00,-6.815723338282866806e+00,3.010464189919414418e-02,9.992766598770446151e-01,2.319197191199074901e-02,9.664689845917213233e+02
-8.418353032139618719e+00,-7.171315146682954556e+00,-7.170718862181288955e+00,5.998933510879184833e-02,9.928680107525990062e-01,1.030164690594212035e-01,9.709448363749478403e+02
-8.313107019994573577e+00,-7.105578839655232848e+00,-7.551134598857508706e+00,8.943573743809075938e-02,9.792053388136467973e-01,1.820883118376628307e-01,9.756843603135895364e+02
-8.199999728792874976e+00,-7.023070604006673712e+00,-7.934927374991563198e+00,1.182287090132253804e-01,9.583884666146059716e-01,2.598297893340418829e-01,9.804238842522312325e+02
-8.185540036201073733e+00,-7.011456086710130542e+00,-7.980922459942692448e+00,1.461578841785743932e-01,9.305694868197940117e-01,3.356729108711031251e-01,9.809881345987362238e+02
-8.055327552911764499e+00,-6.900250829960713261e+00,-8.368716671415919350e+00,1.730192085056518336e-01,8.959516508566585102e-01,4.090635559613030048e-01,9.857276585373779199e+02
-7.915742965299697786e+00,-6.777617100759004920e+00,-8.755789709617939565e+00,1.986164296764753034e-01,8.547878837618578807e-01,4.794655228867016339e-01,9.904671824760196159e+02
-7.766273153951585684e+00,-6.645606277846041188e+00,-9.139498387373622634e+00,2.227625313463803269e-01,8.073789360823481198e-01,5.463644463170602705e-01,9.952067064146613120e+02
-7.606447887095970195e+00,-6.506279396865736864e+00,-9.517199718574380185e+00,2.452810995089884927e-01,7.540711863469123921e-01,6.092715553395093853e-01,9.999462303533030081e+02
-7.435839891789062683e+00,-6.361706438387074947e+00,-9.886251082432128356e+00,2.660076113804102915e-01,6.952541101772352627e-01,6.677272444421445963e-01,1.004685754291944704e+03
-7.254064920512655057e+00,-6.213965615034985568e+00,-1.024401038771639350e+01,2.847906373870793262e-01,6.313574345430104096e-01,7.213044313637800853e-01,1.009425278230586400e+03
-7.060824993810340011e+00,-6.065250531540229417e+00,-1.058785752624158505e+01,3.014929474776468776e-01,5.628479979648587372e-01,7.696116772824005414e-01,1.014164802169228096e+03
-6.855964907335497571e+00,-5.918014128154276854e+00,-1.091540328052132480e+01,3.159925136793941269e-01,4.902263396153231922e-01,8.122960465540325359e-01,1.018904326107869792e+03
-6.649465416936353179e+00,-5.781424191646581612e+00,-1.121040171307350519e+01,3.281834015784591552e-01,4.140230422463344051e-01,8.490456851188710186e-01,1.023424978356343786e+03
-6.421355495885794795e+00,-5.644872317554836982e+00,-1.149965642874149196e+01,3.379765442152359300e-01,3.347948556670010123e-01,8.795920987485241760e-01,1.028164502294985596e+03
-6.181690945239607160e+00,-5.517675886340519753e+00,-1.176709536948854407e+01,3.453003927456143596e-01,2.531206290954910454e-01,9.037121145020166058e-01,1.032904026233627292e+03
-5.930607829839227740e+00,-5.402510862357357446e+00,-1.201091766354838164e+01,3.501014391189942732e-01,1.695970821016425378e-01,9.212295110726528291e-01,1.037643550172268988e+03
-5.668286288116972216e+00,-5.301864520793110103e+00,-1.222935672854121947e+01,3.523446069586662066e-01,8.483444503284100213e-02,9.320163061260745563e-01,1.042383074110910684e+03
-5.394932817605852193e+00,-5.217848634315967793e+00,-1.242071321104184456e+01,3.520135077923879363e-01,-5.479992337527160454e-04,9.359936912342581294e-01,1.047122598049552380e+03
-5.291359688292688546e+00,-5.193511708990765641e+00,-1.248014092046644841e+01,2.667117791109648306e-01,2.447389377469652225e-02,9.634645065623386184e-01,1.048850609055448558e+03
-4.996776114318616457e+00,-5.145360608291063897e+00,-1.261364245183428601e+01,1.791010901817740864e-01,4.928391228887925996e-02,9.825944715311299982e-01,1.053590132994090254e+03
-4.691896121361996741e+00,-5.118451966935260167e+00,-1.271612826553687370e+01,8.993987732009491032e-02,7.366727837904697707e-02,9.932179773654231658e-01,1.058329656932731950e+03
-4.377121475900006331e+00,-5.114793646515008341e+00,-1.278636255524424925e+01,0.000000000000000000e+00,9.741290686787916486e-02,9.952430484926604315e-01,1.063069180871373646e+03
-4.094922260167478179e+00,-5.133284461265203547e+00,-1.281943800743655437e+01,-0.000000000000000000e+00,-9.695091807975529663e-02,9.952881590151888558e-01,1.067196175604796281e+03
-3.762353685435196660e+00,-5.180769340948202739e+00,-1.282635322613549356e+01,-4.291282096655081070e-03,-2.252196961352708748e-01,9.742975281538440724e-01,1.071935699543437977e+03
-3.422279939371011714e+00,-5.255829335674312652e+00,-1.280382759266150927e+01,-8.509987894250357898e-03,-3.496795025689147796e-01,9.368296673276681474e-01,1.076675223482079673e+03
-3.075681871753517704e+00,-5.359570159990598270e+00,-1.275357233772595222e+01,-7.724836525159890083e-03,-3.010809200916479966e-01,9.535662569833954771e-01,1.081414747420721369e+03
-2.723562649885935993e+00,-5.493078598546130564e+00,-1.267730040684174497e+01,-6.919271913869541948e-03,-2.516867189893979839e-01,9.677829917706305407e-01,1.086154271359363065e+03
-2.366892601904485360e+00,-5.656831142385219557e+00,-1.257667873389823043e+01,-6.095422785334104684e-03,-2.016274245818407418e-01,9.794423043128085427e-01,1.090893795298004761e+03
-2.006536465131725677e+00,-5.850104346359952245e+00,-1.245328051762720811e+01,-5.255466178392348073e-03,-1.510353195602877618e-01,9.885133849981988519e-01,1.095633319236646457e+03
-1.929307400180245269e+00,-5.896762968019932494e+00,-1.242259099342924777e+01,-4.401621693856015705e-03,-1.000440944872977578e-01,9.949722633745504696e-01,1.096637862826583387e+03
-1.561451210565488301e+00,-6.142977195459380368e+00,-1.225732277266036441e+01,-3.536145630187140405e-03,-4.878849457810986029e-02,9.988018714794280051e-01,1.101377386765225083e+03
-1.191820932588719684e+00,-6.415796158797431481e+00,-1.207265793615044203e+01,-2.661325022249291794e-03,2.596036303682337440e-03,9.999920889409333880e-01,1.106116910703866779e+03
-8.211356714559481240e-01,-6.713857187647756852e+00,-1.187012675097160397e+01,-1.779471598857533358e-03,5.397371349711298227e-02,9.985397697296948261e-01,1.110856434642508475e+03
-4.500833309270079186e-01,-7.035784665718382236e+00,-1.165126058534399078e+01,-8.929156750659369458e-04,1.052087702974856265e-01,9.944487504912361553e-01,1.115595958581150171e+03
-7.932052205738131245e-02,-7.380190556233329424e+00,-1.141759181344645846e+01,-3.999995304131439757e-06,1.561658166662475977e-01,9.877298404362626627e-01,1.120335482519791867e+03
2.906260876774343083e-01,-7.745375807864832041e+00,-1.117039300179493289e+01,-3.431258075468773590e-06,1.373532654656963448e-01,9.905211155965775172e-01,1.125075006458433563e+03
6.058246547094896517e-01,-8.072789322354882557e+00,-1.094841698053729395e+01,-2.861279878233495316e-06,1.184910373819077628e-01,9.929541147710270188e-01,1.129121868167976345e+03
9.740367096707777117e-01,-8.472097817003524156e+00,-1.067613244974555542e+01,-2.290266830177746974e-06,9.958595345257659215e-02,9.950279583300892794e-01,1.133861392106618041e+03
1.340914226632802464e+00,-8.885049033725369583e+00,-1.039198266712677743e+01,-1.718425422772605465e-06,8.064485019431115453e-02,9.967418964421337346e-01,1.138600916045259737e+03
1.706428346671069018e+00,-9.309033973046544119e+00,-1.009646109144540738e+01,-1.145962446714471925e-06,6.167457713616028570e-02,9.980953093380336982e-01,1.143340439983901433e+03
2.070608443126480847e+00,-9.741444633929681629e+00,-9.790061879711744908e+00,-5.730849173465950719e-07,4.268199434934798892e-02,9.990877075345891978e-01,1.148079963922543129e+03
2.433542104524091698e+00,-1.017967499002058318e+01,-9.473279856688550993e+00,-0.000000000000000000e+00,2.367396997322678345e-02,9.997187320112477238e-01,1.152819487861184825e+03
2.795059643318325460e+00,-1.062129287050052362e+01,-9.146446117702845768e+00,-1.650811621594222253e-06,8.062661886136229805e-02,9.967433713491306024e-01,1.157559011799826521e+03
3.154413496314736776e+00,-1.106420242731032921e+01,-8.809563641666141365e+00,-3.296253997837497036e-06,1.373170312095850498e-01,9.905261394476675418e-01,1.162298535738468217e+03
3.489383044816784629e+00,-1.147986775182849506e+01,-8.483285334163737090e+00,-4.930975442929054909e-06,1.935608254340309420e-01,9.810872575021736264e-01,1.166753985703076978e+03
3.841737700913086861e+00,-1.191938790133866810e+01,-8.125849430287512831e+00,-6.549659138655733894e-06,2.491750724857892396e-01,9.684574245721383479e-01,1.171493509641718674e+03
4.189063740513015333e+00,-1.235442184761521034e+01,-7.757893939307487052e+00,-8.147040424878093841e-06,3.039788907431306697e-01,9.526777177598968471e-01,1.176233033580360370e+03
4.530470817936795846e+00,-1.278296131278731096e+01,-7.379259983140906698e+00,-9.717923920501568132e-06,3.577940342491268688e-01,9.337994586425816257e-01,1.180972557519002066e+03
4.865112220009802257e+00,-1.320297746231066505e+01,-6.989789341319804450e+00,-1.125720041931224548e-05,4.104454723837964170e-01,9.118840463966059184e-01,1.185712081457643762e+03
5.192185042296237008e+00,-1.361242163481740697e+01,-6.589324461213459827e+00,-1.275986350578334758e-05,4.617619590874265101e-01,8.870027581560712138e-01,1.190451605396285458e+03
5.510930360591702382e+00,-1.400922607423736999e+01,-6.177708468219769600e+00,-1.422102583686205169e-05,5.115765897854466226e-01,8.592365172527295369e-01,1.195191129334927155e+03
5.820633397664789932e+00,-1.439130466413017473e+01,-5.754785175925057672e+00,-1.563593503682367953e-05,5.597273442049124359e-01,8.286756300893310945e-01,1.199930653273568851e+03
6.120623685238014922e+00,-1.475655366416745551e+01,-5.320399096231841263e+00,-1.699998915352857377e-05,6.060576133181894143e-01,7.954194924999823391e-01,1.204670177212210547e+03
6.410353065483559654e+00,-1.510309067315115961e+01,-4.874594153342115987e+00,-1.079476870995449121e-05,6.580670211098091915e-01,7.529580304416703118e-01,1.209409701150852243e+03
6.580504775099603521e+00,-1.530129955341679882e+01,-4.596762040270114369e+00,-4.540889644353970971e-06,7.071098581352692758e-01,7.071022899858621091e-01,1.212292251195785866e+03
6.850137037983603960e+00,-1.560559367532220421e+01,-4.129451306300828684e+00,1.733457279194359904e-06,7.529650576593011069e-01,6.580589805916416957e-01,1.217031775134427562e+03
7.108866282346134824e+00,-1.588780408805852318e+01,-3.652195761661773954e+00,7.999989140413108610e-06,7.954259202489223357e-01,6.060491773184206732e-01,1.221771299073069258e+03
7.356480484656708896e+00,-1.614672742922410009e+01,-3.165637966152179850e+00,6.403024029217899400e-06,8.060669220623603026e-01,5.918227074869062410e-01,1.226510823011710954e+03
7.556031953822403224e+00,-1.634476955876229098e+01,-2.747616229553060840e+00,4.804037914103918422e-06,8.164535101763906733e-01,5.774094437040970806e-01,1.230512537557586711e+03
7.780516514963370156e+00,-1.655476401826319588e+01,-2.245027072756502928e+00,3.203535217060066142e-06,8.265824079014316705e-01,5.628139327685812709e-01,1.235252061496228407e+03
7.992205489380091343e+00,-1.674054471312915382e+01,-1.736195103316838129e+00,1.602020838721043431e-06,8.364504197167073052e-01,5.480407788965814264e-01,1.239991585434870103e+03
8.190256979527402947e+00,-1.690224519261933978e+01,-1.222431038071684073e+00,0.000000000000000000e+00,8.460544322668346329e-01,5.330946422741880131e-01,1.244731109373511799e+03
8.373873009058909744e+00,-1.704019219169245147e+01,-7.051274945805956484e-01,-3.971767051553314054e-02,8.764168748345417814e-01,4.799103751268586349e-01,1.249470633312153495e+03
8.415394746118387559e+00,-1.706822587109190437e+01,-5.773582951352616011e-01,-7.922372316773730605e-02,9.021098112119426693e-01,4.241691763943188920e-01,1.250636107496832665e+03
8.569136092079531863e+00,-1.715882878392676503e+01,-5.650563665100530319e-02,-1.183076714308601146e-01,9.229963520861865778e-01,3.661680337178047084e-01,1.255375631435474361e+03
8.707089419606319325e+00,-1.722745396563500009e+01,4.642899426413480968e-01,-1.567612779684424140e-01,9.389652166924589149e-01,3.062159753704558063e-01,1.260115155374116057e+03
8.828542129589630250e+00,-1.727501382303498190e+01,9.833906450155990298e-01,-1.943796641270225667e-01,9.499313256486349166e-01,2.446324237016122005e-01,1.264854679312757753e+03
8.932756311177005415e+00,-1.730240181325278925e+01,1.499158777865546410e+00,-2.309624015225779925e-01,9.558362541678426805e-01,1.817454932103748921e-01,1.269594203251399449e+03
9.018968917260471230e+00,-1.731049200953912148e+01,2.009956855209984017e+00,-2.663145799035552264e-01,9.566485432469647998e-01,1.178902423246473014e-01,1.274333727190041145e+03
9.086391942874492145e+00,-1.730013866940396028e+01,2.514147699188039375e+00,-3.002478456013365493e-01,9.523638671776405440e-01,5.340688820229056583e-02,1.279073251128682841e+03
9.134212606493671061e+00,-1.727217580510609807e+01,3.010094541540129232e+00,-3.325814050362945751e-01,9.430050564920919864e-01,-1.136100593287420017e-02,1.283812775067324537e+03
9.161593534219687029e+00,-1.722741675653466586e+01,3.496161125069810804e+00,-3.631429879342957801e-01,9.286219762263576705e-01,-7.606836126210715643e-02,1.288552299005966233e+03
9.167672946846746385e+00,-1.716665376651948449e+01,3.970711805081797774e+00,-3.917697651236612955e-01,9.092912601541801587e-01,-1.403704218978463758e-01,1.293291822944607929e+03
9.151564849794766587e+00,-1.709065755860708080e+01,4.432111650791408231e+00,-4.183092160249460845e-01,8.851159024117427609e-01,-2.039245916708957995e-01,1.298031346883249626e+03
9.112359225899242077e+00,-1.700017691733898673e+01,4.878726546700714373e+00,-4.426199412142075573e-01,8.562247086926388917e-01,-2.663922593948936379e-01,1.302770870821891322e+03
9.049122231046666798e+00,-1.689593827106883595e+01,5.308923293936667953e+00,-4.645724157332154491e-01,8.227716099398679761e-01,-3.274406028863904305e-01,1.307510394760533018e+03
9.029724819667553248e+00,-1.687036708378371230e+01,5.398995285661311705e+00,-4.840496791357605799e-01,7.849348421933164399e-01,-3.867443621326666636e-01,1.308545226280693896e+03
8.914724664876883864e+00,-1.674071144842420722e+01,5.792865510426406850e+00,-5.009479585961678083e-01,7.429159969632928018e-01,-4.439875721642148609e-01,1.313284750219335592e+03
8.773643814198189617e+00,-1.659859149122891608e+01,6.166698862053337393e+00,-5.151772217625080197e-01,6.969389471894419374e-01,-4.988652464037193202e-01,1.318024274157977288e+03
8.605932163334250262e+00,-1.644485396698089374e+01,6.519127594835917527e+00,-4.806198881839435777e-01,6.530326116820757143e-01,-5.852785073479930267e-01,1.322763798096618984e+03
8.411927695736128641e+00,-1.628072294211112236e+01,6.849308042590317669e+00,-4.409731533033981465e-01,6.022111543105989062e-01,-6.654941049260625352e-01,1.327503322035260680e+03
8.192389521075044811e+00,-1.610762581452122788e+01,7.156659294736197552e+00,-3.966568453858644872e-01,5.450127350492265377e-01,-7.386626196339456385e-01,1.332242845973902376e+03
7.948036507736185641e+00,-1.592700557743144074e+01,7.440601856032909467e+00,-3.481402392685768454e-01,4.820430401596220715e-01,-8.040092544476338254e-01,1.336982369912544073e+03
7.679547159626989306e+00,-1.574032012570911654e+01,7.700557682376929058e+00,-2.959370872987276413e-01,4.139688686939323459e-01,-8.608420390031479297e-01,1.341721893851185769e+03
7.387559497645963091e+00,-1.554904156062703002e+01,7.935950216531618473e+00,-2.406001793398416799e-01,3.415110719314042309e-01,-9.085591568255139139e-01,1.346461417789827465e+03
7.162410109849590256e+00,-1.541051426332875351e+01,8.086126223561441506e+00,-1.827154894271423025e-01,2.654369204817569883e-01,-9.466553180382125676e-01,1.349845436408356136e+03
6.824207382275169209e+00,-1.521501387388195958e+01,8.270903923900414512e+00,-1.228959710267722022e-01,1.865519798453561806e-01,-9.747271100787595621e-01,1.354584960346997832e+03
6.464030439236197800e+00,-1.501890017024606472e+01,8.429561634502901413e+00,-6.177506657478180896e-02,1.056915804250045943e-01,-9.924772697538796207e-01,1.359324484285639528e+03
6.082596227075946160e+00,-1.482350358698053405e+01,8.562028156836696269e+00,-0.000000000000000000e+00,2.371197228180339442e-02,-9.997178313761895252e-01,1.364064008224281224e+03
5.858919733342141001e+00,-1.471615020694858700e+01,8.621650713068587990e+00,-7.892990921127130202e-03,0.000000000000000000e+00,-9.999678497920404530e-01,1.366700001627259780e+03
5.437585349501127929e+00,-1.452539155106957658e+01,8.705067051599387540e+00,-7.557215732820177223e-01,8.104295423911778151e-02,-6.498576330580629890e-01,1.371439525565901477e+03
4.999776643762127826e+00,-1.433544301810590405e+01,8.766528802979101087e+00,-6.567034176496289177e-01,9.226426792033526336e-02,-7.484824153654326961e-01,1.376179049504543173e+03
4.547855641884290812e+00,-1.414587618628313237e+01,8.808163248759813158e+00,-5.447761341190815454e-01,1.016719092854419942e-01,-8.323940092017463321e-01,1.380918573443184869e+03
4.331504935864694872e+00,-1.405820789237184520e+01,8.819188125794534372e+00,-4.221399054398882744e-01,1.090809464119785605e-01,-8.999429133912164591e-01,1.383125740893989814e+03
3.856362890593235893e+00,-1.387059805120896172e+01,8.826253510023567728e+00,-2.912054325350394990e-01,1.143457340159885066e-01,-9.498012682514208604e-01,1.387865264832631510e+03
3.374041659016545847e+00,-1.368127335456778049e+01,8.818107671358186295e+00,-1.545465485004513251e-01,1.173627769239002361e-01,-9.809889616792428768e-01,1.392604788771273206e+03
2.887701281110930385e+00,-1.348919946677505699e+01,8.796449030775411515e+00,-1.484962410020790151e-02,1.180727650393105926e-01,-9.928928999730888272e-01,1.397344312709914902e+03
2.400522615438195562e+00,-1.329341298969908713e+01,8.762976842383610077e+00,1.251392407625456227e-01,1.164617397121087555e-01,-9.852790638196489148e-01,1.402083836648556598e+03
1.915706743313495108e+00,-1.309302180335115118e+01,8.719391087600513401e+00,2.626682012788152387e-01,1.125613684974554746e-01,-9.582971117328764610e-01,1.406823360587198295e+03
1.436474370794652566e+00,-1.288720539871380133e+01,8.667392369297385102e+00,3.950337659631768528e-01,1.064483228393501707e-01,-9.124774398911582596e-01,1.411562884525839991e+03
9.660652285270915351e-01,-1.267521520276846125e+01,8.608681805914297769e+00,5.196339447444832116e-01,9.824277087937850761e-02,-8.487207558650088357e-01,1.416302408464481687e+03
5.077374694786408460e-01,-1.245637489569513789e+01,8.544960925551453812e+00,6.340194013967420661e-01,8.810601502294669596e-02,-7.682803711968703153e-01,1.421041932403123383e+03
3.054922043487465766e-01,-1.235398178715390571e+01,8.514363343719249855e+00,7.359416040888981936e-01,7.623732074368984313e-02,-6.727375612334582922e-01,1.423200303365853415e+03
1.819539831298510879e-01,-1.228792502308432155e+01,8.494284145122657392e+00,8.233970270333020869e-01,6.286999903421867930e-02,-5.639704771457656474e-01,1.424565034103077778e+03
-2.298649134639329794e-01,-1.205230675763386650e+01,8.422221516694312626e+00,8.946665341176981423e-01,4.826681959973579822e-02,-4.441172219739409899e-01,1.429304558041719474e+03
-6.213266668927519554e-01,-1.180821064248507035e+01,8.347926767957551064e+00,9.483491704343351980e-01,3.271484504860716624e-02,-3.155338172822007570e-01,1.434044081980361170e+03
-9.897176897261046324e-01,-1.155495179797667582e+01,8.271633970424614901e+00,9.833896978485703322e-01,1.651978770178422207e-02,-1.807478873422650734e-01,1.438783605919002866e+03
-1.332320782581930541e+00,-1.129191737054773625e+01,8.193263263685850006e+00,9.990993339585199084e-01,0.000000000000000000e+00,-4.240897172840243229e-02,1.443523129857644562e+03
-1.646433929212511638e+00,-1.101857832390710179e+01,8.112106812178673465e+00,9.990993332535061944e-01,-0.000000000000000000e+00,-4.240897169847657883e-02,1.448262653796286259e+03
-1.920089774820157302e+00,-1.074390543394639153e+01,8.029957659759869415e+00,5.299993955616641179e-04,-0.000000000000000000e+00,-9.999988595503095379e-01,1.452845841268543381e+03
-2.169499656987298408e+00,-1.044888649976093475e+01,7.940428188443829249e+00,2.830460657417228076e-01,3.072790757083510363e-02,-9.586129147709526732e-01,1.457585365207185077e+03
-2.383224974636982907e+00,-1.014284623846885047e+01,7.845967886587186690e+00,5.422185170185832570e-01,5.892159707737536917e-02,-8.381678383244514086e-01,1.462324889145826774e+03
-2.559400875967608346e+00,-9.825944264611377932e+00,7.746441483057146193e+00,7.566728811008494038e-01,8.225587836747591530e-02,-6.485970409135887182e-01,1.467064413084468470e+03
-2.694045357101531479e+00,-9.504837313510579477e+00,7.643702897775505711e+00,7.561826312730529631e-01,5.392490214792167169e-02,-6.521333706066914093e-01,1.471714136304197154e+03
-2.791863276123802251e+00,-9.168070868828591458e+00,7.533655645875583673e+00,7.550757964904738495e-01,2.554995927611568990e-02,-6.551379557806323861e-01,1.476453660242838851e+03
-2.850195755274442355e+00,-8.823036745599276642e+00,7.418155127916122638e+00,6.378742543269592113e-01,1.240828798227212038e-01,-7.600775451250559867e-01,1.481193184181480547e+03
-2.857443102463395945e+00,-8.696476342704325901e+00,7.374665669052851591e+00,4.986932446768944094e-01,2.183402531658568124e-01,-8.388269079866401690e-01,1.482896858624605102e+03
-2.840225090652024331e+00,-8.338446613722947376e+00,7.248114686509210536e+00,3.423285350037110764e-01,3.050742323934313438e-01,-8.886725419706992257e-01,1.487636382563246798e+03
-2.786031065323009592e+00,-7.975879228012250799e+00,7.115828919862601687e+00,1.741680032913324183e-01,3.812961925762965443e-01,-9.078968664758643170e-01,1.492375906501888494e+03
-2.696777472268431897e+00,-7.610397475581475391e+00,6.977694997690115031e+00,5.999996079955432846e-06,4.443797096684325432e-01,-8.958374147125192088e-01,1.497115430440530190e+03
-2.574405945810286145e+00,-7.243581145994775206e+00,6.833599905936574181e+00,-1.730123529213473468e-02,4.101038135575828525e-01,-9.118736367289148603e-01,1.501854954379171886e+03
-2.420940965613244344e+00,-6.877010906821054981e+00,6.683415675225367281e+00,-3.457850963328471666e-02,3.751178121805130439e-01,-9.263309093703721020e-01,1.506594478317813582e+03
-2.397793830761517420e+00,-6.830275407330879567e+00,6.663448892252513467e+00,-5.179590714127201706e-02,3.394822847712276048e-01,-9.391842004253274645e-01,1.507199925270739413e+03
-2.190123128152110965e+00,-6.466141119231084922e+00,6.500929054647767380e+00,-6.892361564629416459e-02,3.032589350963585395e-01,-9.504112549255870901e-01,1.511939449209381110e+03
-1.956068195221277950e+00,-6.105943067033732241e+00,6.331966748967596814e+00,-8.593197830602654352e-02,2.665104846271783567e-01,-9.599926336629159840e-01,1.516678973148022806e+03
-1.697912601166628122e+00,-5.751244356901764831e+00,6.156389410574183430e+00,-1.027915449474380294e-01,2.293005639519623273e-01,-9.679117468331320806e-01,1.521418497086664502e+03
-1.417967091742374119e+00,-5.403557243279823119e+00,5.974024880724925879e+00,-1.194731230505027275e-01,1.916936026160715734e-01,-9.741548827489447948e-01,1.526158021025306198e+03
-1.118569164592150056e+00,-5.064342691432118571e+00,5.784701417466156848e+00,-1.359478282856954878e-01,1.537547175801981247e-01,-9.787112315720272182e-01,1.530897544963947894e+03
-9.649899266531545283e-01,-4.903699793910295313e+00,5.689213104937148380e+00,-1.521871345179316715e-01,1.155496004895797818e-01,-9.815729040233888147e-01,1.533202039012903697e+03
-6.344548490094511495e-01,-4.583181725147107421e+00,5.485637829285840539e+00,-1.681629231905345523e-01,7.714440394903140930e-02,-9.827349450397684372e-01,1.537941562951545393e+03
-2.904309516498836952e-01,-4.274616915069786138e+00,5.274678646024876905e+00,-1.838475320038842620e-01,3.860562700034700367e-02,-9.821953423524684146e-01,1.542681086890187089e+03
6.473967294568788722e-02,-3.979257789489733632e+00,5.056251002412549767e+00,-1.992138028046138709e-01,0.000000000000000000e+00,-9.799550299737879167e-01,1.547420610828828785e+03
4.288619227722059168e-01,-3.698254223478727010e+00,4.830441884568403843e+00,-2.107609324567989439e-01,-1.430162252623332346e-06,-9.775366127807674221e-01,1.552160134767470481e+03
7.961934162856405539e-01,-3.435238510794437872e+00,4.599686367084442118e+00,-2.222787247491846141e-01,-2.860125130334335172e-06,-9.749821375260564471e-01,1.556853654352434432e+03
1.171791515784913029e+00,-3.186080286063659450e+00,4.359633427384621562e+00,-2.337655775280285120e-01,-4.289689720092228934e-06,-9.722919596108300366e-01,1.561593178291076129e+03
1.549900357977116672e+00,-2.954359464284875614e+00,4.112717590525344136e+00,-2.452198929398524685e-01,-5.718657164414017872e-06,-9.694664532892123265e-01,1.566332702229717825e+03
1.928324185304478133e+00,-2.741013243883852812e+00,3.859113136144624701e+00,-2.566400776501361336e-01,-7.146828688841583777e-06,-9.665060116067006879e-01,1.571072226168359521e+03
2.304846699208230820e+00,-2.546931472060872892e+00,3.598994756511666893e+00,-2.680245430633939052e-01,-8.574005629397336774e-06,-9.634110463458667173e-01,1.575811750107001217e+03
2.677457830474709866e+00,-2.372849138966749649e+00,3.332876939956656237e+00,-2.793717055426080398e-01,-9.999989460024915751e-06,-9.601819879695102644e-01,1.580551274045642913e+03
3.044583712303831291e+00,-2.219245629859117663e+00,3.061953333141693268e+00,-3.448446403530442961e-01,-2.280789268492338859e-02,-9.383815716711129129e-01,1.585290797984284609e+03
3.404865417494288948e+00,-2.086461749154580048e+00,2.787757272904100692e+00,-4.084962008274120038e-01,-4.548531971553826381e-02,-9.116248897440604182e-01,1.590030321922926305e+03
3.756934418219491256e+00,-1.974810072776320702e+00,2.511822296945794175e+00,-4.699901984865612614e-01,-6.792250565674946838e-02,-8.800532634748935434e-01,1.594769845861568001e+03
4.093018318881339823e+00,-1.886220754118290710e+00,2.240825597638686606e+00,-5.290018404246127348e-01,-9.000094397876703955e-02,-8.438334450063244008e-01,1.599420980298763425e+03
4.424515702930611916e+00,-1.817579300733126457e+00,1.965986509366732582e+00,-5.852194447098786334e-01,-1.116040229414178159e-01,-8.031567366321941126e-01,1.604160504237405121e+03
4.743661881194914720e+00,-1.770830319633422745e+00,1.693980771846773647e+00,-6.383460865410260920e-01,-1.326176414820213756e-01,-7.582379804298884363e-01,1.608900028176046817e+03
5.049052346565160221e+00,-1.746172350644464855e+00,1.426341777533773447e+00,-6.881011664699486774e-01,-1.529308118444403786e-01,-7.093144235754308413e-01,1.613639552114688513e+03
5.339466123138472575e+00,-1.743675437517138382e+00,1.164318694411363708e+00,-7.342218924108920852e-01,-1.724362457673956628e-01,-6.566444653318929126e-01,1.618379076053330209e+03
5.614060968584279721e+00,-1.763187231420731749e+00,9.085924376103498012e-01,-7.764646676101614187e-01,-1.910309211368338145e-01,-6.005062923262158847e-01,1.623118599991971905e+03
5.872185996986023504e+00,-1.804440970355650320e+00,6.595595780830828536e-01,-8.146063772467520003e-01,-2.086166261101412844e-01,-5.411964093191947711e-01,1.627858123930613601e+03
5.875868142926812254e+00,-1.805378441192513561e+00,6.558641973053733754e-01,-8.484455668689241392e-01,-2.251004778387750149e-01,-4.790280732251326890e-01,1.627930488279329211e+03
6.099672820861924194e+00,-1.886716937544216988e+00,4.210366708153863158e-01,-8.778035064422820000e-01,-2.403954130498081598e-01,-4.143296386486374772e-01,1.632670012217970907e+03
6.305494180568885554e+00,-1.989032906738806394e+00,1.937002241439510497e-01,-9.025251343883446964e-01,-2.544206478952799055e-01,-3.474428236734945497e-01,1.637409536156612603e+03
6.492684980136047557e+00,-2.112020870016045215e+00,-2.575012388888243617e-02,-9.224798766257664706e-01,-2.671021046403069810e-01,-2.787209050600474858e-01,1.642149060095254299e+03
6.660599191628891802e+00,-2.255363283980367672e+00,-2.369198458595609125e-01,-9.375623362859477616e-01,-2.783728029358326639e-01,-2.085268523807997931e-01,1.646888584033895995e+03
6.808806962505354221e+00,-2.418070109887394015e+00,-4.397755216593089989e-01,-8.851352005091986941e-01,2.537197708297864521e-02,4.646395803182720718e-01,1.651628107972537691e+03
6.937329244257020910e+00,-2.597824871002490710e+00,-6.350054319278112258e-01,-9.406825792773417794e-01,1.626349637023066091e-02,3.388949449752648446e-01,1.656367631911179387e+03
7.046452438395206741e+00,-2.791655225645579552e+00,-8.236589234280552452e-01,-9.783755859968462643e-01,6.846331863323251200e-03,2.067180216266308324e-01,1.661107155849821083e+03
7.136523296192595289e+00,-2.996597528802277477e+00,-1.006785751938521489e+00,-9.974988064813052890e-01,-2.700777882004500811e-03,7.061753937215983767e-02,1.665846679788462779e+03
7.172053647163083134e+00,-3.102138705747880643e+00,-1.095146715265419290e+00,-9.976892744196750318e-01,-1.219662793922219636e-02,-6.682330412650006046e-02,1.668192500195069670e+03
7.225880576923066734e+00,-3.321438174060366233e+00,-1.269856816445791292e+00,-9.789433609085624877e-01,-2.146098598945257035e-02,-2.029958674765814375e-01,1.672932024133711366e+03
7.261749596362665926e+00,-3.544418406429038715e+00,-1.441653124584908463e+00,-9.806229839559066352e-01,-2.012703793240161118e-02,-1.948626841368821250e-01,1.677671548072353062e+03
7.280228026572140188e+00,-3.768195806061339859e+00,-1.611563412036829623e+00,-9.822332283349695103e-01,-1.879166608848010719e-02,-1.867157155355837761e-01,1.682411072010994758e+03
7.281945564925511150e+00,-3.989914240900994447e+00,-1.780607912547321314e+00,-9.837739801688216712e-01,-1.745496491419707905e-02,-1.785555379439095480e-01,1.687150595949636454e+03
7.267590456339685367e+00,-4.206732022275391003e+00,-1.949806912227114886e+00,-9.852451304986754588e-01,-1.611702896004821306e-02,-1.703827285673369385e-01,1.691890119888278150e+03
7.245767657737015810e+00,-4.361513392581720439e+00,-2.075756568449453887e+00,-9.866465752857993543e-01,-1.477795286371901690e-02,-1.621978655036802330e-01,1.695395039387796714e+03
7.225936674488814937e+00,-4.452631621066168499e+00,-2.154148741393569821e+00,-9.879782154188433418e-01,-1.343783134340805277e-02,-1.540015277023041029e-01,1.697554481633690330e+03
7.169219943340680246e+00,-4.642075855861701683e+00,-2.328008047416692872e+00,-9.892399567208205458e-01,-1.209675919114465772e-02,-1.457942949232786944e-01,1.702294005572332026e+03
7.100727255264475346e+00,-4.820097255613434051e+00,-2.503092669199284970e+00,-9.904317099557409243e-01,-1.075483126610147014e-02,-1.375767476964774583e-01,1.707033529510973722e+03
7.023030483590620321e+00,-4.986610963978947098e+00,-2.678102509659794794e+00,-9.915533908348994618e-01,-9.412142487902315849e-03,-1.293494672806211887e-01,1.711773053449615418e+03
6.938944789355232068e+00,-5.141975873156463095e+00,-2.851384510743950162e+00,-9.926049200228169722e-01,-8.068787829925854610e-03,-1.211130356222716170e-01,1.716512577388257114e+03
6.851274752748961028e+00,-5.286612296410693190e+00,-3.021285719423428606e+00,-9.935862231428337354e-01,-6.724862312605500367e-03,-1.128680353147762383e-01,1.721252101326898810e+03
6.836346600046288025e+00,-5.309292869845917195e+00,-3.049112411644394172e+00,-9.944972307823554125e-01,-5.380460996726033410e-03,-1.046150495571684380e-01,1.722050196206074588e+03
6.748369702569068096e+00,-5.434340858865971846e+00,-3.208746878370381417e+00,-9.953378784977510163e-01,-4.035678976717386665e-03,-9.635466211302479156e-02,1.726789720144716284e+03
6.662936719325283086e+00,-5.549786175727851933e+00,-3.361417296914195330e+00,-9.961081068189009402e-01,-2.690611373946070160e-03,-8.808745726928260411e-02,1.731529244083357980e+03
6.582815355637291255e+00,-5.656243446587026824e+00,-3.505471857260419988e+00,-9.968078612533997074e-01,-1.345353330004686425e-03,-7.981401979502115995e-02,1.736268768021999676e+03
6.510756106247884034e+00,-5.754679604065684906e+00,-3.639187811520153026e+00,-9.974370922904048919e-01,-0.000000000000000000e+00,-7.153493490020845780e-02,1.741008291960641372e+03
6.449478547305815823e+00,-5.846705197670809540e+00,-3.760700109820651615e+00,-8.786870335533891740e-01,-4.080246465295668812e-01,2.478366092612661331e-01,1.745747815899283069e+03
6.442197403691890756e+00,-5.859909312603114095e+00,-3.776987151043778912e+00,-5.116335055995741010e-01,-7.007479611520550655e-01,4.971734615697119275e-01,1.746463670349502991e+03
6.408601359600709202e+00,-5.943920985489814512e+00,-3.870027959092032344e+00,-0.000000000000000000e+00,-7.954506429652807853e-01,6.060167279919072003e-01,1.751203194288144687e+03
6.391535929400149030e+00,-6.025948521654373558e+00,-3.946702700994798363e+00,-9.983881034639610075e-01,-0.000000000000000000e+00,-5.673794905025818236e-02,1.755942718226786383e+03
6.393644298865203801e+00,-6.108113914108859177e+00,-4.005420422738704467e+00,-9.357503794252796103e-01,-2.384798034504678754e-01,2.598010984437322812e-01,1.760682242165428079e+03
6.417314630614996851e+00,-6.192483905325322446e+00,-4.045485047796265832e+00,-7.224630945804335624e-01,-4.385658940830046149e-01,5.345138291173419098e-01,1.765421766104069775e+03
6.437478948629472342e+00,-6.230331007686547906e+00,-4.054717341483300430e+00,-3.928642221331363760e-01,-5.680457743394354830e-01,7.231733548911052356e-01,1.767459462774772419e+03
6.508625924215537317e+00,-6.323239172579078193e+00,-4.057796875016340898e+00,-1.699997626480445192e-05,-6.060741538053741051e-01,7.954068894609166440e-01,1.772198986713414115e+03
6.520067313763836303e+00,-6.334950759688273259e+00,-4.056002009094611616e+00,-2.222466787062938598e-01,-5.286152761280444867e-01,8.192498420198813802e-01,1.772761650686703206e+03
6.642134523775307997e+00,-6.440129559730221054e+00,-4.022941346191469592e+00,-4.320406851244056878e-01,-4.215779732059420359e-01,7.972520673577346839e-01,1.777501174625344902e+03
6.789840138099623168e+00,-6.552999367636159533e+00,-3.972404729349141128e+00,-6.176600773229997676e-01,-2.909514622361242808e-01,7.306444248095826932e-01,1.782240698563986598e+03
6.819399230390398969e+00,-6.573485297802360350e+00,-3.960928943755118503e+00,-7.687185899005269940e-01,-1.440448951611679740e-01,6.231539117430768826e-01,1.783047247139391402e+03
7.018671751973803552e+00,-6.701546072911042096e+00,-3.876863072723220505e+00,-8.767638049081459828e-01,1.092162686285030361e-02,4.807951210974465983e-01,1.787786771078033098e+03
7.242160443332503306e+00,-6.837920048891930946e+00,-3.776345071529100927e+00,-9.357501100443705866e-01,1.652770140526095555e-01,3.115336902798966356e-01,1.792526295016674794e+03
7.488559835059477088e+00,-6.982268483926178604e+00,-3.659665473997756102e+00,-9.423769763602141136e-01,3.103843824185094080e-01,1.248405766513854404e-01,1.797265818955316490e+03
7.756579553756052903e+00,-7.134224410731753174e+00,-3.527115816963572570e+00,-8.962736280310129588e-01,4.381243293420964968e-01,-6.883789462653634728e-02,1.802005342893958186e+03
8.044932266889034622e+00,-7.293516136050843812e+00,-3.379079520341212284e+00,-7.892423660360413651e-01,6.690594625737242285e-02,6.104245096726237385e-01,1.806744866832599882e+03
8.352317957480343225e+00,-7.460090360383656360e+00,-3.216122761488688475e+00,-8.371317373544905349e-01,6.153982582664573736e-02,5.435267280922444488e-01,1.811484390771241578e+03
8.563269158122366775e+00,-7.572418110327379104e+00,-3.101216600229449671e+00,-8.793306855434951386e-01,5.575538886911338143e-02,4.729343316713605083e-01,1.814556723928056044e+03
8.905653070193546128e+00,-7.752448026825258687e+00,-2.910196594487453492e+00,-9.155523681776126521e-01,4.959195511076416180e-02,3.991271716039578310e-01,1.819296247866697740e+03
9.263608307768524952e+00,-7.939880339488610161e+00,-2.706000786150636550e+00,-9.455505725484681934e-01,4.309142037458968399e-02,3.226069500853476768e-01,1.824035771805339436e+03
9.635842784593238619e+00,-8.134681093629035686e+00,-2.489289584770402186e+00,-9.691213889720271535e-01,3.629797181262042066e-02,2.438938102520340767e-01,1.828775295743981133e+03
1.002107005349902025e+01,-8.336788091068120465e+00,-2.260724176831330201e+00,-9.861045966182003797e-01,2.925778757030485233e-02,1.635228008412172584e-01,1.833514819682622829e+03
1.041800953944988350e+01,-8.546110996652448222e+00,-2.020966484777451999e+00,-9.963847524578116621e-01,2.201872292304633133e-02,8.204023958002673589e-02,1.838254343621264525e+03
1.082538677181413789e+01,-8.762531447795534945e+00,-1.770679126004190529e+00,-9.998919759345044067e-01,1.462998501631854707e-02,0.000000000000000000e+00,1.842993867559906221e+03
1.124193361584715412e+01,-8.985903167036690675e+00,-1.510525371817846407e+00,-9.998919752291055563e-01,1.462998500599745587e-02,-0.000000000000000000e+00,1.847733391498547917e+03
1.166638850337210265e+01,-9.216052077606601500e+00,-1.241169106364529373e+00,-9.974996177544176446e-01,1.295984060769596324e-02,6.945901748998056791e-02,1.852472915437189613e+03
1.209749666264537105e+01,-9.452776421989149469e+00,-9.632747855305043849e-01,-9.902862682378537063e-01,1.122706058846057071e-02,1.385823222842431368e-01,1.857212439375831309e+03
1.229946550524926430e+01,-9.564507233454923707e+00,-8.311927361165574180e-01,-9.782867917411632863e-01,9.440019546174169274e-03,2.070358402196189884e-01,1.859402429620079829e+03
1.274164009267381559e+01,-9.811226413351723963e+00,-5.378747766494124116e-01,-9.615591832090586433e-01,7.607354294882646278e-03,2.744887344622454761e-01,1.864141953558721525e+03
1.318740027961279004e+01,-1.006394702851351042e+01,-2.376570336877826262e-01,-9.401842878686776928e-01,5.737922138576760644e-03,3.406150042116401488e-01,1.868881477497363221e+03
1.363551647646091070e+01,-1.032237234810408388e+01,6.879424643907024184e-02,-9.142654105411539556e-01,3.840758069724848397e-03,4.050950600353889208e-01,1.873621001436004917e+03
1.408476690572044276e+01,-1.058617852456305997e+01,3.808124293583274311e-01,-8.839278164567138107e-01,1.925031109442706641e-03,4.676172682320031138e-01,1.878360525374646613e+03
1.453410457721458293e+01,-1.085510757653563907e+01,6.974855922556606469e-01,-8.493181259816701134e-01,0.000000000000000000e+00,5.278794567685450856e-01,1.883100049313288309e+03
1.498282150702069515e+01,-1.112906532504509372e+01,1.017411638750398417e+00,-9.742602197186209789e-01,-0.000000000000000000e+00,2.254218806477611137e-01,1.887839573251930005e+03
1.543037800542689908e+01,-1.140803605610221716e+01,1.338943327546033402e+00,-9.948674988088508364e-01,-0.000000000000000000e+00,-1.011763797273839277e-01,1.892579097190571702e+03
1.573455046599013230e+01,-1.160104479429992352e+01,1.558356314965190004e+00,-9.089331001751373984e-01,-0.000000000000000000e+00,-4.169395872384812907e-01,1.895809575456678886e+03
