6.084835270722544820e+00,-6.498651381445767150e+00,5.799928570874552491e+00,-8.555070000000000174e-01,6.122999999999999970e-02,-5.141580000000000039e-01,0.000000000000000000e+00
6.466355804174388489e+00,-6.092842235359527514e+00,5.272766260594792698e+00,-8.816753567181284668e-01,6.097245218752477686e-02,-4.678984135800524080e-01,1.609233180740387237e+00
6.846365262887816883e+00,-5.687922357439804344e+00,4.744966696811055762e+00,-9.053539200725372327e-01,6.054272406972521087e-02,-4.203175680031183137e-01,3.218466361480774474e+00
7.221752707701434737e+00,-5.283321152403566145e+00,4.215913454613947842e+00,-9.264750379683094339e-01,5.994197478210924745e-02,-3.715494094752411214e-01,4.827699542221161266e+00
7.589414164921631567e+00,-4.878451116973508306e+00,3.684990118035339268e+00,-9.449790477172305136e-01,5.917190132228271338e-02,-3.217316979563935031e-01,6.436932722961548947e+00
7.946252668058289004e+00,-4.472707874317106480e+00,3.151580284481547700e+00,-9.608136793497694672e-01,5.823467898873362081e-02,-2.710051581390875430e-01,8.046165903701936628e+00
8.289178299487765855e+00,-4.065470208662105733e+00,2.615067569166450223e+00,-9.739342032607952726e-01,5.713295523628079270e-02,-2.195130819456260207e-01,9.655399084442324309e+00
8.615108232042896219e+00,-3.656100100088114147e+00,2.074835609544499526e+00,-9.843035565580392499e-01,5.586984219794512846e-02,-1.674009237742858924e-01,1.126463226518271199e+01
8.921409478356080669e+00,-3.244118783443700860e+00,1.530698994815212544e+00,-9.918924477564993181e-01,5.444890789435738454e-02,-1.148158896373268206e-01,1.287386544592309967e+01
9.206338715497670577e+00,-2.829386013410849721e+00,9.833341923331250234e-01,-9.966794395230684778e-01,5.287416615551948640e-02,-6.190652135096263303e-02,1.448309862666348735e+01
9.468595221908183035e+00,-2.411928866960786344e+00,4.338486176856330423e-01,-9.986510092376046366e-01,5.115006528336979441e-02,-8.822276951409604301e-03,1.609233180740387326e+01
9.706876727681750694e+00,-1.991767319570941996e+00,-1.166502983236849256e-01,-9.978015871992471642e-01,4.928147548715693799e-02,4.428689147819646343e-02,1.770156498814425916e+01
9.919879432189040003e+00,-1.568914237389922750e+00,-6.670551176202316190e-01,-9.941335723698631055e-01,4.727367512709007569e-02,9.727096137788682206e-02,1.931079816888464507e+01
1.010629802171759728e+01,-1.143375369477090286e+00,-1.216258402803595873e+00,-9.876573256098951648e-01,4.513233580509833781e-02,1.499802634818387104e-01,2.092003134962503097e+01
1.027011381395804435e+01,-6.971663670397492130e-01,-1.785809410899942939e+00,-9.783911404254008737e-01,4.286350634478691690e-02,2.022659045935222277e-01,2.259634304576159991e+01
1.040078493266775972e+01,-2.478797345501035088e-01,-2.351446882859069110e+00,-9.663611913085524696e-01,4.047359570581479660e-02,2.539801881710475606e-01,2.427265474189817240e+01
1.049676913715135385e+01,2.045037870020979254e-01,-2.911867018001676133e+00,-9.516014598171148586e-01,3.796935488092891692e-02,3.049770315348736549e-01,2.594896643803474490e+01
1.055652241974106964e+01,6.600122237619534538e-01,-3.465766056265884743e+00,-9.341536386012738724e-01,3.535785782676420519e-02,3.551123785195047233e-01,2.762527813417131739e+01
1.057908846485373466e+01,1.118626530896060123e+00,-4.011541854048449984e+00,-9.140670136484597696e-01,3.264648148224965490e-02,4.042446064036064324e-01,2.930158983030788988e+01
1.056468715010340809e+01,1.580220302799109078e+00,-4.546995462371062224e+00,-8.913983250783330536e-01,2.984288493104037335e-02,4.522349259690585654e-01,3.097790152644446238e+01
1.051412368164810296e+01,2.044608958599203330e+00,-5.069629578315190344e+00,-8.662116068806939850e-01,2.695498776681586744e-02,4.989477735587921625e-01,3.265421322258103487e+01
1.042298451768429501e+01,2.531347901522086552e+00,-5.597514674721430161e+00,-8.381026801633584267e-01,-2.946745654846141468e-03,5.455027169432941081e-01,3.440103208162354065e+01
1.029268031953414031e+01,3.020794979572127392e+00,-6.105124488297293261e+00,-8.067657267133651056e-01,-3.283712387418688539e-02,5.899565962814433684e-01,3.614785094066604643e+01
1.012414390352670779e+01,3.512716635163084966e+00,-6.589514830915971011e+00,-7.723214454039699639e-01,-6.260102141514348184e-02,6.321381946115431916e-01,3.789466979970855220e+01
9.918814876029660610e+00,4.006730656936333901e+00,-7.047838296068661634e+00,-7.349025030071848485e-01,-9.212380013872285833e-02,6.718850471038814165e-01,3.964148865875105798e+01
9.679149518947854247e+00,4.502159003334284648e+00,-7.477440868211417957e+00,-6.946530231694867386e-01,-1.212917507698832165e-01,7.090440667524411378e-01,4.138830751779356376e+01
9.428080143374605981e+00,4.964991069212343788e+00,-7.851096157896874317e+00,-6.517280312714378576e-01,-1.499925308408679714e-01,7.434721339413647989e-01,4.301817293813938647e+01
9.153878568998880638e+00,5.427706671237464420e+00,-8.197404684689374221e+00,-6.062928573104345853e-01,-1.781155973648673452e-01,7.750366476174911368e-01,4.464803835848520919e+01
8.858766188472221970e+00,5.889646158927031472e+00,-8.514428639052994185e+00,-5.585224991072018641e-01,-2.055526325743597671e-01,8.036160359483666138e-01,4.627790377883103190e+01
8.544954779137565737e+00,6.350137659672046020e+00,-8.800230427054318127e+00,-5.086009482890236910e-01,-2.321979610853489306e-01,8.291002245012244476e-01,4.790776919917685461e+01
8.214646472474827377e+00,6.808497127120119785e+00,-9.052872684630695943e+00,-4.567204816456033600e-01,-2.579489568818573164e-01,8.513910601419982793e-01,4.953763461952267733e+01
7.870033723651054913e+00,7.264028389689190846e+00,-9.270418291857209780e+00,-4.030809205863670752e-01,-2.827064385543252012e-01,8.704026890238668601e-01,5.116750003986850004e+01
7.513299281175345179e+00,7.716023199211509365e+00,-9.450930387212320483e+00,-3.478888615504504012e-01,-3.063750512708475759e-01,8.860618872114705002e-01,5.279736546021432275e+01
7.146616156658688546e+00,8.163761279707440366e+00,-9.592472381842068074e+00,-2.913568803320867318e-01,-3.288636340112758294e-01,8.983083426690959827e-01,5.442723088056014547e+01
6.772147594678972204e+00,8.606510376288653674e+00,-9.693107973822773005e+00,-2.337027133842383697e-01,-3.500855706509307663e-01,9.070948875281409363e-01,5.605709630090596818e+01
6.391728869406040126e+00,9.043342876016335907e+00,-9.751453694958378549e+00,-7.924706915055614864e-01,1.355887761214876752e-01,5.946460181453826488e-01,5.768696172125179089e+01
6.013045247787574432e+00,9.465943361107866494e+00,-9.767656620981648885e+00,-5.745739334074659865e-01,1.038919879267875546e-01,8.118308012725127254e-01,5.928966851874457689e+01
5.630654855235800227e+00,9.880305543079341390e+00,-9.743640575254792324e+00,-3.017172213517246848e-01,6.225758161184480333e-02,9.513615043043841535e-01,6.089237531623736288e+01
5.245335199020035866e+00,1.028502872103842591e+01,-9.679662733398286534e+00,-0.000000000000000000e+00,1.466799147870137196e-02,9.998914191179213429e-01,6.249508211373014888e+01
4.866489201474893278e+00,1.066979383959729333e+01,-9.579624370241070608e+00,-0.000000000000000000e+00,-5.270537555505867139e-02,9.986091043985797500e-01,6.406075650773766483e+01
4.484876360519733929e+00,1.104260036399665168e+01,-9.444272361054650844e+00,-0.000000000000000000e+00,-1.198394177986642634e-01,9.927922813669508573e-01,6.562643090174518079e+01
4.099697768899041250e+00,1.140175625055916520e+01,-9.275309258040737248e+00,-0.000000000000000000e+00,-1.864292913729264367e-01,9.824673629786844220e-01,6.719210529575269675e+01
3.710133777905806785e+00,1.174557365151741273e+01,-9.074437841757601930e+00,-0.000000000000000000e+00,-2.521726233294165342e-01,9.676812326604490311e-01,6.875777968976021270e+01
3.315344007269636961e+00,1.207236901470369972e+01,-8.843361109547664967e+00,-0.000000000000000000e+00,-3.167708846742575135e-01,9.485010314294649580e-01,7.032345408376772866e+01
2.914467355250149883e+00,1.238046318319887718e+01,-8.583782263963993131e+00,-0.000000000000000000e+00,-3.799307459389159036e-01,9.250138530261883263e-01,7.188912847777524462e+01
2.506622008935613710e+00,1.266818149493925638e+01,-8.297404701195732812e+00,-0.000000000000000000e+00,-4.413654091424552561e-01,8.973263484443968485e-01,7.345480287178276058e+01
2.091567042469677506e+00,1.293402810799646119e+01,-7.985799680372785758e+00,-0.000000000000000000e+00,-5.007959100968544242e-01,8.655642416541322604e-01,7.502047726579027653e+01
1.670366850267427372e+00,1.317685565274108761e+01,-7.650273993768966108e+00,-0.000000000000000000e+00,-5.579523851416029467e-01,8.298717587162580678e-01,7.658615165979779249e+01
1.244733808652642049e+00,1.339568407916733328e+01,-7.292002277042688441e+00,-0.000000000000000000e+00,-6.125752965552598850e-01,7.904109728807192647e-01,7.815182605380530845e+01
8.163680868934575230e-01,1.358952415810970038e+01,-6.912159320376242810e+00,-0.000000000000000000e+00,-6.644166110792665281e-01,7.473610686421555682e-01,7.971750044781282440e+01
3.869576247011529135e-01,1.375737753999291257e+01,-6.511920060494500007e+00,-0.000000000000000000e+00,-7.132409262021948138e-01,7.009175280945909581e-01,8.128317484182034036e+01
-4.182189014995528475e-02,1.389823681367433927e+01,-6.092459572682866309e+00,-0.000000000000000000e+00,-7.588265390898091267e-01,6.512912432798212414e-01,8.284884923582785632e+01
-4.681478924277640008e-01,1.401105423549211615e+01,-5.655124058848436164e+00,-0.000000000000000000e+00,-8.009664533067717418e-01,5.987075585602393835e-01,8.441393477452169236e+01
-8.905333065049344521e-01,1.409486950760725144e+01,-5.200936430795904286e+00,-0.000000000000000000e+00,-8.394693187583123217e-01,5.434052473646601156e-01,8.597902031321552840e+01
-1.307341790030357886e+00,1.414864994752382366e+01,-4.731070364725471045e+00,-0.000000000000000000e+00,-8.741603005834581719e-01,4.856354279537618002e-01,8.754410585190936445e+01
-1.716875486382425375e+00,1.417155994902865501e+01,-4.246704972793259536e+00,-0.000000000000000000e+00,-9.048818730540861832e-01,4.256604231287295925e-01,8.910919139060320049e+01
-2.117423532285258592e+00,1.416352535294345039e+01,-3.749039404690965416e+00,-0.000000000000000000e+00,-9.314945348746501708e-01,3.637525690612597451e-01,9.067427692929703653e+01
-2.507450747375102207e+00,1.412538664187674442e+01,-3.239296790040465890e+00,-0.000000000000000000e+00,-9.538774426344087676e-01,3.001929786541589484e-01,9.223936246799087257e+01
-2.885535444785479520e+00,1.405833513703751869e+01,-2.718709620508790614e+00,-0.000000000000000000e+00,-9.719289595357005762e-01,2.352702650482571822e-01,9.380444800668470862e+01
-3.250240890057122467e+00,1.396355442132600366e+01,-2.188510461384186367e+00,-0.000000000000000000e+00,-9.855671169066080317e-01,1.692792310723174320e-01,9.536953354537854466e+01
-3.600115320401436225e+00,1.384222026698447650e+01,-1.649931943210288132e+00,-0.000000000000000000e+00,-9.947299864024495841e-01,1.025195305872719925e-01,9.693461908407238070e+01
-3.933839078454930860e+00,1.369548597588547167e+01,-1.104309587754551680e+00,-0.000000000000000000e+00,-9.993759612061536846e-01,3.529430780370865911e-02,9.849970462276621674e+01
-4.250763187652308872e+00,1.352443699868471505e+01,-5.533376491596679880e-01,-0.000000000000000000e+00,-9.994839449508544638e-01,-3.209117924849157893e-02,1.000647901614600528e+02
-4.551154336428619551e+00,1.333007800971861556e+01,8.807160107454320257e-04,-0.000000000000000000e+00,-9.950534475071132201e-01,-9.933094484754502462e-02,1.016298757001538888e+02
-4.834219432843877229e+00,1.311466294146636535e+01,5.529773171855290048e-01,0.000000000000000000e+00,-9.879499248310910087e-01,-1.547673932907643879e-01,1.031863400243953208e+02
-5.102451600155660572e+00,1.287810088503937678e+01,1.103611147182776753e+00,0.000000000000000000e+00,-9.777603779222936442e-01,-2.097203932982038277e-01,1.047428043486367528e+02
-5.356629481953467220e+00,1.262121094165936341e+01,1.650345486552285523e+00,0.000000000000000000e+00,-9.645166366302155847e-01,-2.640182903958689931e-01,1.062992686728781848e+02
-5.597521072897939654e+00,1.234481615804163646e+01,2.190743642026596216e+00,0.000000000000000000e+00,-9.482600710135818955e-01,-3.174914766122928778e-01,1.078557329971196168e+02
-5.825883709765387941e+00,1.204974347537930690e+01,2.722368962883542132e+00,0.000000000000000000e+00,-9.290414620849311023e-01,-3.699729202622026869e-01,1.094121973213610488e+02
-6.042464062597186825e+00,1.173682367829114703e+01,3.242784857308578683e+00,0.000000000000000000e+00,-9.069208431616497812e-01,-4.212986876781308343e-01,1.109686616456024808e+02
-6.247998125954067561e+00,1.140689134373357128e+01,3.749554808756822677e+00,0.000000000000000000e+00,-8.819673123195357345e-01,-4.713084552607814115e-01,1.125251259698439128e+02
-6.443211210275380907e+00,1.106078478987712010e+01,4.240242392314708120e+00,0.000000000000000000e+00,-8.542588165353486307e-01,-5.198460102493447366e-01,1.140815902940853448e+02
-6.628817933343359670e+00,1.069934602494791420e+01,4.712411291061176399e+00,0.000000000000000000e+00,-8.238819081931257893e-01,-5.667597386482797761e-01,1.156380546183267768e+02
-6.805511801936820149e+00,1.032344492547280623e+01,5.163598701404130686e+00,0.000000000000000000e+00,-7.909314747152278446e-01,-6.119030987872772220e-01,1.171944222689684096e+02
-6.973998008399601822e+00,9.933909026267004450e+00,5.591399690935358713e+00,0.000000000000000000e+00,-7.555104421628882072e-01,-6.551350790360469523e-01,1.187507899196100425e+02
-7.134958873795023138e+00,9.531590886578820587e+00,5.993378969887560359e+00,0.000000000000000000e+00,-7.177294537321976531e-01,-6.963206382450912724e-01,1.203071575702516753e+02
-7.289525446521584406e+00,9.117457457259547482e+00,6.367311857109338114e+00,0.000000000000000000e+00,-6.777065241497217674e-01,-7.353311275375870038e-01,1.218635252208933082e+02
-7.439735164663651368e+00,8.692704156993189102e+00,6.711394730244084172e+00,0.000000000000000000e+00,-6.355666710470780911e-01,-7.720446921357236869e-01,1.234198928715349410e+02
-7.588069719852240880e+00,8.258648732744553911e+00,7.024034602599488863e+00,0.000000000000000000e+00,-5.914415244655650827e-01,-8.063466519671650401e-01,1.249762605221765739e+02
-7.736994689718803997e+00,7.816621888186679357e+00,7.303638698602602730e+00,0.000000000000000000e+00,-5.454689157101176855e-01,-8.381298598635067432e-01,1.265326281728182067e+02
-7.907465803729404108e+00,7.314191267872662827e+00,7.572516452723796476e+00,0.000000000000000000e+00,-4.977924468362460164e-01,-8.672950362325079210e-01,1.282727084499910291e+02
-8.085382269816969725e+00,6.804610759767153461e+00,7.790933480179748294e+00,3.715559544571894746e-04,-6.614765964333186865e-01,-7.499643820322698939e-01,1.300127887271638372e+02
-8.273464508028595787e+00,6.290240422816649968e+00,7.957658651402460315e+00,7.280419089018962554e-04,-7.983317875065788494e-01,-6.022157644990382419e-01,1.317528690043366453e+02
-8.473265633387578433e+00,5.773720366255193248e+00,8.072714239011327564e+00,1.054999198381827499e-03,-9.028073140215175929e-01,-4.300416732421970534e-01,1.334929492815094534e+02
-8.666690048614640318e+00,5.300118927699034366e+00,8.135932924232509578e+00,5.344220747999937904e-02,-8.994440984772887893e-01,-4.337536676208780251e-01,1.350904895690720480e+02
-8.868671884162999675e+00,4.829544736385899206e+00,8.162268556296526256e+00,1.056814066043991335e-01,-8.935898588038670987e-01,-4.362643745958679209e-01,1.366880298566346426e+02
-9.078559166235741884e+00,4.364282121220390387e+00,8.153515732803681360e+00,1.576279193844064841e-01,-8.852608084164100832e-01,-4.375668407374940783e-01,1.382855701441972371e+02
-9.295672014577995412e+00,3.906611844210662987e+00,8.111469299567261260e+00,2.091378792325386260e-01,-8.744800147418644309e-01,-4.376574588507641805e-01,1.398831104317598317e+02
-9.519302651263924275e+00,3.458810963718279563e+00,8.037924337911817929e+00,2.600686285991778979e-01,-8.612773353343072813e-01,-4.365359779657339567e-01,1.414806507193224263e+02
-9.748715409770635887e+00,3.023152697745541850e+00,7.934676151970197822e+00,3.102791140623550881e-01,-8.456893351846072049e-01,-4.342055040326134319e-01,1.430781910068850209e+02
-9.983146744338936784e+00,2.601906287261475548e+00,7.803520255979402798e+00,3.596302769750003292e-01,-8.277591854540876648e-01,-4.306724913200100646e-01,1.446757312944476155e+02
-1.022180523962089183e+01,2.197336859567664114e+00,7.646252361575316847e+00,4.079854385878168288e-01,-8.075365439126277467e-01,-4.259467245401283297e-01,1.462732715820102101e+02
-1.046387162061411225e+01,1.811705291705125509e+00,7.464668365086403412e+00,4.552106785812327083e-01,-7.850774174122931992e-01,-4.200412917504172117e-01,1.478708118695728047e+02
-1.070849876288274416e+01,1.447268073903420271e+00,7.260564334826408839e+00,5.011752059581285890e-01,-7.604440067773413636e-01,-4.129725481067038628e-01,1.494683521571353992e+02
-1.095481170306504026e+01,1.106277173073181963e+00,7.035736498386165216e+00,5.457517212701895604e-01,-7.337045345401321805e-01,-4.047600705681798638e-01,1.510658924446979938e+02
-1.120190764966752184e+01,7.909798963432596031e-01,6.791981229924537011e+00,5.888167691747308030e-01,-7.049330559999805734e-01,-3.954266036796648121e-01,1.526634327322605884e+02
-1.144885599414558897e+01,5.036187546436663443e-01,6.531095037458594099e+00,6.302510803456006228e-01,-6.742092541281730078e-01,-3.849979965812808658e-01,1.542609730198231830e+02
-1.169469832227058248e+01,2.464313263355192019e-01,6.254874550153081358e+00,6.699399017912568421e-01,-6.416182188871005776e-01,-3.735031314199637742e-01,1.558585133073857776e+02
-1.193844842578318932e+01,2.165012088916301591e-02,5.965116505609229236e+00,7.077733146651995488e-01,-6.072502115746285511e-01,-3.609738433610473196e-01,1.574560535949483722e+02
-1.216908612046431770e+01,-1.618770698432054067e-01,5.676779559836239386e+00,7.436465386885710016e-01,-5.712004148462983544e-01,-3.474448324214257089e-01,1.589860407082639995e+02
-1.239622419757577454e+01,-3.133237497990451481e-01,5.379957325489517217e+00,7.774602223418066727e-01,-5.335686691076183541e-01,-3.329535673684380082e-01,1.605160278215796268e+02
-1.261917625171149027e+01,-4.315672275026855020e-01,5.077113196274912532e+00,8.091207180216223316e-01,-4.944591960064579905e-01,-3.175401819506069034e-01,1.620460149348952541e+02
-1.283731266032052609e+01,-5.157357305071578191e-01,4.771027798188795188e+00,8.385403414012494450e-01,-4.539803097912871732e-01,-3.012473637475903132e-01,1.635760020482108814e+02
-1.304999322130472450e+01,-5.649605807285852377e-01,4.464481778213102992e+00,8.656376142755789482e-01,-4.122441173346134691e-01,-2.841202359471548533e-01,1.651059891615265087e+02
-1.325656715970522725e+01,-5.783762441551125733e-01,4.160255786269412503e+00,8.903374902185903217e-01,-3.693662076523760440e-01,-2.662062323765698180e-01,1.666359762748421360e+02
-1.345637313448910710e+01,-5.551203805289092186e-01,3.861130457173004515e+00,9.125715624280613669e-01,-3.254653317791396105e-01,-2.475549661345021191e-01,1.681659633881577633e+02
-1.364853635563076928e+01,-4.948170191632469406e-01,3.569624192517260042e+00,9.322782531818558649e-01,-2.806630738856677465e-01,-2.282180921872256629e-01,1.696959505014733907e+02
-1.383177335010062414e+01,-3.980611216285209752e-01,3.287730944260165877e+00,9.494029843810329883e-01,-2.350835145497046086e-01,-2.082491643096739120e-01,1.712259376147890180e+02
-1.400460633592208737e+01,-2.659375411215645357e-01,3.017182401854393792e+00,9.638983287073852324e-01,-1.888528871125395581e-01,-1.877034867675305141e-01,1.727559247281046453e+02
-1.416556995202117619e+01,-9.953854420898201882e-02,2.759710181079620295e+00,9.757241409767098972e-01,-1.420992280730917767e-01,-1.666379611511271952e-01,1.742859118414202726e+02
-1.431722772852670289e+01,1.070828415564856889e-01,2.510220263792310114e+00,9.848476693239625046e-01,-9.495202248776769827e-02,-1.451109287853436514e-01,1.758621488341017027e+02
-1.445271259212569070e+01,3.487155189804765354e-01,2.278872813826705368e+00,9.912436459123054044e-01,-4.754184535818778423e-02,-1.231820091519642973e-01,1.774383858267831329e+02
-1.457041654256786423e+01,6.241040745785145782e-01,2.067618155490412057e+00,9.948943569147749022e-01,-0.000000000000000000e+00,-1.009119347719947962e-01,1.790146228194645630e+02
-1.466874607260022678e+01,9.319847663515202774e-01,1.878406474637678958e+00,9.910969489116435716e-01,9.046685146403370126e-02,-9.767592662950477789e-02,1.805908598121459931e+02
-1.474612218735474301e+01,1.271085593786158263e+00,1.713187805236386918e+00,9.791634716667118044e-01,1.801910244683155582e-01,-9.363808228259860866e-02,1.821670968048274233e+02
-1.480096972861661619e+01,1.639879336612149352e+00,1.573349679375806387e+00,9.591918924675847391e-01,2.684359687353118917e-01,-8.883154908360145485e-02,1.837433337975088534e+02
-1.483171072965662951e+01,2.036336524258890890e+00,1.459154781149344160e+00,9.313461612187181604e-01,3.544772775476765503e-01,-8.329578431431597374e-02,1.853195707901902836e+02
-1.483678117541412433e+01,2.458172457455896520e+00,1.370303281406495044e+00,8.958548646072514998e-01,4.376086335129648619e-01,-7.707623131234650482e-02,1.868958077828717137e+02
-1.481464373199128204e+01,2.903094326805105041e+00,1.306495176379841583e+00,8.530093499284799874e-01,5.171476058859961755e-01,-7.022394648289888297e-02,1.884720447755531438e+02
-1.475510813727385262e+01,3.418876852536909983e+00,1.266336673840656735e+00,7.294162694258644608e-01,5.001404990655842209e-01,4.667005325586329745e-01,1.902100892378177832e+02
-1.465507257666985375e+01,3.959128898263186702e+00,1.258906888661473822e+00,8.017773617300105737e-01,4.599983852868924639e-01,3.815134961577203443e-01,1.919481337000824226e+02
-1.451238900154221767e+01,4.520425274250388981e+00,1.283761512224827817e+00,8.628298692137149617e-01,4.133682948185682937e-01,2.909454753582030317e-01,1.936861781623470620e+02
-1.432495298071040324e+01,5.099328455314172892e+00,1.340455965464246502e+00,9.117127004605550811e-01,3.609079129554519927e-01,1.962738652625480584e-01,1.954242226246117013e+02
-1.409138205279074896e+01,5.691998504147139037e+00,1.428357335059985633e+00,9.477364035773756523e-01,3.033571533846364243e-01,9.883393559168866804e-02,1.971622670868763407e+02
-1.381170111440352777e+01,6.293808320993716343e+00,1.546456311211770407e+00,9.703928888887151105e-01,2.415277234479124846e-01,0.000000000000000000e+00,1.989003115491409801e+02
-1.353150061951224536e+01,6.824361435688382826e+00,1.672412838748363217e+00,9.925051440274124115e-01,1.216752594869475734e-01,-1.125479021975876737e-02,2.004224916521187083e+02
-1.322110326703448280e+01,7.354617783178848178e+00,1.817145059287502029e+00,9.997494087536581420e-01,0.000000000000000000e+00,-2.234098678766239035e-02,2.019446717550964365e+02
-1.288102807934873972e+01,7.881630876682919506e+00,1.979948069847556003e+00,9.969861595784544894e-01,-0.000000000000000000e+00,-7.756673004060829490e-02,2.034668518580741647e+02
-1.251182745446634748e+01,8.402456972568858262e+00,2.160116851324836329e+00,9.911746009736174257e-01,-0.000000000000000000e+00,-1.325553106630943945e-01,2.049890319610518929e+02
-1.211408715951202275e+01,8.914155226040723079e+00,2.356946273021604199e+00,9.823325020511709527e-01,-0.000000000000000000e+00,-1.871385994767004179e-01,2.065112120640296212e+02
-1.168842632389376135e+01,9.413787846797042391e+00,2.569731097174619006e+00,9.704868979257099681e-01,-0.000000000000000000e+00,-2.411497065201771428e-01,2.080333921670073494e+02
-1.123584578001465140e+01,9.898471637586828464e+00,2.797531022546648760e+00,9.556740070514784247e-01,-0.000000000000000000e+00,-2.944234913291232658e-01,2.095555722699850776e+02
-1.075807559944066050e+01,1.036543192127997237e+01,3.038935729528083662e+00,9.379391204765069601e-01,-0.000000000000000000e+00,-3.467970678654084815e-01,2.110777523729628058e+02
-1.025722552412061184e+01,1.081195489167573953e+01,3.292299850133319605e+00,9.173364633557341552e-01,-0.000000000000000000e+00,-3.981103025523384242e-01,2.125999324759405340e+02
-9.735436193606325617e+00,1.123533757039409942e+01,3.555977939507166230e+00,8.939290291467730798e-01,-0.000000000000000000e+00,-4.482063038925980236e-01,2.141221125789182622e+02
-9.200234673165198274e+00,1.162931877105340739e+01,3.825634275861287570e+00,8.677883869955370644e-01,-0.000000000000000000e+00,-4.969319021717951701e-01,2.156296513008473710e+02
-8.648907377758256132e+00,1.199560860784597516e+01,4.102128053299828103e+00,8.389944629009361554e-01,-0.000000000000000000e+00,-5.441381177807755876e-01,2.171371900227764797e+02
-8.083602387229690933e+00,1.233163848714338862e+01,4.383876059092821187e+00,8.076352953280416802e-01,-0.000000000000000000e+00,-5.896806167247362618e-01,2.186447287447055885e+02
-7.506497124642262264e+00,1.263485067844906595e+01,4.669295047357890915e+00,7.738067660172487372e-01,-0.000000000000000000e+00,-6.334201519263887858e-01,2.201522674666346973e+02
-6.919798331528300928e+00,1.290269845001656179e+01,4.956801749034932314e+00,7.376123068128038751e-01,-0.000000000000000000e+00,-6.752229889739105317e-01,2.216598061885638060e+02
-6.325999510571822526e+00,1.313291058842168013e+01,5.244635663689818372e+00,6.991625834073762480e-01,-0.000000000000000000e+00,-7.149613150120335270e-01,2.231673449104929148e+02
-5.728134245952405834e+00,1.332375766093010405e+01,5.530681852434989665e+00,6.585751569699158647e-01,-0.000000000000000000e+00,-7.525136295262088160e-01,2.246748836324220235e+02
-5.129512522072935177e+00,1.347379035752124743e+01,5.812648169425833622e+00,6.159741246916301538e-01,-0.000000000000000000e+00,-7.877651158251942620e-01,2.261824223543511323e+02
-4.533461158423084392e+00,1.358157606297632114e+01,6.088242494473823818e+00,5.714897403493492956e-01,-0.000000000000000000e+00,-8.206079920864638444e-01,2.276899610762802411e+02
-3.938135413667210649e+00,1.364587622857929894e+01,6.357460587553217302e+00,5.252580160465959436e-01,-0.000000000000000000e+00,-8.509418408913616005e-01,2.292109509346885829e+02
-3.352367794500491716e+00,1.366390403933257502e+01,6.615405868103811926e+00,4.774203063501906152e-01,-0.000000000000000000e+00,-8.786739162427175120e-01,2.307319407930969248e+02
-2.779657763765920997e+00,1.363422768436863031e+01,6.859703486534041161e+00,4.281228760939923550e-01,-0.000000000000000000e+00,-9.037194271265100998e-01,2.322529306515052667e+02
-2.223522223399459818e+00,1.355543313167394892e+01,7.087978680732296866e+00,3.775164531712743576e-01,-0.000000000000000000e+00,-9.260017967508881176e-01,2.337739205099136086e+02
-1.687495473701694504e+00,1.342612420952329622e+01,7.297856791298213075e+00,3.257557676830670768e-01,-0.000000000000000000e+00,-9.454528966702341330e-01,2.352949103683219505e+02
-1.175061707997932414e+00,1.324527589750597478e+01,7.487055749822424389e+00,2.729990788514771727e-01,-0.000000000000000000e+00,-9.620132550787386938e-01,2.368159002267302924e+02
-6.895282313106384509e-01,1.301276475597971682e+01,7.653520866861716065e+00,2.194076911443422206e-01,-0.000000000000000000e+00,-9.756322386369131738e-01,2.383368900851386343e+02
-2.331420636336084540e-01,1.272971068989691545e+01,7.795526965860532620e+00,1.651454610905283005e-01,-0.000000000000000000e+00,-9.862682072753730100e-01,2.398578799435469762e+02
1.936900398924509825e-01,1.239845763866530604e+01,7.911695914380619143e+00,1.103782962935904444e-01,-0.000000000000000000e+00,-9.938886415028178600e-01,2.413788698019553181e+02
5.935563244636749003e-01,1.201950682546557303e+01,8.001144895605445839e+00,5.527364817534036190e-02,-0.000000000000000000e+00,-9.984702418291628856e-01,2.429084228855762433e+02
9.644422301325220603e-01,1.159738249123656217e+01,8.061818196140116299e+00,0.000000000000000000e+00,-0.000000000000000000e+00,-9.999989999999997492e-01,2.444379759691971685e+02
1.306933312674734893e+00,1.113500600211688152e+01,8.092462672886297170e+00,-0.000000000000000000e+00,-8.566789209172613606e-02,-9.963227450202754021e-01,2.459675290528180938e+02
1.621648417773375872e+00,1.063529538878720260e+01,8.091825377467053215e+00,-2.099658448266646937e-01,-7.816913354329937946e-02,-9.745778217099332341e-01,2.474970821364390190e+02
1.909239672295565349e+00,1.010116519043039851e+01,8.058653564354781196e+00,-4.105640770512494764e-01,-6.718287490826635455e-02,-9.093522969431550029e-01,2.490266352200599442e+02
2.170392475256331721e+00,9.535526298727605266e+00,7.991694698998163204e+00,-5.928450566701923830e-01,-5.319926667465060127e-02,-8.035562063780846698e-01,2.505561883036808695e+02
2.405825488469614637e+00,8.941285801891368124e+00,7.889696465948095039e+00,-7.486763678567478486e-01,-3.684218453744986244e-02,-6.619096234782280153e-01,2.520857413873017947e+02
2.616290626886485615e+00,8.321346828737199885e+00,7.751406776982538993e+00,-8.711056381762488643e-01,-1.884139550543354261e-02,-4.907320745118073924e-01,2.536152944709227199e+02
2.802397168844811493e+00,7.678691095715882931e+00,7.576472731289217499e+00,-9.546707119072137537e-01,-0.000000000000000000e+00,-2.976605983803999322e-01,2.551448475545436452e+02
2.964437172752354854e+00,7.016462664365736401e+00,7.366339569815369082e+00,-9.978448059123020686e-01,-0.000000000000000000e+00,-6.560292149516534776e-02,2.566744006381645704e+02
3.102563309849414086e+00,6.337886890565858522e+00,7.123351713834934706e+00,-9.978448052112262046e-01,-0.000000000000000000e+00,-6.560292144907337031e-02,2.582039537217855241e+02
3.216965393931506156e+00,5.646188154777398438e+00,6.849853797682864176e+00,-9.978448052109765154e-01,-0.000000000000000000e+00,-6.560292144905695289e-02,2.597335068054064777e+02
3.307870378585758164e+00,4.944589687864773708e+00,6.548190653547302453e+00,-6.919614766686007501e-01,-5.516019876827403801e-01,-4.657494626864188692e-01,2.612630598890274314e+02
3.375542354077778917e+00,4.236313396928742314e+00,6.220707296260824748e+00,-0.000000000000000000e+00,-7.954388900879857394e-01,-6.060321543758073748e-01,2.627926129726483850e+02
3.420282543889022975e+00,3.524579691152769367e+00,5.869748908090773654e+00,5.550377126825583457e-02,-8.133022922592949566e-01,-5.791862505121609939e-01,2.643221660562693387e+02
3.442433732182536232e+00,2.790948367221336657e+00,5.485686546289314514e+00,1.107788428973447148e-01,-8.278144987463721405e-01,-5.499538195459013901e-01,2.658984041020726750e+02
3.440365564404408438e+00,2.060687353479444983e+00,5.081145861068536718e+00,1.655974553744666289e-01,-8.389157118770401711e-01,-5.184553125784229222e-01,2.674746421478760112e+02
3.414545285890900228e+00,1.337421938830784862e+00,4.658772160102540916e+00,2.197337298947843187e-01,-8.465601887900345845e-01,-4.848205180308409745e-01,2.690508801936793475e+02
3.365483277929500971e+00,6.247748494880766001e-01,4.221210873863238788e+00,2.729645990748906237e-01,-8.507164299355108872e-01,-4.491880268784774755e-01,2.706271182394826837e+02
3.293733051487254038e+00,-7.363395950114402788e-02,3.771107537400033127e+00,3.250707260870991377e-01,-8.513673088906262842e-01,-4.117046616141025739e-01,2.722033562852860200e+02
3.199891240507897194e+00,-7.541875127019160852e-01,3.311107772118964121e+00,3.758374084276994154e-01,-8.485101429543904228e-01,-3.725248712918884375e-01,2.737795943310893563e+02
3.084597594777855001e+00,-1.413272022710652109e+00,2.843857267561410218e+00,4.250554625954320320e-01,-8.421567042299566985e-01,-3.318100951439098001e-01,2.753558323768926925e+02
2.948534972361121387e+00,-2.047277098543578422e+00,2.372001763182434608e+00,4.725220860348730567e-01,-8.323331711476390504e-01,-2.897280973906036783e-01,2.769320704226960288e+02
2.792220232459067031e+00,-2.652672166048603675e+00,1.898498948706885958e+00,5.180416927928841453e-01,-8.190800206273057826e-01,-2.464522759854131939e-01,2.785083084684993651e+02
2.615793880758156664e+00,-3.226081400788177955e+00,1.426930362336414460e+00,5.614267194443903763e-01,-8.024518613233732056e-01,-2.021609481413852161e-01,2.800845465143027013e+02
2.419227293495369135e+00,-3.764205485573451693e+00,9.611894475025677398e-01,6.024983979660541999e-01,-7.825172086384195591e-01,-1.570366155833202160e-01,2.816607845601060376e+02
2.202531193314736679e+00,-4.263744846971150970e+00,5.051696074710363416e-01,6.410874923724440011e-01,-7.593582024314461387e-01,-1.112652125527877900e-01,2.832370226059093739e+02
1.965755650404687138e+00,-4.721399845489028912e+00,6.276417852411918241e-02,6.770349960784605159e-01,-7.330702685830430276e-01,-6.503533966456907789e-02,2.848132606517127101e+02
1.708990083241973101e+00,-5.133870965765424899e+00,-3.621335968564667884e-01,7.101927871135105264e-01,-7.037617258111906748e-01,-1.853748677157341859e-02,2.863894986975160464e+02
1.432363258942193740e+00,-5.497859006761323108e+00,-7.656305968062923073e-01,7.404242384865218352e-01,-6.715533393571877507e-01,2.803675195926564473e-02,2.879657367433193826e+02
1.149778726284537589e+00,-5.799706800604837120e+00,-1.127683244833645793e+00,7.676047811856627767e-01,-6.365778233803115471e-01,7.449546752534057237e-02,2.894730207584943855e+02
8.500622558760737579e-01,-6.057889248925703463e+00,-1.461333403550312271e+00,7.916224174918126133e-01,-5.989792941113627478e-01,1.206472268672863085e-01,2.909803047736693884e+02
5.333406164144468553e-01,-6.274063013670438949e+00,-1.760296220508697829e+00,8.123781824896239012e-01,-5.589126760183581455e-01,1.663018616893031654e-01,2.924875887888443913e+02
1.997203812913763699e-01,-6.449885125285026888e+00,-2.018287061769498791e+00,8.297865518735547674e-01,-5.165430634314657210e-01,2.112712520696995444e-01,2.939948728040193942e+02
-1.507120714264708894e-01,-6.587012889157487727e+00,-2.229021551491109143e+00,8.437757943676799099e-01,-4.720450402580048110e-01,2.553701016318771222e-01,2.955021568191943970e+02
-5.168447320025676417e-01,-6.687111680418259319e+00,-2.387851973174727860e+00,8.542882673064632337e-01,-4.256019605912249038e-01,2.984167010807245446e-01,2.970094408343693999e+02
-8.951933633128789092e-01,-6.751872864082068659e+00,-2.494117509998587945e+00,8.612806541580732000e-01,-3.774051931778720781e-01,3.402336769573390263e-01,2.985167248495444028e+02
-1.280646674735571811e+00,-6.783021533930740254e+00,-2.550221736722614096e+00,8.647241430112461158e-01,-3.276533328586179183e-01,3.806487225259423401e-01,3.000240088647194057e+02
-1.667813190403114376e+00,-6.782312126022531196e+00,-2.559282393488798490e+00,8.646045452901817141e-01,-2.765513822316162384e-01,4.194953077805582131e-01,3.015312928798944085e+02
-2.051322206949417470e+00,-6.751526323802538698e+00,-2.524417516779028148e+00,8.609223542084610825e-01,-2.243099069122238554e-01,4.566133656451617506e-01,3.030385768950694114e+02
-2.472802689366726536e+00,-6.680617660584153406e+00,-2.432785315520868075e+00,8.536927427214934250e-01,-1.711441678707338598e-01,4.918499515392416033e-01,3.047433101327286522e+02
-2.872560229507855389e+00,-6.572048560474891055e+00,-2.287220613051705875e+00,8.429455009864952331e-01,-1.172732344244235836e-01,5.250598735906109038e-01,3.064480433703878930e+02
-3.241916663595690640e+00,-6.428875619376950290e+00,-2.092826543979779963e+00,8.287249135884379170e-01,-6.291908153986287833e-02,5.561062908984311104e-01,3.081527766080471338e+02
-3.572805922030232395e+00,-6.254077616329342781e+00,-1.854867985824133259e+00,8.110895770387483994e-01,-8.305675165998392326e-03,5.848612773812322807e-01,3.098575098457063746e+02
-3.858345083506873330e+00,-6.050423433044696431e+00,-1.578932866053198492e+00,7.901121582997652215e-01,4.634195063228642442e-02,6.112063488867093275e-01,3.115622430833656153e+02
-4.092257967984304301e+00,-5.820592741602595765e+00,-1.270770767597067197e+00,7.769539401439642390e-01,5.152525090952757569e-01,3.617394459645526528e-01,3.132669763210248561e+02
-4.272188855525782536e+00,-5.559439199116290808e+00,-9.273074245255036319e-01,5.444735451970971196e-01,8.387152994147167862e-01,1.015899151411694436e-02,3.150181765463907482e+02
-4.385903948465118773e+00,-5.275238770938963206e+00,-5.647303145706193961e-01,5.119469839145299739e-01,8.590019654164120499e-01,4.889690251953207785e-03,3.167693767717566402e+02
-4.429934302309055383e+00,-4.971874071214741342e+00,-1.907707350399570345e-01,4.786538930471311293e-01,8.780024492871795205e-01,-3.869314015151160491e-04,3.185205769971225322e+02
-4.400866220789127148e+00,-4.653996787150034287e+00,1.890113908719136537e-01,4.446441221096030239e-01,8.956883025982619317e-01,-5.662972854429119962e-03,3.202717772224884243e+02
-4.295344694322680290e+00,-4.326278536502211836e+00,5.698848216328598060e-01,4.099685935884969101e-01,9.120330452832147161e-01,-1.093053439507499745e-02,3.220229774478543163e+02
-4.111167352091750438e+00,-3.993102728980672200e+00,9.468944402143556482e-01,3.746792267002568289e-01,9.270122052729705686e-01,-1.618172901870866889e-02,3.237741776732202084e+02
-3.891919697120982402e+00,-3.703065504306638278e+00,1.266817779358897722e+00,3.388288596587003543e-01,9.406033551255456038e-01,-2.140869423521280998e-02,3.252908527656690012e+02
-3.622125886152840923e+00,-3.413982368756963037e+00,1.577554902925084379e+00,3.024711705678694851e-01,9.527861455951339709e-01,-2.660360383993436509e-02,3.268075278581177940e+02
-3.302467440311478430e+00,-3.127801894631530910e+00,1.875939999145842529e+00,2.656605970585973475e-01,9.635423360904818990e-01,-3.175867963010087225e-02,3.283242029505665869e+02
-2.933646399816012273e+00,-2.846469119403477688e+00,2.158807335025929586e+00,2.284522547890004140e-01,9.728558219770766513e-01,-3.686620304929590086e-02,3.298408780430153797e+02
-2.516858715168106553e+00,-2.571924611873381838e+00,2.423473057596357894e+00,1.909018549307921198e-01,9.807126586824008729e-01,-4.191852674258336048e-02,3.313575531354641726e+02
-2.054447252182695305e+00,-2.306099977283659452e+00,2.668559434479861991e+00,1.530656207648161127e-01,9.871010825682675627e-01,-4.690808600500399189e-02,3.328742282279129654e+02
-1.549607983456741556e+00,-2.050912194193309723e+00,2.893855523995976231e+00,1.150002035105223558e-01,9.920115285390770365e-01,-5.182741010632795770e-02,3.343909033203617582e+02
-1.005736930399380391e+00,-1.808261223772219983e+00,3.099492953054705069e+00,7.676259751524443231e-02,9.954366443597051362e-01,-5.666913347513206217e-02,3.359075784128105511e+02
-4.262505030308239573e-01,-1.580029626317137614e+00,3.285603473930004625e+00,3.841005493008711746e-02,9.973713016616346794e-01,-6.142600672548070156e-02,3.374242535052593439e+02
1.854145404086426641e-01,-1.368082466729088065e+00,3.452318963417267739e+00,0.000000000000000000e+00,9.978126036208867511e-01,-6.609090750972429484e-02,3.389409285977081367e+02
8.258011340369241227e-01,-1.174267220152158009e+00,3.599771421990243692e+00,-6.760899439248474474e-02,9.955338173800990509e-01,-6.587444369132303135e-02,3.404576036901569296e+02
1.501696522724612848e+00,-9.981284261215862541e-01,3.729716248845472482e+00,-1.349085951718919651e-01,9.886992443480119297e-01,-6.535652359332418115e-02,3.419968929740075509e+02
2.200260917734652377e+00,-8.447440111354458381e-01,3.839802094011262934e+00,-2.015908246422775663e-01,9.773401609089084063e-01,-6.453951732364426874e-02,3.435361822578581723e+02
2.917688220745242589e+00,-7.158328912353603135e-01,3.930167777811255814e+00,-2.673505302895942126e-01,9.615085485135294041e-01,-6.342716366849834864e-02,3.450754715417087937e+02
3.650006844665842021e+00,-6.127257600268192217e-01,4.000948992714750574e+00,-3.318867812049832167e-01,9.412768558135714558e-01,-6.202455298377747978e-02,3.466147608255594150e+02
4.393157527764665282e+00,-5.365484320400795148e-01,4.052279931132961366e+00,-3.949042451920927732e-01,9.167376671373976826e-01,-6.033810390158310388e-02,3.481540501094100364e+02
5.143068215862968806e+00,-4.884057101336892748e-01,4.084294913225333445e+00,-4.561145402573380525e-01,8.880032788242115949e-01,-5.837553395852209531e-02,3.496933393932606577e+02
5.895654111553492172e+00,-4.693813252450672047e-01,4.097128386016489543e+00,-5.152375542990834667e-01,8.552051853546145388e-01,-5.614582428011519882e-02,3.512326286771112791e+02
6.646817723540397793e+00,-4.805378763403722608e-01,4.090914922512536300e+00,-5.720027269570709949e-01,8.184934776281299618e-01,-5.365917848286485409e-02,3.527719179609619005e+02
7.392448916100439860e+00,-5.229167705641504238e-01,4.065789220816766303e+00,-6.261502877563607239e-01,7.780361561402412418e-01,-5.092697598198406284e-02,3.543112072448125218e+02
8.128424958665073419e+00,-5.975381635892429433e-01,4.021886103244732169e+00,-6.774324448798465514e-01,7.340183622008790154e-01,-4.796171991838665133e-02,3.558504965286631432e+02
8.970611654450980410e+00,-7.309841877144331868e-01,3.944591761032286925e+00,-7.256145191290988006e-01,6.866415307113636901e-01,-4.477697994316316710e-02,3.576534553753088517e+02
9.783664562327176739e+00,-9.184719202574396224e-01,3.837955163128125680e+00,-7.704760178839122897e-01,6.361224683758300857e-01,-4.138733012130396682e-02,3.594564142219545602e+02
1.044123163911845964e+01,-1.114596806798596296e+00,3.728353449016226673e+00,-8.118116441452963850e-01,5.826923615644843402e-01,-3.780828223877272243e-02,3.609686496425010205e+02
1.107620316880509748e+01,-1.342418973411120042e+00,3.603077645429840103e+00,-8.494322360435425656e-01,5.265957183681031495e-01,-3.405621481807812739e-02,3.624808850630474808e+02
1.168703054068354064e+01,-1.600719324060080551e+00,3.463035946309271029e+00,-8.831656325110565087e-01,4.680892496845168727e-01,-3.014829816714174882e-02,3.639931204835939411e+02
1.227243910136159144e+01,-1.887964677633500621e+00,3.309161354166765268e+00,-9.128574611574158393e-01,4.074406944570141964e-01,-2.610241580442590817e-02,3.655053559041404014e+02
1.283117102009100030e+01,-2.202615531359125800e+00,3.142386959197448704e+00,-9.383718447400577478e-01,3.449275944403965011e-01,-2.193708261988245797e-02,3.670175913246868618e+02
1.336198530286507236e+01,-2.543126138716595541e+00,2.963645933363927121e+00,-9.595920229965039239e-01,2.808360241016070735e-01,-1.767136014623624934e-02,3.685298267452333221e+02
1.386365780636206146e+01,-2.907944587405233872e+00,2.773871524480495676e+00,-9.764208869913683086e-01,2.154592814674045342e-01,-1.332476932835576465e-02,3.700420621657797824e+02
1.433498125173433024e+01,-3.295512877366855164e+00,2.573997050296985112e+00,-9.887814235318129752e-01,1.490965459104788837e-01,-8.917201189926981728e-03,3.715542975863262427e+02
1.477476523824314647e+01,-3.704266998862972837e+00,2.364955892582280228e+00,-9.966170676167673825e-01,8.205150901691248000e-02,-4.468825806282409815e-03,3.730665330068727030e+02
1.518183625673910164e+01,-4.132637010605811234e+00,2.147681491207529714e+00,-9.998919613062319245e-01,1.463098480124521393e-02,-0.000000000000000000e+00,3.745787684274191633e+02
1.555503770298801847e+01,-4.579047117942510958e+00,1.923107338229082419e+00,-8.555062347852356863e-01,6.122994523235926467e-02,-5.141575401074535145e-01,3.760910038479656237e+02
1.589322989084232063e+01,-5.041915751091915254e+00,1.692166971971173828e+00,-8.864393515829339654e-01,5.411989909029963491e-02,-4.596676108739567446e-01,3.776032392685120840e+02
1.619529006525776538e+01,-5.519655643433337922e+00,1.455793971108393592e+00,-9.138474741616082753e-01,4.679464289295573454e-02,-4.033497928151691392e-01,3.791154746890585443e+02
1.646011241515548207e+01,-6.010673909846702578e+00,1.214921948747959446e+00,-9.376216156829491055e-01,3.928330573597342557e-02,-3.454280354773577311e-01,3.806277101096050046e+02
1.668660808612925095e+01,-6.513372125103439991e+00,9.704845465118302483e-01,-9.576672394080506523e-01,3.161575659603103883e-02,-2.861326659063725963e-01,3.821399455301514649e+02
1.687370519299791738e+01,-7.026146402307537286e+00,7.234154286186804672e-01,-9.739046345092183810e-01,2.382248557472608358e-02,-2.256994728876874079e-01,3.836521809506979253e+02
1.702706328324761387e+01,-7.582138306192194754e+00,4.582325183849019212e-01,-9.862692329573548022e-01,1.593448267490287645e-02,-1.643687694874397254e-01,3.852637783603646540e+02
1.713024644116305595e+01,-8.146251095837381939e+00,1.921988467371422982e-01,-9.947118662279085255e-01,7.983114590644125111e-03,-1.023844376159497860e-01,3.868753757700313827e+02
1.718194003032226647e+01,-8.716395246671989838e+00,-7.348129448401226338e-02,-9.991989608065342532e-01,0.000000000000000000e+00,-3.999295840626073545e-02,3.884869731796981114e+02
1.718147760754849074e+01,-9.290565494933897384e+00,-3.372898618092580736e-01,-9.968109263883879745e-01,-5.757590870005346124e-04,7.978499567049271435e-02,3.900985705893648401e+02
1.712946422578325567e+01,-9.866936810820595483e+00,-5.970813168926532022e-01,-9.801158512116229238e-01,-1.143254212702397594e-03,1.984177692993862874e-01,3.917101679990315688e+02
1.702714937015818109e+01,-1.044377998581153300e+01,-8.503963961375070602e-01,-9.493533661134574420e-01,-1.694340312945297839e-03,3.142026662208847188e-01,3.933217654086982975e+02
1.687580139051393147e+01,-1.101937267377257257e+01,-1.094775882581746629e+00,-9.049650002066427223e-01,-2.221107844882304685e-03,4.254778667348982357e-01,3.949333628183650262e+02
1.669159759496205098e+01,-1.155680141359547619e+01,-1.314092771174390384e+00,-8.475878438099091472e-01,-2.715996295123831224e-03,5.306462761482237944e-01,3.964452910387114457e+02
1.646919670156115956e+01,-1.209042685106198611e+01,-1.522296187754815122e+00,-8.220670833647167886e-01,1.569973874061371746e-02,5.691724067918055852e-01,3.979572192590578652e+02
1.621059752769027185e+01,-1.261895023077955003e+01,-1.718082329995989976e+00,-7.945119417628990766e-01,3.407662036692140489e-02,6.062899952514821944e-01,3.994691474794042847e+02
1.591813697706400710e+01,-1.314108949299481388e+01,-1.900347828231432556e+00,-7.649906103613918207e-01,5.236917110543512499e-02,6.419071864204431987e-01,4.009810756997507042e+02
1.559416531953938900e+01,-1.365557452407976236e+01,-2.067989398480221119e+00,-7.335761462116643372e-01,7.053212219216864476e-02,6.759358382642031149e-01,4.024930039200971237e+02
1.524104616343944940e+01,-1.416114721824253486e+01,-2.219903849438507937e+00,-7.003462912627965720e-01,8.852052560183377994e-02,7.082917399372092859e-01,4.040049321404435432e+02
1.486115642775518353e+01,-1.465656153912801329e+01,-2.354988089470596346e+00,-6.653832799718343294e-01,1.062898652780665393e-01,7.388948201704932384e-01,4.055168603607899627e+02
1.445688631422597048e+01,-1.514058358130774096e+01,-2.472139133599538408e+00,-6.287736357980598934e-01,1.237961672943701796e-01,7.676693454152195839e-01,4.070287885811363822e+02
1.403063927929865429e+01,-1.561199163165862913e+01,-2.570254110497233402e+00,-5.906079570847679872e-01,1.409961086732417490e-01,7.945441072520145198e-01,4.085407168014828017e+02
1.358483200596541174e+01,-1.606957623063005158e+01,-2.648230269473977661e+00,-5.509806928583613761e-01,1.578471245942726364e-01,8.194525986025033015e-01,4.100526450218292212e+02
1.312189437548057569e+01,-1.651214023339877457e+01,-2.704964987467447290e+00,-5.099899090995065887e-01,1.743075137260035046e-01,8.423331783071944523e-01,4.115645732421756406e+02
1.264426943895655953e+01,-1.693849887091132089e+01,-2.739355776031071166e+00,-4.677370460646250172e-01,1.903365414209576001e-01,8.631292236626056935e-01,4.130765014625220601e+02
1.215441338883903910e+01,-1.734747981081323331e+01,-2.750300288321763986e+00,-4.243266672581307297e-01,2.058945405185622635e-01,8.817892705403135301e-01,4.145884296828684796e+02
1.165479553026156267e+01,-1.773792321826478968e+01,-2.736696326086988762e+00,-3.798662006764450538e-01,2.209430095065860189e-01,8.982671407413078679e-01,4.161003579032148991e+02
1.114789825227972564e+01,-1.810868181664270438e+01,-2.697441846651110087e+00,-3.344656729639388093e-01,2.354447077982486647e-01,9.125220562705912419e-01,4.176122861235613186e+02
1.063621699898506989e+01,-1.845862094812732224e+01,-2.631434969901011112e+00,-2.882374371384662237e-01,2.493637478892933856e-01,9.245187402493042494e-01,4.191242143439077381e+02
1.007566571357926044e+01,-1.881411078563419892e+01,-2.526090035675242262e+00,-2.412958945600625071e-01,2.626656841670225728e-01,9.342275042146883646e-01,4.207732901472276126e+02
9.515850969347736665e+00,-1.913975944029367326e+01,-2.383044580590585326e+00,-1.937572118306157554e-01,2.753175981515727511e-01,9.416243215918521647e-01,4.224223659505474870e+02
8.959607434035211426e+00,-1.943405104581493603e+01,-2.201487802628740997e+00,-1.457390333248652914e-01,2.872881799585232931e-01,9.466908871554918781e-01,4.240714417538673615e+02
8.408280105098786095e+00,-1.969554989025501612e+01,-1.982104978016746122e+00,-9.736019006389895480e-02,2.985478057812725461e-01,9.494146623343573399e-01,4.257205175571872360e+02
7.862477941607546761e+00,-1.992285915210051783e+01,-1.726329562125239470e+00,-4.874040565137713332e-02,3.090686112014495168e-01,9.497889062462501197e-01,4.273695933605071104e+02
7.369075261401790478e+00,-2.010066275086839838e+01,-1.463362557059207703e+00,-0.000000000000000000e+00,3.188245601459435141e-01,9.478126923866299069e-01,4.288757430384844156e+02
6.880583629734828399e+00,-2.025037125871088506e+01,-1.175103717729817143e+00,2.499997836771186038e-05,7.954333117177004864e-01,6.060394755987238424e-01,4.303818927164617207e+02
6.396945151747794434e+00,-2.037142282129189041e+01,-8.635859803803068724e-01,1.936786418367252794e-05,8.840741041944281120e-01,4.673446029616499242e-01,4.318880423944390259e+02
5.917936224157852365e+00,-2.046338981303057381e+01,-5.311873892097326300e-01,1.321100716738158630e-05,9.487622191729625509e-01,3.159877391531597524e-01,4.333941920724163310e+02
5.443338475919812680e+00,-2.052584333098063851e+01,-1.802861197555276074e-01,6.696216770620437233e-06,9.877450420123313757e-01,1.560696380934988303e-01,4.349003417503936362e+02
4.972938771652887446e+00,-2.055835321906200264e+01,1.867395360626580847e-01,0.000000000000000000e+00,9.999663805102673164e-01,-8.076994996216304429e-03,4.364064914283709413e+02
4.506711131058644959e+00,-2.056069511039207853e+01,5.676642208162294700e-01,3.579472340070596892e-02,9.992447940701547626e-01,-1.505255121251086910e-02,4.379126411063482465e+02
4.044995423296104065e+00,-2.053305869946460760e+01,9.605685614787550231e-01,7.154181997190797726e-02,9.971937687349793356e-01,-2.200808008386436268e-02,4.394187907843255516e+02
3.588310613269315663e+00,-2.047584257465116409e+01,1.363686145579074971e+00,1.071937311607395749e-01,9.938160336143991858e-01,-2.893432785803964555e-02,4.409249404623028568e+02
3.098315425026628045e+00,-2.037911701457589331e+01,1.811920662606999244e+00,1.427030250794199262e-01,9.891160827900240538e-01,-3.582207974364240433e-02,4.425627224411393286e+02
2.616133100013141810e+00,-2.024560509405893072e+01,2.268546513175595081e+00,1.780224595941775623e-01,9.831001693336958169e-01,-4.266217216663686224e-02,4.442005044199758004e+02
2.142469616957023870e+00,-2.007587472121223016e+01,2.731093914273181156e+00,2.131050451616203767e-01,9.757762969881519366e-01,-4.944550495872191559e-02,4.458382863988122722e+02
1.678024184097993254e+00,-1.987049746815374363e+01,3.197093038813087595e+00,2.479041073291561592e-01,9.671542095204167522e-01,-5.616305346138594778e-02,4.474760683776487440e+02
1.223489230817454532e+00,-1.963004853703785102e+01,3.664074033997467783e+00,2.823733488165150463e-01,9.572453777620572035e-01,-6.280588052957608580e-02,4.491138503564852158e+02
7.795503993414578670e-01,-1.935510672605011706e+01,4.129567039681250940e+00,3.164669110959781873e-01,9.460629843535035555e-01,-6.936514841905047635e-02,4.507516323353216876e+02
3.468865365165333392e-01,-1.904625439536670939e+01,4.591102206736144886e+00,3.501394353895773692e-01,9.336219062126567270e-01,-7.583213054163545630e-02,4.523894143141581594e+02
-7.383031434154491146e-02,-1.870407743307875847e+01,5.046209715414560648e+00,3.833461230022983113e-01,9.199386947510225232e-01,-8.219822307278328022e-02,4.540271962929946312e+02
-4.686489848236705114e-01,-1.834273741896127419e+01,5.477802934851965233e+00,4.160427949111923374e-01,9.050315538635818058e-01,-8.845495639602041216e-02,4.556100760157245304e+02
-8.514637686971351371e-01,-1.795231238324734591e+01,5.899208382924764571e+00,2.874427047667676982e-01,7.465822331832318026e-01,-5.999913837471166911e-01,4.571929557384544296e+02
-1.221800835686363884e+00,-1.753350359395613722e+01,6.308551124383664721e+00,3.367753744779715674e-01,7.108055709667905342e-01,-6.175239164827316385e-01,4.587758354611843288e+02
-1.579385138783511833e+00,-1.708737651871459562e+01,6.704516055593567891e+00,3.847538420246276458e-01,6.721707042977711488e-01,-6.325733359315129922e-01,4.603587151839142280e+02
-1.924049844089479544e+00,-1.661517874454249366e+01,7.086068039725762269e+00,4.311851833791655597e-01,6.308329863348680622e-01,-6.450791276940393004e-01,4.619415949066441271e+02
-2.255642790527982111e+00,-1.611815856007532943e+01,7.452172040005197395e+00,4.758826955054658581e-01,5.869586383512579442e-01,-6.549910052692784479e-01,4.635244746293740263e+02
-2.574026490954069768e+00,-1.559756488438608102e+01,7.801793126896843233e+00,5.186666470508788374e-01,5.407240813963943848e-01,-6.622691122461833446e-01,4.651073543521039255e+02
-2.879078133114951754e+00,-1.505464719580280786e+01,8.133896485291483458e+00,5.593650010115889248e-01,4.923152269519728841e-01,-6.668841825645489552e-01,4.666902340748338247e+02
-3.170689580463130763e+00,-1.449065546072267985e+01,8.447447421690924330e+00,5.978141064674046268e-01,4.419267294325939233e-01,-6.688176582012119731e-01,4.682731137975637239e+02
-3.439955389421018861e+00,-1.392674853470857066e+01,8.732318788401153498e+00,6.338593566059487205e-01,3.897612035344445447e-01,-6.680617638082035903e-01,4.698035862964953822e+02
-3.696853304513084471e+00,-1.334598298216400813e+01,8.998579937513397908e+00,6.673558103913922457e-01,3.360284095765216916e-01,-6.646195380021926447e-01,4.713340587954270404e+02
-3.941326630815443988e+00,-1.274945240334498031e+01,9.245326867388188319e+00,6.981687753786451900e-01,2.809444101075664890e-01,-6.585048211785374805e-01,4.728645312943586987e+02
-4.173331076977236265e+00,-1.213825057439896504e+01,9.471655703038141638e+00,7.261743493297009300e-01,2.247307011674628263e-01,-6.497421998977691571e-01,4.743950037932903570e+02
-4.392834755291671556e+00,-1.151347138919228819e+01,9.676662701996111338e+00,7.512599184540391661e-01,1.676133216939034720e-01,-6.383669080666899420e-01,4.759254762922220152e+02
-4.600337210035936764e+00,-1.087626896248805686e+01,9.859561640843626407e+00,7.733246102689579349e-01,1.098219446532279348e-01,-6.244246853097908945e-01,4.774559487911536735e+02
-4.797389407064597044e+00,-1.022791415144258842e+01,1.001980120097623228e+01,7.692664498242205440e-01,1.063843661316328931e-01,-6.300075362790954481e-01,4.789864212900853317e+02
-4.986076136917538371e+00,-9.569728957988399287e+00,1.015694759152153814e+01,7.651625559883080685e-01,1.029404647492886821e-01,-6.355529274435107734e-01,4.805168937890169900e+02
-5.168497444458596490e+00,-8.903024506590941911e+00,1.027056717149413601e+01,7.610131721514390435e-01,9.949044471626686259e-02,-6.410605300390224137e-01,4.820473662879486483e+02
-5.346768603080674254e+00,-8.229100972702585892e+00,1.036022645261069464e+01,7.568185443972922366e-01,9.603451060436764275e-02,-6.465300175407973082e-01,4.835778387868803065e+02
-5.552386232939234390e+00,-7.435840881393602331e+00,1.043112675877606499e+01,7.525789214698657137e-01,9.257286733268206558e-02,-6.519610656665558723e-01,4.853614725800921406e+02
-5.759305601199313784e+00,-6.635690290755793974e+00,1.046262414276638708e+01,3.610424091963075344e-01,-1.964552525217976575e-01,-9.116203774156697026e-01,4.871451063733039746e+02
-5.971012127851237139e+00,-5.830864636814933277e+00,1.045440788144711064e+01,-1.403459084875132989e-01,-4.257097224161662807e-01,-8.939084171274173096e-01,4.889287401665158086e+02
-6.190006336232733553e+00,-5.023330852903733934e+00,1.040714341397092291e+01,-9.556992330477777353e-02,-4.057615910390950376e-01,-9.089675027178633071e-01,4.907123739597276426e+02
-6.418308255889174418e+00,-4.214927525691423149e+00,1.032198442983096953e+01,-5.054263073637246112e-02,-3.847464712295881606e-01,-9.216363682900672316e-01,4.924960077529394766e+02
-6.626138659786151131e+00,-3.509420087872815675e+00,1.021923578787871811e+01,-5.382434617924604023e-03,-3.627196245780368589e-01,-9.318817002945720684e-01,4.940538417814614718e+02
-6.842418033472918104e+00,-2.805512939428866925e+00,1.009267562561792708e+01,3.979191180705343722e-02,-3.397389730828442311e-01,-9.396765581431621994e-01,4.956116758099834669e+02
-7.067714978400485570e+00,-2.104121398061892911e+00,9.943021787773327347e+00,8.486161816397869151e-02,-3.158649468322690113e-01,-9.450004450399691613e-01,4.971695098385054621e+02
-7.301310400317585270e+00,-1.405887895379453356e+00,9.771084117224178911e+00,1.297081693198016139e-01,-2.911603250917454977e-01,-9.478393618671633325e-01,4.987273438670274572e+02
-7.541843558373781953e+00,-7.113242805647645994e-01,9.577718528125338082e+00,1.742136370299363357e-01,-2.656900712147085009e-01,-9.481858439838554142e-01,5.002851778955494524e+02
-7.786501117342790046e+00,-2.492044210617796671e-02,9.365134930540742531e+00,2.182609900400122871e-01,-2.395211618111610097e-01,-9.460389808417569713e-01,5.018339864543363547e+02
-8.035315109393222244e+00,6.568578966854347057e-01,9.133171305741511148e+00,2.617344018270511552e-01,-2.127224106232975254e-01,-9.414044183663284882e-01,5.033827950131232569e+02
-8.286975430092752504e+00,1.333489721780870108e+00,8.882664312567113640e+00,3.045195551709220516e-01,-1.853642875713874261e-01,-9.342943440974692537e-01,5.049316035719101592e+02
-8.540178449318585052e+00,2.004447143489859418e+00,8.614450733100417423e+00,3.465039427553069928e-01,-1.575187334457979760e-01,-9.247274551291249090e-01,5.064804121306970615e+02
-8.793354586899159386e+00,2.669250488630370288e+00,8.329360718382186946e+00,3.875771630078867491e-01,-1.292589707324527382e-01,-9.127289089324027715e-01,5.080292206894839637e+02
-9.044395000965945286e+00,3.327521489581055647e+00,8.028211034169913773e+00,4.276312104020105753e-01,-1.006593110691628712e-01,-8.983302571917733959e-01,5.095780292482708660e+02
-9.290922719725033474e+00,3.978925393953232081e+00,7.711811804230360501e+00,4.665607594567077188e-01,-7.179495983909743584e-02,-8.815693628285734551e-01,5.111268378070577683e+02
-9.530564666842636257e+00,4.623114971595849276e+00,7.380973253676478052e+00,5.042634416884934634e-01,-4.274181841516163510e-02,-8.624903004302011400e-01,5.126756463658447274e+02
-9.760951691231049665e+00,5.259730533146682596e+00,7.036505703581549476e+00,5.406401147869750456e-01,-1.357628457519947235e-02,-8.411432403469902841e-01,5.142244549246316865e+02
-9.986055315146121103e+00,5.907470470008114205e+00,6.667830513099885614e+00,5.755951233067200246e-01,1.562494838727149227e-02,-8.175843167616547724e-01,5.158209319560335189e+02
-1.019583937155376852e+01,6.546046693188801058e+00,6.286032068284388430e+00,6.090365501901681133e-01,4.478509332868019222e-02,-7.918754800782936698e-01,5.174174089874353513e+02
-1.038764303006739631e+01,7.175010702680881813e+00,5.892025402621142938e+00,6.408764584604714765e-01,7.382747116723761827e-02,-7.640843340191297850e-01,5.190138860188371837e+02
-1.055881016800344518e+01,7.793899589460438371e+00,5.486725635798327616e+00,6.710311224489903248e-01,1.026757125102143176e-01,-7.342839578573253645e-01,5.206103630502390160e+02
-1.070692590819770906e+01,8.402435435227586069e+00,5.071402943556354792e+00,6.994212479496765278e-01,1.312539584666460035e-01,-7.025527142532463909e-01,5.222068400816408484e+02
-1.083004986577193129e+01,9.000726408540069556e+00,4.648037525028818173e+00,7.259721807216686917e-01,1.594870601175980285e-01,-6.689740431993704828e-01,5.238033171130426808e+02
-1.092647473964332328e+01,9.589069935768769426e+00,4.218964612440035289e+00,7.506141027920418818e-01,1.873007761196515408e-01,-6.336362426155099925e-01,5.253997941444445132e+02
-1.099448818913852755e+01,1.016775415317334463e+01,3.786519478293525864e+00,8.469537718483124422e-01,-2.337126610976788810e-01,-4.775413075263583162e-01,5.269962711758463456e+02
-1.103253783270338850e+01,1.072545238669136580e+01,3.361793619471595829e+00,8.799404170474718345e-01,-2.237356135507997390e-01,-4.191005102322888365e-01,5.285599021494765566e+02
-1.104200856997096913e+01,1.127428345659488329e+01,2.937649122549948366e+00,9.088766987721623725e-01,-2.127287122660338758e-01,-3.587305972568812784e-01,5.301235331231067676e+02
-1.102266755519360508e+01,1.181418704090625837e+01,2.515641841229741438e+00,9.336294242556847367e-01,-2.007426218970978227e-01,-2.967094503373999270e-01,5.316871640967369785e+02
-1.097428121866310491e+01,1.234510153242185737e+01,2.097327614688917929e+00,9.540846573969855582e-01,-1.878325142302747497e-01,-2.333225516731204374e-01,5.332507950703671895e+02
-1.089661526997777230e+01,1.286696403500218899e+01,1.684262257039092603e+00,9.701482431777442850e-01,-1.740578142381401794e-01,-1.688616699058989035e-01,5.348144260439974005e+02
-1.078943470131799032e+01,1.337971035987551538e+01,1.278001546782564279e+00,9.817462410380953797e-01,-1.594819265584322132e-01,-1.036235171685582074e-01,5.363780570176276115e+02
-1.065250379073029308e+01,1.388327502195501495e+01,8.801012162695113217e-01,9.888252652178894930e-01,-1.441719436568308088e-01,-3.790838338071603891e-02,5.379416879912578224e+02
-1.048558610541991776e+01,1.437759123616948997e+01,4.921169411554217055e-01,9.913527304972059584e-01,-1.281983370163723712e-01,2.798124592419699852e-02,5.395053189648880334e+02
-1.028844450505184405e+01,1.486259091380768638e+01,1.156043298588100704e-01,9.893170022047352852e-01,-1.116346327742838984e-01,9.374208188116435470e-02,5.410689499385182444e+02
-1.006084114506026772e+01,1.533820465887624351e+01,-2.478810869807227257e-01,9.827274498027848137e-01,-9.455707329856845311e-02,1.590714282788407152e-01,5.426325809121484554e+02
-9.803148962174331515e+00,1.580339208462604716e+01,-5.960770925350602489e-01,9.716144038009830730e-01,-7.704426626137568512e-02,2.236685748243605609e-01,5.441928952137299120e+02
-9.514710755515046969e+00,1.625910960805889260e+01,-9.282408662855252679e-01,9.560290161953092225e-01,-5.917682282376299230e-02,2.872361812764322453e-01,5.457532095153113687e+02
-9.195288620988716133e+00,1.670528450140832177e+01,-1.242830324773463335e+00,9.360430250727599377e-01,-4.103698659661723924e-02,3.494816460770897026e-01,5.473135238168928254e+02
-8.844643970886920670e+00,1.714184272917442442e+01,-1.538303503171505993e+00,9.117484244628022427e-01,-2.270825508503755003e-02,4.101184531833769187e-01,5.488738381184742821e+02
-8.462537537195473192e+00,1.756870894459563459e+01,-1.813118565689585182e+00,8.832570409527290556e-01,-4.274995358177244992e-03,4.688674909000815072e-01,5.504341524200557387e+02
-8.049237958006374427e+00,1.798592480381740799e+01,-2.066003364347405835e+00,8.985475108282778844e-01,-4.169542750583078439e-01,1.369653361094333721e-01,5.519944667216371954e+02
-7.606028461165193377e+00,1.839377085349850205e+01,-2.296224995926525736e+00,6.616176487369164194e-01,-7.125956216719190328e-01,-2.333828760934070212e-01,5.535547810232186521e+02
-7.134695419901240676e+00,1.879265355849892316e+01,-2.503320258548098920e+00,6.359613496213978312e-01,-7.373392426973525149e-01,-2.277762124663209597e-01,5.551150953248001088e+02
-6.637018799101785937e+00,1.918298874323686576e+01,-2.686826106430154848e+00,6.094770768497507207e-01,-7.611228969338671435e-01,-2.218730009646992796e-01,5.566754096263815654e+02
-6.114772133086296968e+00,1.956520156071655947e+01,-2.846279653011198008e+00,5.821993112860625041e-01,-7.839156201798056500e-01,-2.156809272412947287e-01,5.582357239279630221e+02
-5.569722503445126982e+00,1.993972646146506733e+01,-2.981218174073007265e+00,5.541635668165157957e-01,-8.056877383743508148e-01,-2.092080530143496375e-01,5.597960382295444788e+02
-5.003630516942771500e+00,2.030700716237839032e+01,-3.091179110862605661e+00,5.254063441111969102e-01,-8.264109062250973858e-01,-2.024628055709595809e-01,5.613563525311259355e+02
-4.418250283485838814e+00,2.066749661547706296e+01,-3.175700073213396646e+00,4.959650831020036565e-01,-8.460581441057558605e-01,-1.954539667947304271e-01,5.629166668327073921e+02
-3.815329394155843712e+00,2.102165697657156329e+01,-3.234318842665449001e+00,4.658781142383195406e-01,-8.646038731757954565e-01,-1.881906617319459296e-01,5.644769811342888488e+02
-3.196608899306971452e+00,2.136995957383774680e+01,-3.266573375584910011e+00,4.351846085839204958e-01,-8.820239486763697956e-01,-1.806823467111385029e-01,5.660372954358703055e+02
-2.563823286728929673e+00,2.171288487630262054e+01,-3.272001806282539782e+00,4.039245268200759020e-01,-8.982956913592478054e-01,-1.729387970315319489e-01,5.675976097374517622e+02
-1.918700459875006814e+00,2.205092246224066699e+01,-3.250142450131353389e+00,3.721385672212265128e-01,-9.133979170079011833e-01,-1.649700942363868938e-01,5.691579240390332188e+02
-1.262961716155486469e+00,2.238457098748104102e+01,-3.200533806683355742e+00,3.398681126709511280e-01,-9.273109640123785580e-01,-1.567866129878161818e-01,5.707182383406146755e+02
-5.983168666659007817e-01,2.271433604318278299e+01,-3.122827250932930454e+00,3.071551767871757987e-01,-9.400167189621330133e-01,-1.483990075601556990e-01,5.722785526421961322e+02
6.481977009236573883e-02,2.303651318719502683e+01,-3.018859187927994903e+00,2.740423492267337613e-01,-9.514986402235425800e-01,-1.398181979694686217e-01,5.738186330509630579e+02
7.335502031404412815e-01,2.335588756409453737e+01,-2.888651696605074370e+00,2.405727402404458093e-01,-9.617417794714853141e-01,-1.310553557572354255e-01,5.753587134597299837e+02
1.406523445560244889e+00,2.367293832306996393e+01,-2.733102908134793729e+00,2.067899245508610095e-01,-9.707328011469877893e-01,-1.221218894467279992e-01,5.768987938684969095e+02
2.082394482194186658e+00,2.398815162792026356e+01,-2.553111120324098149e+00,1.727378846256752143e-01,-9.784599998156640055e-01,-1.130294296909921947e-01,5.784388742772638352e+02
2.759824286185580622e+00,2.430202062876343305e+01,-2.349574791709894139e+00,1.384609534206257819e-01,-9.849133154043840932e-01,-1.037898141317617901e-01,5.799789546860307610e+02
3.437479835461653366e+00,2.461504543367839659e+01,-2.123392535651902335e+00,1.040037566663481738e-01,-9.900843462963729857e-01,-9.441507198900243869e-02,5.815190350947976867e+02
4.114034129159050757e+00,2.492773308028025170e+01,-1.875463114424755107e+00,6.941115477427127478e-02,-9.939663602677170084e-01,-8.491740840113333466e-02,5.830591155035646125e+02
4.788166203991749192e+00,2.524059750722912909e+01,-1.606685433309356981e+00,3.472818443712127195e-02,-9.965543032510622012e-01,-7.530918853629756105e-02,5.845991959123315382e+02
5.458561150561268782e+00,2.555415952567291171e+01,-1.317958534683543403e+00,0.000000000000000000e+00,-9.978448059151073801e-01,-6.560292149534976969e-02,5.861392763210984640e+02
6.124437196403038186e+00,2.586870493757972866e+01,-1.010552164916615148e+00,-4.114059452256523253e-01,-8.982050348848715782e-01,1.548252677754480833e-01,5.876793567298653898e+02
6.786068941538768939e+00,2.618403900173330356e+01,-6.864773388259990394e-01,-7.291051543257288658e-01,-5.939793110554520972e-01,3.399886056541164270e-01,5.892194371386323155e+02
7.444254526129772565e+00,2.649972280211214226e+01,-3.481157536497499483e-01,-7.438220733916289795e-01,-6.434813318736078980e-01,1.807166253193505101e-01,5.907595175473992413e+02
8.099786633297362926e+00,2.681531329419794929e+01,2.150799418716326915e-03,-7.376861969894911164e-01,-6.749435717079854680e-01,1.637833271725080975e-02,5.922995979561661670e+02
8.753452479432697331e+00,2.713036333082456153e+01,3.619404508917996033e-01,-7.108695468351410307e-01,-6.874840032273487056e-01,-1.484191116072304806e-01,5.938396783649330928e+02
9.406033804559070788e+00,2.744442168806602211e+01,7.288712686492783144e-01,-6.641239188849460406e-01,-6.807510622101895503e-01,-3.090556772912611549e-01,5.953797587737000185e+02
1.005830686274675401e+01,2.775703309116349971e+01,1.100561273600181522e+00,-5.987598070025256236e-01,-6.549335028679106330e-01,-4.610279821667643829e-01,5.969198391824669443e+02
1.071104241258041512e+01,2.806773824049097144e+01,1.474628455344892064e+00,-5.166096648225244614e-01,-6.107551065768230814e-01,-6.000755402476209976e-01,5.984599195912338701e+02
1.136481500524207888e+01,2.837618937799840424e+01,1.849285987312271784e+00,-4.199765354729504963e-01,-5.494543922602668218e-01,-7.223002010792201055e-01,6.000000000000007958e+02
