-4.936757216027259254e+00,-1.931405886114814452e+00,3.043442428371374131e+00,3.665195884855879660e-01,-2.973109969858427348e-01,-8.816289255279907700e-01,0.000000000000000000e+00
-4.269507341838029824e+00,-2.601977310573819757e+00,3.352090144173617059e+00,8.958849552933316751e-01,2.658616467682871631e-01,-3.559602950565126100e-01,6.545385300270125661e+00
-3.660865580042214074e+00,-3.333352280110947863e+00,3.629221007724257486e+00,8.165261134047371305e-01,-1.458395955845133429e-01,-5.585838509014560138e-01,1.309077060054025132e+01
-3.159792826721432135e+00,-4.174539423184455700e+00,3.843502723388916742e+00,6.679375033970091913e-01,2.224445803736525284e-01,-7.101956774144432272e-01,1.963615590081037610e+01
-3.084305844828936216e+00,-4.346955396639684110e+00,3.873338465024951827e+00,6.286713781195261141e-01,2.984820986740839843e-01,-7.181091387138937021e-01,2.084072950094657273e+01
-2.795288810724541939e+00,-5.407327038975052957e+00,3.964758666948196009e+00,5.449303862016249278e-01,-5.487172132509894606e-02,-8.366839118765033723e-01,2.738611480121669928e+01
-2.726896444542473485e+00,-6.023826550956446368e+00,3.964941225385833601e+00,5.073308194813794803e-01,2.366863800823548469e-01,-8.286102805830151130e-01,3.071559598768577359e+01
-2.614644229350404192e+00,-7.250630447734851103e+00,3.958052844320996577e+00,4.749832899093751615e-01,-5.171593977999554281e-02,-8.784738674995054009e-01,3.726098128795590014e+01
-2.489812101003060718e+00,-7.744274335375499696e+00,3.998620783512191412e+00,8.520900727918944151e-01,1.826335601461992475e-01,-4.904971871049093601e-01,4.039310538597880651e+01
-2.059598982175419035e+00,-8.279487514815516036e+00,4.170300517763793735e+00,6.690317761222077664e-01,4.510391724056464491e-01,-5.907284888122406041e-01,4.561482447285527542e+01
-1.233994226559758545e+00,-8.562418429482889337e+00,4.435220115170294797e+00,3.367266630739269018e-01,-3.700085457925766375e-01,-8.658572806274488221e-01,5.216020977312540197e+01
-5.867013181750551087e-01,-8.514122663932434776e+00,4.543656606394574915e+00,-4.035073354735837364e-02,-3.935902554362245565e-01,-9.183999831924201107e-01,5.649486779683841320e+01
3.976295304116542750e-01,-8.084607152228446836e+00,4.516933685371816942e+00,-1.647134096381666912e-01,4.175869000415378673e-01,-8.935830535540991715e-01,6.304025309710853975e+01
1.288228046025889251e+00,-7.312990583927161836e+00,4.331664062733798559e+00,-6.523610509632732368e-01,-2.584881872138792766e-02,-7.574674235614377027e-01,6.958563839737865919e+01
1.642958893415579658e+00,-6.801881264683566464e+00,4.209799948686999471e+00,-7.468291333949061972e-01,-2.720099562216180544e-01,-6.068416838261251334e-01,7.274625370557092197e+01
2.020920286977163194e+00,-5.945992147366201408e+00,4.020646099402205742e+00,-4.555537387459474563e-01,2.027089008251329039e-01,-8.668217190638773939e-01,7.703312324013224099e+01
2.496023116380303719e+00,-4.460052195497888228e+00,3.668280369099158111e+00,-6.586957069014400812e-01,3.676407425246484562e-01,-6.564756279905120673e-01,8.357850854040236754e+01
2.918885787075418570e+00,-2.987944187911889316e+00,3.252432539867094796e+00,-8.351516484965078035e-01,-3.215608538348047052e-01,-4.462290233664735761e-01,9.012389384067249409e+01
3.303119127059660265e+00,-1.781997568401088472e+00,2.806187323877185058e+00,-7.666624434131138477e-01,-3.078756438235124432e-02,-6.413117991579730948e-01,9.666927914094262064e+01
3.644515265627522815e+00,-1.003065597002722020e+00,2.348393686159598204e+00,-8.467730053924006350e-01,-3.601141333238709885e-01,-3.915268679402714724e-01,1.032146644412127472e+02
3.667711877601075088e+00,-9.636033344296418557e-01,2.314024785323585132e+00,-8.439328632892724169e-01,4.053950964946087532e-01,-3.513291021229197342e-01,1.037005213981692293e+02
3.931656816380759256e+00,-6.175587280324421613e-01,1.832970080853070449e+00,-9.550314068992606931e-01,2.578168488186242668e-01,-1.464427680059803560e-01,1.102459066984393559e+02
4.084929789330107752e+00,-5.511091620774987154e-01,1.305101946290703641e+00,-9.729064143355414807e-01,2.189409628011787790e-01,7.428299773469478062e-02,1.167912919987094824e+02
4.096837457654220138e+00,-6.251079133482486672e-01,8.698418329202446397e-01,-3.969839490126639281e-01,-1.503639604520153605e-01,-9.054249961335810726e-01,1.215884104100929193e+02
3.949923049321739210e+00,-7.914156367940292647e-01,1.892671620217518114e-01,-4.813541086380382361e-01,-1.092415675940910658e-01,-8.696921880797051640e-01,1.281337957103630458e+02
3.609845166545541328e+00,-9.153134746787620069e-01,-6.033035744007051449e-01,-5.944151885862329898e-01,-6.347963653120029803e-02,-8.016488753337459583e-01,1.346791810106331582e+02
2.974582482778613368e+00,-9.476681436932351543e-01,-1.576153395411037605e+00,4.815128370892213794e-01,-1.791563881363364766e-02,8.762559087413838155e-01,1.412245663109032705e+02
2.382588769774112158e+00,-9.530932301069717782e-01,-2.249461189360277391e+00,5.986719196882740457e-01,-2.673454736557723688e-03,8.009898783483648810e-01,1.447512907653909053e+02
8.575761942468044241e-01,-1.059302973361544442e+00,-3.788858949144453536e+00,-7.469825573475920022e-01,-6.626832241669446955e-01,5.355374334399431308e-02,1.512966760656610177e+02
-7.292811323601675610e-01,-1.321927432950377623e+00,-5.453664214796321907e+00,-4.899567319276952881e-01,-6.801064979084910922e-01,5.453416840306454239e-01,1.578420613659311300e+02
-1.753931179537670193e+00,-1.593847435680556091e+00,-6.658099112854036328e+00,1.245766946615613630e-01,-3.504885864124485106e-01,9.282447941905215272e-01,1.628369048658720999e+02
-2.818824610615211501e+00,-1.966281713779636009e+00,-8.049633373555890259e+00,-7.258384211737162195e-01,-6.852451483496738716e-01,5.998060529271188879e-02,1.693822901661422122e+02
-3.446586951105295782e+00,-2.244369878193798851e+00,-8.881881043271334875e+00,-9.066141984468205628e-01,-4.181766255989211589e-01,5.638266557487989911e-02,1.738774042296837194e+02
-4.343533478520149593e+00,-2.728734420867635624e+00,-9.922467136995342329e+00,-4.834080954329501023e-01,-1.695697902022282599e-01,8.588147061623130352e-01,1.804227895299538318e+02
-5.233722811757824722e+00,-3.327345539074587411e+00,-1.071457523670374279e+01,-2.716989647248190254e-01,-1.499812318105276376e-01,9.506236388140463234e-01,1.869681748302239441e+02
-5.627965996629509249e+00,-3.660349658429615349e+00,-1.094996510664646650e+01,-6.572488846217727776e-02,1.857230519510940508e-02,9.976649279775120505e-01,1.899938190255517441e+02
-6.411439717771448166e+00,-4.482285155525328690e+00,-1.114031797090499687e+01,-9.574208143724142681e-03,3.125957936215282423e-02,9.994654437430650074e-01,1.965392043258218564e+02
-6.619579256469394934e+00,-4.744370350723555951e+00,-1.111291535523897167e+01,7.871167633314593570e-02,1.423769001757825281e-01,9.866779060590955552e-01,1.984780225039535253e+02
-7.170188477343384825e+00,-5.595048898318657038e+00,-1.066806317987276032e+01,3.142053805220174079e-01,5.063404884790447813e-01,8.030531044568699484e-01,2.050234078042236376e+02
-7.417826078375403753e+00,-6.234704767523074231e+00,-9.792994634930302311e+00,4.267301016382231138e-01,7.920266843338465979e-01,4.365720463554267905e-01,2.115687931044937500e+02
-7.409878810622847922e+00,-6.331473160812945089e+00,-9.532963378494553552e+00,4.276764029037916082e-01,8.426552910279158093e-01,3.271466871327479153e-01,2.131970330455634439e+02
-7.405125824464230178e+00,-6.342385854951544388e+00,-9.494298202356166172e+00,4.265530542918271051e-01,8.493484591944848727e-01,3.109014099972339240e-01,2.134401989332307039e+02
-7.077951222910962237e+00,-6.524486853077744897e+00,-8.505084911288975036e+00,8.542444076965918232e-01,5.119932547688492708e-01,9.016317979252509718e-02,2.199855842335008163e+02
-6.384576940066151174e+00,-6.542995984442631752e+00,-7.649279710202489646e+00,6.369939275394843614e-01,6.494280531958354086e-01,-4.153094508918491190e-01,2.265309695337709286e+02
-6.265841257362225747e+00,-6.536338315787779685e+00,-7.548547618022011463e+00,5.747453494331969948e-01,6.578688187181902514e-01,-4.866994972909311490e-01,2.274044568476214181e+02
-5.244089032814097884e+00,-6.422251798039297910e+00,-6.963045637257915033e+00,-6.497789507126257302e-02,5.643749741858542501e-01,-8.229573267580915230e-01,2.339498421478915304e+02
-4.468979735954425436e+00,-6.284874512479094122e+00,-6.764979797109201165e+00,-8.220406138379891814e-02,9.943503492470702199e-01,-6.715560471202899895e-02,2.383110764775583164e+02
-3.326731799541590373e+00,-6.013735331370408943e+00,-6.691217007094026670e+00,-7.168118807035990248e-01,6.902350061779434220e-01,-9.877430803960968175e-02,2.448564617778284287e+02
-2.451960649086457167e+00,-5.665485452906908748e+00,-6.703787588307413614e+00,-1.269179969353246284e-01,1.479578438844269261e-01,9.808161389817137144e-01,2.511634238544540949e+02
-2.025666816295453199e+00,-5.069409820032361402e+00,-6.712380278062048511e+00,2.799130280510957469e-01,3.161525185373849078e-01,9.064746448465809125e-01,2.577088091547242357e+02
-2.102411130288120766e+00,-4.421398160586546666e+00,-6.746415389281536612e+00,-3.252474920812980508e-01,-1.672543102745436411e-02,9.454810039613550376e-01,2.622794179026915344e+02
-2.513262287369948833e+00,-3.260733684413794631e+00,-6.856275623486403070e+00,-1.083880490006444014e-01,2.549550802015478068e-02,9.937816711454423579e-01,2.688248032029616752e+02
-2.903023782597815572e+00,-2.168361693559377024e+00,-6.899640629566157202e+00,8.160238073030917638e-02,-4.694327266802009180e-01,8.791893803844184063e-01,2.748759631991309789e+02
-3.175203756279788792e+00,-1.173570487861124834e+00,-6.623170149785976513e+00,1.920846777995601773e-01,-4.924950133691703980e-01,8.488534257226861834e-01,2.814213484994011196e+02
-3.315265965865088038e+00,-4.896661299522515609e-01,-5.837324223486064056e+00,2.591320594529775700e-01,-8.061843873831551210e-01,5.318997173371172726e-01,2.879667337996712604e+02
-3.424626962890773285e+00,-1.563823289334045352e-01,-4.718276676225700683e+00,3.066056711040783811e-01,-9.508486021696777035e-01,4.335779282652325178e-02,2.945109145187357740e+02
-3.602811901030321007e+00,-1.828182039674506876e-01,-3.658034491812075295e+00,4.209765023571574449e-01,-9.070466981660078032e-01,-6.713554146473932858e-03,3.010562998190059147e+02
-3.801914291491312881e+00,-3.969831519480104820e-01,-3.218543237166092474e+00,5.264950573875742945e-01,-8.209390701448433525e-01,-2.210475009046132533e-01,3.049459099440690011e+02
-4.419438980769181846e+00,-1.037583223115796427e+00,-2.903258214361807088e+00,5.605439620526566635e-01,-8.249519223808963186e-01,7.242093872888728801e-02,3.114912952443391418e+02
-4.496109277405459181e+00,-1.110040308967787270e+00,-2.897041902332484486e+00,6.087855253670390043e-01,-7.902882066484391288e-01,6.946030906908007285e-02,3.120989834406892101e+02
-5.504491371197681282e+00,-1.922516231719495483e+00,-2.897041501615711834e+00,-4.919804913044142740e-03,-9.891818942933499059e-01,-1.466116486567069777e-01,3.186443687409593508e+02
-5.966970405113312559e+00,-2.209769972370680513e+00,-2.897041348672641625e+00,2.588051015022662660e-01,-9.516653348284076497e-01,-1.653874539447794945e-01,3.211354544923415233e+02
-7.084374294743118305e+00,-2.894972569548212693e+00,-2.898381994439843456e+00,8.383116055210918516e-01,-5.230592828291379393e-01,-1.537616294623501967e-01,3.276808397926116641e+02
-7.671806193003317453e+00,-3.440550355844765207e+00,-3.096009702118151186e+00,9.795273028188389297e-01,-1.970863453344534610e-01,-4.102725332214415821e-02,3.329351214666612009e+02
-7.922524212216059070e+00,-3.738346783755044811e+00,-3.516936007826150679e+00,9.891572761864705354e-01,-5.599234151418962246e-02,1.357672296952424362e-01,3.374566577261890643e+02
-7.982408814385333784e+00,-3.728025893468870144e+00,-3.832972197508114132e+00,9.712768294177116513e-01,-2.396577071288131383e-02,-2.367423968587266392e-01,3.398844513119835824e+02
-7.929457974308562918e+00,-3.399743143610963081e+00,-4.494849546470411461e+00,9.858422405138369538e-01,-1.640275754040557421e-01,3.478550453457226327e-02,3.443790851872035432e+02
-7.449103587866567011e+00,-2.680769660094358908e+00,-5.444256306202779783e+00,8.599802069769727497e-01,-5.015307667504877998e-01,-9.434475931661812087e-02,3.509244704874736840e+02
-6.617473762806706183e+00,-2.097607590822812895e+00,-6.170204600877689849e+00,4.585821870835194991e-01,-8.107695291167607010e-01,-3.638064710055086137e-01,3.574698557877438247e+02
-5.791539953418779696e+00,-1.817469075685012259e+00,-6.417591811749252528e+00,2.684990057193548454e-02,-9.709633607887149243e-01,-2.377167113291807909e-01,3.640152410880139655e+02
-5.754760286350128595e+00,-1.811134037721536805e+00,-6.413827123608095704e+00,7.308737689988465715e-03,-9.710165705411473169e-01,-2.389004020253799043e-01,3.643601103569671409e+02
-5.497482321781784975e+00,-1.812450021502198139e+00,-6.193012857306396945e+00,-1.236230494435801436e-01,-9.317091272077160369e-01,-3.415193170585026361e-01,3.680920722421590199e+02
-5.548757251637439936e+00,-1.975814018429123964e+00,-5.210302707912250142e+00,-6.872512398689689661e-02,-9.686824040789283607e-01,-2.386027186786722765e-01,3.746374575424291606e+02
-5.741284449479357122e+00,-2.042816972160891975e+00,-4.636986651984604357e+00,7.804847821341505398e-02,-9.888111282574256755e-01,1.271258733808622310e-01,3.772939840628650927e+02
-6.552322959540216374e+00,-2.051345968789569429e+00,-2.980940872179325130e+00,2.414612399513212382e-01,-2.782631247311055378e-01,9.296591327019014805e-01,3.838393693631352335e+02
-7.627746436321486634e+00,-1.801784082993627578e+00,-1.278436658614773735e+00,8.851698501590051782e-01,-4.573043596778154640e-01,8.571498695763338227e-02,3.903847546634053742e+02
-7.678458288417347788e+00,-1.784397072556065389e+00,-1.206813464564606253e+00,8.895677115501113841e-01,-4.546998227541469983e-01,4.378764386039901008e-02,3.906701809640483702e+02
-8.866640110352786763e+00,-1.241306135114499387e+00,2.937431708837990874e-01,8.877536577600201317e-01,9.029094948202005810e-02,-4.513767689805716077e-01,3.972155662643185110e+02
-1.007120929141251331e+01,-4.541956801567721413e-01,1.513468697456283651e+00,8.299579320573109431e-01,-1.043154953396927820e-01,-5.479855002161887478e-01,4.037609515645886518e+02
-1.123027740931304663e+01,5.056746091415247335e-01,2.447701089221244963e+00,8.056557983857987049e-01,1.979598359367452654e-01,-5.583284319137241658e-01,4.103063368648587925e+02
-1.228413807783408629e+01,1.565193007773822087e+00,3.091812247106090705e+00,8.269423079444370162e-01,2.770602844924595701e-02,-5.616037707486455366e-01,4.168517221651289333e+02
-1.317528789123043609e+01,2.649446463173148025e+00,3.441208542183944896e+00,8.365882208839037215e-01,-1.031678051983252742e-01,-5.380302525405658010e-01,4.233971074653990740e+02
-1.384953132016195632e+01,3.703987566998995451e+00,3.504770372216215346e+00,8.402817491915077763e-01,-2.085597938087973002e-01,-5.004292101607297205e-01,4.299424927656692148e+02
-1.425617983507641107e+01,4.717141065724686833e+00,3.318290119217306877e+00,8.378865645297101095e-01,-3.013469600259029435e-01,-4.551220876465422727e-01,4.364878780659393556e+02
-1.434562856323456614e+01,5.697873488845582202e+00,2.931028881729864644e+00,8.260390493790646937e-01,-3.917798001877795255e-01,-4.051765998496885679e-01,4.430332633662094963e+02
-1.426059076626375344e+01,6.079207111181569090e+00,2.723112983012318633e+00,8.171674335928234001e-01,-4.296468244250667423e-01,-3.842407991569537495e-01,4.456396917800642541e+02
-1.370887162162994066e+01,7.017957612450656413e+00,2.100579261405996156e+00,7.784619681073181585e-01,-5.345416950180627014e-01,-3.290321268473602179e-01,4.521850770803343949e+02
-1.271937522974642931e+01,7.937672092071531793e+00,1.395491740546866311e+00,7.064467015714823717e-01,-6.550183018337444318e-01,-2.681120700408887170e-01,4.587304623806045356e+02
-1.124109903149317269e+01,8.841983293499209751e+00,6.571709162978914831e-01,9.980899841722096211e-01,3.757355540656846793e-02,-4.903683747171807411e-02,4.652758476808746764e+02
-9.222667481839168957e+00,9.732931968389493704e+00,-6.505876733979169824e-02,9.957994477701501701e-01,-8.138305084223164398e-02,4.195543893555168241e-02,4.718212329811448171e+02
-6.612350555125089180e+00,1.061095750117908132e+01,-7.218747761326009815e-01,9.603408723136155345e-01,-8.864973415116661482e-02,2.643608019333641423e-01,4.783666182814149579e+02
-3.358082352260083780e+00,1.147488886551261622e+01,-1.263962344793142956e+00,4.388236919809406777e-01,-5.301634369081195119e-01,7.255070623515575967e-01,4.849120035816850987e+02
3.007605951730016325e-01,1.229848218352000444e+01,-1.712135099466702393e+00,-3.146042141862612912e-02,-9.527332567023779619e-01,3.021747564861152480e-01,4.914573888819552394e+02
3.824414515582955865e+00,1.303653192527368176e+01,-2.167734516900579944e+00,-4.760215658394606475e-01,-6.437170363656861127e-01,5.991926617944567379e-01,4.980027741822253802e+02
6.947726566313205510e+00,1.367219612683939545e+01,-2.682790289867611921e+00,-7.445288848131912385e-01,-4.940814411864777878e-01,4.489546404191842588e-01,5.045481594824955209e+02
9.688895145916973206e+00,1.421140083490828587e+01,-3.249612213075474099e+00,-8.247328478023103759e-01,-4.145504400938946343e-01,3.846604507534525652e-01,5.110935447827656617e+02
1.206606366569600475e+01,1.465949196968236024e+01,-3.860503925653637314e+00,-8.574643077046876227e-01,-3.690038858325682125e-01,3.585960028402236932e-01,5.176389300830358025e+02
1.409731371476111939e+01,1.502123738801953934e+01,-4.507763822287785160e+00,-8.728014319659064268e-01,-3.394204536670712979e-01,3.507298333342954155e-01,5.241843153833059432e+02
1.561590085830508734e+01,1.527188560325731359e+01,-5.109471197583623336e+00,-8.791679095266812238e-01,-3.203633333505405134e-01,3.527479574753277225e-01,5.300117934853070665e+02
1.701292557415551343e+01,1.547676668538357525e+01,-5.806593772252261587e+00,-8.815082315982607497e-01,-3.036619869188834642e-01,3.615696825301911166e-01,5.365571787855772072e+02
1.811580806886422934e+01,1.560630823104518328e+01,-6.517803123152383193e+00,-8.805113323089432953e-01,-2.898577574435841631e-01,3.750763577264050186e-01,5.431025640858473480e+02
1.894232672276442742e+01,1.566305231396071918e+01,-7.235385796470063191e+00,-8.769602878280007285e-01,-2.777123729251213535e-01,3.921944562292136172e-01,5.496479493861174888e+02
1.951016509781765151e+01,1.564897476930495834e+01,-7.951627559641010201e+00,-8.712330157929916163e-01,-2.663934604753096513e-01,4.122954722140889650e-01,5.561933346863876295e+02
1.983690527400305825e+01,1.556548797548819074e+01,-8.658814315373211556e+00,-8.634898782743233303e-01,-2.552764068651367513e-01,4.349933174381186429e-01,5.627387199866577703e+02
1.994002121652558301e+01,1.541344375582606041e+01,-9.349233015659478951e+00,-8.537604100333970880e-01,-2.438387094661260412e-01,4.600389614212039291e-01,5.692841052869279110e+02
1.983687217442751916e+01,1.519313639946503791e+01,-1.001517257594103150e+01,-8.419858703269864630e-01,-2.315974548626998919e-01,4.872601082284767071e-01,5.758294905871980518e+02
1.954469611130153694e+01,1.490430580096239943e+01,-1.064892478933927045e+01,-8.451672255386007970e-01,-2.667283588451394571e-01,4.631936349553635313e-01,5.823748758874681926e+02
1.908060316896602160e+01,1.454614071809218778e+01,-1.124278524037956828e+01,-8.311998896926359182e-01,-2.523732475728493463e-01,4.953932652796998459e-01,5.889202611877383333e+02
1.846156916477993448e+01,1.411728214724986863e+01,-1.178905421825883693e+01,-8.149197081294305978e-01,-2.359301592393298341e-01,5.293796645731191353e-01,5.954656464880084741e+02
1.770442912315169082e+01,1.361582681577433185e+01,-1.228003762985244052e+01,-7.960631521875235483e-01,-2.166979636381290153e-01,5.650888870649923845e-01,6.020110317882786148e+02
1.682587084214148732e+01,1.303933079029046560e+01,-1.270804791227813446e+01,-7.743002669520788750e-01,-1.938514247570513049e-01,6.023958181441838589e-01,6.085564170885487556e+02
1.643206147483781976e+01,1.277676601515502952e+01,-1.285835364136721637e+01,-7.645476949363347874e-01,-1.830752756541950410e-01,6.180212501295384575e-01,6.112118990049212925e+02
1.538069531605686358e+01,1.205657752237063818e+01,-1.316591733479663340e+01,-7.379220852743786363e-01,-1.519918294383595936e-01,6.575480817767572761e-01,6.177572843051914333e+02
1.424690297155740026e+01,1.125374391310474032e+01,-1.339204750307829883e+01,-7.069632133824220732e-01,-1.143096310236232649e-01,6.979515192183787242e-01,6.243026696054615741e+02
1.304682486731815594e+01,1.036401643999459843e+01,-1.352908680707639810e+01,-6.708779320159166115e-01,-6.843490989690372006e-02,7.384033203077097207e-01,6.308480549057317148e+02
1.179642631928271612e+01,9.382622932241812208e+00,-1.356938845627899504e+01,-6.286911775051418072e-01,-1.254522865098178785e-02,7.775538698799542292e-01,6.373934402060018556e+02
1.051149130041850732e+01,8.304272020904340579e+00,-1.350531711748981145e+01,-5.792549534324827887e-01,5.529664342506814684e-02,8.132687010760054624e-01,6.439388255062719963e+02
9.207616246355856404e+00,7.123157476612658634e+00,-1.332924982333952890e+01,-5.269636540413684678e-01,1.439429514480160613e-02,8.497659157595421897e-01,6.504842108065421371e+02
7.896556900277216684e+00,5.842545105483435641e+00,-1.303994745507553965e+01,-4.684239083897236422e-01,-2.429770887506353325e-02,8.831696685192027552e-01,6.570295961068122779e+02
6.582965409105513643e+00,4.484508463295908243e+00,-1.264892546692185071e+01,-5.662447704166573281e-01,-5.381786060653951376e-01,6.242841083587628015e-01,6.635749814070824186e+02
5.268618733199266657e+00,3.080563331625222556e+00,-1.217408194546448819e+01,-5.383268504311867764e-01,-4.979195795261922020e-01,6.799119755007252408e-01,6.701203667073525594e+02
3.956259142138360829e+00,1.662140469903364615e+00,-1.163332491173149563e+01,-4.986857091358353755e-01,-4.398091075964392638e-01,7.469139926249290795e-01,6.766657520076227001e+02
2.649593015695697940e+00,2.605632173521705841e-01,-1.104457019787337124e+01,-4.366805655235864170e-01,-3.535890746373737126e-01,8.272151171195353259e-01,6.832111373078928409e+02
1.353289442619923788e+00,-1.092974883437812794e+00,-1.042573932418607185e+01,-8.415006335472707821e-01,-4.720739724172984819e-01,2.627219981381341274e-01,6.897565226081629817e+02
4.108224964154061909e-01,-2.036625317979024796e+00,-9.960197806630082695e+00,-8.803955602508457545e-01,-4.091079010787254666e-01,2.398632584735716500e-01,6.945787647614342859e+02
-8.456866294450801069e-01,-3.218009617410285461e+00,-9.330803604605634405e+00,-9.516725389219856668e-01,-2.559218608360912528e-01,1.697744969304106621e-01,7.011241500617044267e+02
-2.073913236359404166e+00,-4.266953097150150143e+00,-8.720391841182337345e+00,-9.965598224586652565e-01,-7.463685214387565103e-02,-3.602583188778309131e-02,7.076695353619745674e+02
-3.233198261607758361e+00,-5.156094898497144641e+00,-8.103149245377942123e+00,-6.465585259291408704e-01,7.321484960467661285e-01,-2.142910457410556746e-01,7.142149206622447082e+02
-3.531719377719539921e+00,-5.369438339728437981e+00,-7.912664245341360036e+00,-9.022386689972392571e-01,4.312340094283251268e-01,-1.616563782019656611e-03,7.160708230758001491e+02
-4.388758424163039962e+00,-5.975952477568521104e+00,-7.085527974315264821e+00,-1.669558709091259474e-01,9.692899946307642622e-01,1.805620211386334828e-01,7.226162083760702899e+02
-4.890843608110778007e+00,-6.388421782884150524e+00,-5.936751318153485890e+00,1.343376668969586407e-01,9.754419105592049277e-01,1.745464705380487536e-01,7.291615936763404306e+02
-4.978701263735669791e+00,-6.625588799452016175e+00,-4.400783869840644513e+00,1.244848789647969994e-01,9.922031006497247230e-01,-6.043340979289387772e-03,7.357069789766105714e+02
-4.931292578237698621e+00,-6.660932210306892642e+00,-3.942876845561462229e+00,7.012295071471733587e-01,7.000085749453374140e-01,1.351487081297133297e-01,7.373958824033109067e+02
-4.592121167786732627e+00,-6.757701108727558470e+00,-2.060881713532387138e+00,5.507479839372915187e-01,7.626085666073881830e-01,-3.392710307792780045e-01,7.439412677035810475e+02
-4.356283272670160578e+00,-6.800125166593636195e+00,-9.092525031136594604e-01,-7.767724322371891699e-01,6.219581939587089936e-01,-9.895753374019707060e-02,7.479009542327726194e+02
-4.094640860222755308e+00,-6.802633161026627739e+00,8.255464133161203311e-01,9.608984125663723175e-01,-2.754230227285490717e-01,-2.857270163101257796e-02,7.544463395330427602e+02
-4.028484054213707033e+00,-6.642715097085083897e+00,2.201040605488639557e+00,8.342049226593492017e-01,-3.186083548712311808e-01,-4.501009478074414205e-01,7.609917248333129010e+02
-4.107514402406812870e+00,-6.435153751518722487e+00,2.722410659453917692e+00,7.506840076927588923e-01,3.552038667148164630e-01,-5.570491303872406874e-01,7.646008626906512973e+02
-4.446557451021026175e+00,-5.837703251714490449e+00,3.246323454598612823e+00,9.323566087278234438e-01,1.051910759267258300e-01,-3.458988171516785282e-01,7.711462479909214380e+02
-4.916079297369462253e+00,-5.039629207655996979e+00,3.382280014200673257e+00,7.869656354156034928e-01,-1.387945638569458018e-01,-6.011831315985800561e-01,7.776916332911915788e+02
-5.424069881948507366e+00,-4.084716431197058739e+00,3.219462532206378125e+00,3.170137305950740392e-01,2.223719027394905068e-01,-9.219832056421702893e-01,7.842370185914617196e+02
-5.879925490922074616e+00,-3.019552395333977568e+00,2.847088745971991575e+00,6.302143877756968271e-01,4.575498906262337462e-02,-7.750718072645804702e-01,7.907824038917318603e+02
-6.194480822757237881e+00,-1.893494238234794569e+00,2.354401336605579598e+00,7.232884180537760832e-01,-2.920808254232447609e-01,-6.257336939380377938e-01,7.973277891920020011e+02
-6.276374082818494848e+00,-8.654056944356436354e-01,1.878449617768476410e+00,7.179903952181441174e-01,2.401140904492665984e-01,-6.533261176030044082e-01,8.032508589282145977e+02
-6.060655390520946817e+00,2.286060997709959408e-01,1.404237262521106366e+00,7.845638571693196450e-01,-1.682540382180151006e-01,-5.967831537894900951e-01,8.097962442284847384e+02
-5.528673752847240053e+00,1.222710433395600704e+00,9.893386287813571434e-01,6.125754884034695369e-01,-6.418790380483048175e-01,-4.612402535787974989e-01,8.163416295287548792e+02
-5.371668073362810603e+00,1.421840666614559989e+00,8.946924216912857108e-01,-3.225169177977531554e-01,1.620949827194379800e-01,-9.325813928614609116e-01,8.178054252697601214e+02
-4.634195809621360240e+00,2.171390616382147254e+00,3.228197696257930072e-01,-6.907571729909999236e-01,-1.913489543559602768e-01,-6.973091894047880324e-01,8.243508105700302622e+02
-3.928298611670562046e+00,2.678146616912524980e+00,-5.019050924000081348e-01,7.833468000782795038e-01,-5.112217511710125395e-01,-3.535818320230317835e-01,8.308961958703004029e+02
-3.276794720211450240e+00,2.858927386692577954e+00,-1.454124940805931576e+00,5.439831173308206091e-01,-8.035520135804028463e-01,2.416330472636616655e-01,8.374415811705705437e+02
-3.247157930639422929e+00,2.858332980613196739e+00,-1.498687701399381345e+00,5.238991395210957913e-01,-8.059637039256200008e-01,2.755942662022396461e-01,8.377474125983546855e+02
-2.631565610912886211e+00,2.586367349696343965e+00,-2.343992893325098859e+00,6.117564200691052306e-02,-5.546687981344937679e-01,8.298192967153020794e-01,8.442927978986248263e+02
-2.045486050941327516e+00,1.835721387732015986e+00,-2.897042981438866072e+00,-2.699754175294366565e-01,-3.391311546345354005e-02,9.622698033968274389e-01,8.508381831988949671e+02
-1.754411599432009305e+00,1.304200958086325191e+00,-3.006000409291172293e+00,-3.767789591330958365e-01,2.244749346057088313e-01,8.986927281826329050e-01,8.540388386169396426e+02
-1.083403946040559118e+00,6.836797467503993864e-02,-2.981194120590463292e+00,1.363109577024377572e-01,-3.959027113634724232e-02,9.898747058297806545e-01,8.605842239172097834e+02
-4.539488558051348321e-01,-9.250032579597790017e-01,-2.897042896208560148e+00,-2.101565267163267581e-01,-9.757155790354538061e-01,6.175227207187704986e-02,8.659137601400203721e+02
3.471970451720954309e-01,-1.996189295426520571e+00,-2.897042911473532101e+00,-9.028874276591575265e-01,-4.223534265016167799e-01,8.007419120648824606e-02,8.724403359150708184e+02
1.092946649685108129e+00,-2.899557159223707714e+00,-3.000158790036101308e+00,-8.962029633030162978e-01,-1.869175703558364210e-01,-4.023457101289431015e-01,8.789857212153409591e+02
1.751542291082661462e+00,-3.652263786744249341e+00,-3.069298386213620500e+00,-9.449102197169407802e-01,1.931442230173413543e-01,-2.642725596604957317e-01,8.854289603144549119e+02
2.306700323856335721e+00,-4.374695499288566936e+00,-2.897043010820103959e+00,3.432763126018668620e-01,6.640295485134630749e-01,6.642485467861194426e-01,8.919743456147250527e+02
2.543593475680931970e+00,-4.997365327020426129e+00,-2.580279146003527035e+00,-5.539177912013847349e-01,-1.840720257824599304e-01,8.119683306108191889e-01,8.967412072044597835e+02
2.537068275925413285e+00,-6.088293960479929545e+00,-2.169298844836572648e+00,-6.207397710304430882e-01,2.232254667291799222e-01,7.515667153783573973e-01,9.032865925047299243e+02
2.205320088411783175e+00,-7.320382249337062497e+00,-1.945805136062201290e+00,-6.004019788834051852e-01,-1.759116617917127340e-02,7.995048559110493613e-01,9.098319778050000650e+02
1.625216702957555936e+00,-8.500622592499846419e+00,-1.881431860032743986e+00,-8.662164051304493961e-01,-1.072611091978688536e-01,4.880206900701282158e-01,9.163773631052702058e+02
1.311226414847360466e+00,-8.936940138793687538e+00,-1.902080084901812018e+00,-8.146596043298001133e-01,1.180565581215543419e-01,5.677960709248571769e-01,9.192062492679181105e+02
5.598795107738483434e-01,-9.714679231409425242e+00,-2.016065795235618463e+00,-4.329420682632053041e-01,5.903539427851228760e-01,6.812073016094571942e-01,9.257516345681882513e+02
-4.769889604753281553e-02,-1.018742376284308015e+01,-2.161554261860084925e+00,-6.133547910341190235e-02,7.489975981799047444e-01,6.597276384417199990e-01,9.322970198684583920e+02
-1.749874584488653462e-01,-1.024185760609794293e+01,-2.218167134066415969e+00,3.613453399156340336e-03,7.482844137589110822e-01,6.633682077700248092e-01,9.346156455443504001e+02
-2.496764980877666518e-01,-1.003432164203678489e+01,-2.406802674695270206e+00,4.058420956225040205e-02,6.489947552816192067e-01,7.597096350258817354e-01,9.411610308446205408e+02
-5.738160025243446705e-02,-9.444368470990626818e+00,-2.619297242840392670e+00,-5.821086832384450571e-02,3.810039256697596577e-01,9.227391307586431113e-01,9.477064161448906816e+02
2.816663820932768791e-01,-8.550025986386708965e+00,-2.825504557943523842e+00,-2.232558145057627896e-01,-8.576223065761064135e-02,9.709797531782003999e-01,9.542518014451608224e+02
6.449946763861310606e-01,-7.425474321062447203e+00,-2.995279256276323299e+00,-3.143968315675013669e-01,2.970307935094092244e-02,9.488268331879045059e-01,9.607971867454309631e+02
6.815460212767642245e-01,-7.291736631295185234e+00,-3.010477247243471766e+00,-3.270208820538658134e-01,-3.025229784728170057e-02,9.445327634209789158e-01,9.615062579861255472e+02
9.229346790434589387e-01,-5.985229602307651220e+00,-3.104585922464370373e+00,-8.618337641254351089e-01,4.101762959065310410e-01,-2.983252743060533230e-01,9.680516432863956879e+02
9.590519148921957671e-01,-4.936461161459119396e+00,-3.116691736765968557e+00,-8.714708280443511645e-01,3.219223534113443974e-01,-3.700062083827709847e-01,9.728923574258250255e+02
8.234723268462603718e-01,-3.384730314946749807e+00,-3.087530196537853655e+00,-8.955861548054598886e-01,1.262626684818657086e-01,-4.265948638563401563e-01,9.794377427260951663e+02
5.635358034854365261e-01,-1.676280220413723931e+00,-3.053989387330121819e+00,-8.360801922572482781e-01,-5.251811376706942980e-01,1.586022848196018409e-01,9.859831280263653071e+02
2.537619252364179401e-01,1.390097851024184039e-01,-3.032333051803999258e+00,-8.356906746476116046e-03,-7.353126254370540016e-02,9.972578982080610999e-01,9.925285133266354478e+02
1.764084710542206391e-01,5.997274981607582101e-01,-3.029058712594999925e+00,2.844214459406308945e-02,-2.879475887637890086e-01,9.572237097648649273e-01,9.941600517329895865e+02
-1.384129814448463169e-01,2.420453670142272973e+00,-3.020822369755541192e+00,2.009208087085586070e-01,-2.796566051909230577e-01,9.388413134289452788e-01,1.000705437033259727e+03
-5.374315050999233234e-01,4.129824249110464862e+00,-3.009911573732972467e+00,-1.826517945728879655e-01,-2.279327022671774061e-01,9.563916588806522512e-01,1.007250822333529868e+03
-9.708464583183612495e-01,5.355440661300812089e+00,-2.993737018109969839e+00,5.665218863827359980e-03,7.564395259146343420e-02,9.971187982038878239e-01,1.012534515054157623e+03
-1.537461951393915394e+00,6.643799113817919988e+00,-2.975521559121595772e+00,2.581270571095627964e-01,3.363670494120991061e-01,9.056641929864264196e-01,1.019079900354427764e+03
-1.929336974269782790e+00,7.676235291832142593e+00,-2.980286458344918898e+00,4.368294317547982697e-01,-1.599204374717398403e-01,8.852149463444612953e-01,1.025625285654697791e+03
-1.931368352315258718e+00,8.421957107291325073e+00,-3.030493943906326315e+00,3.981413014329845401e-01,3.385056254222422178e-01,8.525828086765213643e-01,1.032170670954967818e+03
-1.554521419097333546e+00,8.759721816952097839e+00,-3.078653304884534592e+00,2.478892281266968090e-01,2.022999413471712749e-01,9.474310868393972518e-01,1.037160837249594579e+03
-6.455053785641456932e-01,8.899344278310829637e+00,-3.054589217940982149e+00,-2.019872216477025528e-01,1.391232936681277843e-01,9.694564824941724890e-01,1.043706222549864606e+03
4.860725670228169260e-01,8.737440327370114446e+00,-2.876854264526534255e+00,-7.882077757909274757e-03,2.434682094053113310e-01,9.698768498418702810e-01,1.050251607850134633e+03
1.618429176921297508e+00,8.286349352542227820e+00,-2.525546723035324792e+00,-5.703529417733749218e-01,4.420603754187166223e-01,6.923006184419602249e-01,1.056796993150404660e+03
2.003431983476615219e+00,8.026851797656039622e+00,-2.333011684959402032e+00,-3.394681067675140995e-01,-3.578160403261247402e-01,8.699017678870486492e-01,1.059310682662409818e+03
2.823995669394757879e+00,7.213242743025123360e+00,-1.703608102775268973e+00,-8.137043482126139482e-01,6.874737384813343899e-02,5.771993003191100424e-01,1.065856067962679845e+03
3.435856037826411580e+00,6.384678600082316358e+00,-9.651234504461921881e-01,-7.269597200583950425e-01,4.214863915983473319e-01,5.421058818257045164e-01,1.072401453262949872e+03
3.671483982512511179e+00,5.989302009089362500e+00,-5.293563598198866016e-01,-8.915544754051968335e-01,-2.285361870486069813e-01,3.910266341238771148e-01,1.075989233689780121e+03
3.921908820609645296e+00,5.391952938119378480e+00,2.956069416743182798e-01,-9.987197790866227942e-01,5.031953229191909321e-02,5.171801532323985415e-03,1.082534618990050149e+03
3.972919574649085295e+00,4.877693280474253434e+00,1.135291366387643608e+00,-9.400509056998488377e-01,2.652293208175194317e-01,2.143774756628391565e-01,1.089080004290320176e+03
3.818519192859766598e+00,4.390617452072226534e+00,1.968131272724597647e+00,-9.303986755999884561e-01,-3.252162599552697042e-01,-1.690937275669744388e-01,1.095625389590590203e+03
3.764196318504580141e+00,4.298858694849542417e+00,2.120498135428439124e+00,-9.257225601934769843e-01,-2.903314321265965114e-01,-2.423745058131192287e-01,1.096841725917567601e+03
3.328704514817509619e+00,3.765148224899120599e+00,2.914723037333675659e+00,-7.674735375995699327e-01,-4.907289480892977618e-02,-6.391996715264123274e-01,1.103387111217837628e+03
2.675540318715113219e+00,3.223829978986248790e+00,3.640144964409557371e+00,-7.586148256645619536e-01,2.359557937496820357e-01,-6.073124481499483363e-01,1.109932496518107655e+03
2.433081538636875152e+00,3.091810590977993378e+00,3.830729865244565158e+00,-6.307994484469133800e-01,3.079462129638126933e-01,-7.122227079785619086e-01,1.111877068987771281e+03
1.470197591475445709e+00,2.931755562425165884e+00,4.335889002564782047e+00,-6.068183016567293420e-01,3.940918201347608507e-01,-6.902631281455745560e-01,1.118422454288041308e+03
3.819428638564214551e-01,3.242759674005264436e+00,4.638572131868659909e+00,-2.341991344014331816e-02,2.565776769192986140e-01,-9.662398270414815915e-01,1.124967839588311335e+03
-6.774130703212614124e-01,4.012162837940024929e+00,4.769597783323018092e+00,-1.388981899004419207e-01,-1.972904435320856908e-01,-9.704554465472867708e-01,1.131513224888581362e+03
-1.515349043872741719e+00,5.122703777775588385e+00,4.797013843312379677e+00,2.995436933392701673e-01,2.038529640304422574e-01,-9.320501836471427604e-01,1.138058610188851389e+03
-1.594309962653653434e+00,5.278373233036669276e+00,4.795849612537910645e+00,3.423111589978696245e-01,1.199449021238023771e-01,-9.318992922414131019e-01,1.138860141434578054e+03
-1.941442549719574195e+00,6.640265321198731030e+00,4.787618817377642166e+00,4.563943850275217762e-01,3.371302361990476948e-01,-8.234363176079401159e-01,1.145405526734848081e+03
-1.888314358995821785e+00,7.213161832259448403e+00,4.790272716228700212e+00,4.619607201583338929e-01,6.460962816700648037e-02,-8.845438875369128207e-01,1.148053578703284984e+03
-1.323816477486955412e+00,8.533357013341662523e+00,4.796161417146871386e+00,1.575670218043886961e-01,3.491471573232598491e-01,-9.237255524087131242e-01,1.154598964003555011e+03
-4.842488428438183057e-01,9.682777452910787730e+00,4.726897321016281239e+00,-3.069109870046617949e-01,-2.833573429538941424e-01,-9.085781541782376181e-01,1.161144349303825038e+03
-3.967417079768769117e-01,9.785529954901903693e+00,4.713107185934507726e+00,-2.226994912650990255e-01,2.375070243736316922e-01,-9.455132732878206436e-01,1.161785984944732490e+03
3.470666625764519675e-01,1.077768969652588282e+01,4.502409997792941709e+00,-7.787965493307633102e-02,-3.524058853176830208e-01,-9.326011212415331597e-01,1.168331370245002518e+03
5.761356888680219113e-01,1.163959992047458769e+01,4.265059012450991283e+00,-1.830258548679554453e-01,-7.378427635107073224e-01,-6.496842254393565552e-01,1.173990410582729510e+03
1.558162847441512400e-01,1.266174344831981813e+01,4.003719268670559828e+00,2.518367451675709856e-02,-9.262033801839933966e-01,-3.761822444953763500e-01,1.180535795882999537e+03
-8.142027105780017537e-01,1.340079225264618579e+01,3.752811187855752628e+00,4.940879716393636704e-03,-9.738457755557229367e-01,-2.271563187320582988e-01,1.187081181183269564e+03
-1.822557853338093281e+00,1.349388518725945829e+01,3.500681684253589943e+00,2.951168550738255680e-01,-9.449210784722201772e-01,-1.415280795822184134e-01,1.192657969127693832e+03
-2.812846594096082065e+00,1.295898362162882300e+01,3.049553684579346058e+00,1.558611646301465981e-01,-8.586428463201908334e-01,-4.883029385773708375e-01,1.199203354427963859e+03
-2.992968392881376172e+00,1.269889183906989416e+01,2.863140639783265939e+00,2.323585988956259341e-01,-8.510828744263755352e-01,-4.708156989495995148e-01,1.201110968549146264e+03
-3.337358381380937100e+00,1.182724657543877456e+01,2.040473808062076788e+00,5.144439760681008833e-01,-8.113557452669517556e-01,-2.775774668620502039e-01,1.207656353849416291e+03
-3.368241308176241233e+00,1.173837796549547186e+01,1.922239966520407073e+00,9.727896455020582644e-01,5.660960798037224101e-02,2.246678835265255858e-01,1.208478945707734283e+03
-3.429872281118389932e+00,1.162852601907554195e+01,1.720935537343416089e+00,9.536396649012156557e-01,9.297696602966225299e-02,2.862283586841389837e-01,1.209865610689777441e+03
-3.719807541197734047e+00,1.147252794431691925e+01,9.637145536490249187e-01,9.611372900290677812e-01,-1.621999753887452822e-02,2.755939429585100853e-01,1.216410995990047468e+03
-3.782703302639394582e+00,1.155856541965708040e+01,8.567145870376112748e-01,9.473773565649303841e-01,-5.484862549735622372e-02,-3.153851178307174874e-01,1.218977352460894735e+03
-3.745992086881294370e+00,1.183805743377570963e+01,1.104982946075525607e+00,9.721466489131322941e-01,-2.587116394865419597e-02,2.329411425294144466e-01,1.222448549475186155e+03
-3.633147952570825456e+00,1.210128984791283457e+01,1.505025678960267177e+00,9.869012000157911801e-01,-1.125689013843950842e-01,1.155606500868767983e-01,1.224607003153273808e+03
-2.777727324841339662e+00,1.294449295597166305e+01,2.846596724697062264e+00,8.816195743987494948e-01,-4.522383165661483795e-01,-1.350090036493264978e-01,1.231152388453543836e+03
-1.259831632132615953e+00,1.345252421577325919e+01,3.277699952721055521e+00,2.614655278214430556e-01,-8.927996585901408766e-01,3.668031452732951614e-01,1.237697773753813863e+03
-7.562457063218782638e-01,1.347064201288668883e+01,3.099852206118385300e+00,-4.709578364560922797e-02,-8.837761653761913028e-01,4.655337546040680952e-01,1.239535596146444504e+03
7.775616301327862301e-01,1.313754061199471046e+01,1.820206396721843589e+00,-5.297348476820296082e-01,-7.362699476682300626e-01,4.210552877139991379e-01,1.246080981446714532e+03
1.717704084755089067e+00,1.248725379746963959e+01,3.858019904947023737e-01,-9.071744331341790035e-01,-3.215153657975424184e-01,-2.714082117839349273e-01,1.252626366746984559e+03
1.954694585702206888e+00,1.209624699462562525e+01,-1.475016395853182838e-01,-9.133473960241382805e-01,-1.817806549550226788e-02,-4.067752353705506585e-01,1.256439075760270043e+03
1.997104573416098594e+00,1.192635521330517001e+01,-2.424332331137719343e-01,-9.307176860339403390e-01,6.278195863065763604e-02,-3.603096093280415135e-01,1.258643091531374012e+03
1.955743605309489652e+00,1.172881897143767382e+01,5.967570313006734239e-02,-9.927831561944899796e-01,3.459939988994210902e-02,-1.148237183850211590e-01,1.263537512859439857e+03
1.735630074015674040e+00,1.170639749165715315e+01,1.134141222188518983e+00,-9.390725477101738994e-01,2.246319424755389288e-02,3.429841906579948474e-01,1.270082898159709885e+03
1.612823314621437465e+00,1.175201922897957552e+01,1.646676558036387350e+00,-9.934558130317731051e-01,1.071800001187436790e-03,1.142120781622342485e-01,1.272415143416737919e+03
1.171680497855018377e+00,1.194447351600303264e+01,3.264586351136327114e+00,-8.879227323139334827e-01,4.208754552907891661e-02,4.580631615306959836e-01,1.278960528717007946e+03
6.985500301441099902e-01,1.207881398345496038e+01,4.978531265478904899e+00,-9.381110345983993959e-01,-2.077742947665576698e-02,3.457108404274639724e-01,1.285505914017277973e+03
3.108160381789841775e-01,1.197125143607728326e+01,6.635228307664725378e+00,-9.484711936668566157e-01,1.923191574853631847e-01,-2.518248130115222083e-01,1.292051299317548001e+03
3.496217824350951464e-02,1.155522222754384387e+01,8.106632018934545769e+00,-2.601749244890251833e-01,-8.136117230331129102e-01,-5.199470865484476789e-01,1.298596684617818028e+03
1.729609064627782647e-02,1.151330571137287251e+01,8.206959072336589500e+00,-2.017079137859329740e-01,-6.620901861145475076e-01,-7.217690094254051170e-01,1.299084628259237661e+03
-3.028143653060639262e-01,1.096479736784945835e+01,9.399079833527721917e+00,3.515519646055341729e-01,8.559666257936494604e-01,-3.791204976118064951e-01,1.305630013559507688e+03
-7.998110058991828586e-01,1.056363159724811496e+01,1.028555819011923766e+01,2.179060843552750870e-01,9.205317819052900585e-01,3.242501764120154784e-01,1.312175398859777715e+03
-1.347889010284934574e+00,1.040934480905846726e+01,1.086604560233126548e+01,5.843618796097665991e-01,7.808994274943554803e-01,-2.207199080235594801e-01,1.318720784160047742e+03
-1.584532683777043927e+00,1.033170515670307132e+01,1.114663113444842502e+01,6.294403467836036103e-01,6.886551967779714900e-01,-3.599428701775189143e-01,1.324381940622837419e+03
-1.367377683313116377e+00,1.009289961898273624e+01,1.129026139633335823e+01,4.570339206093714246e-01,7.836229100947726955e-01,-4.207791940995022073e-01,1.330927325923107446e+03
-7.678342616016711197e-01,9.846665231910105121e+00,1.132977965767098816e+01,1.499759494138596938e-01,9.645447563687830073e-01,2.171649777447928198e-01,1.337472711223377473e+03
-5.344624683970791157e-01,9.839799907362120734e+00,1.133080187521044557e+01,1.375505346140098659e-02,9.758093894918667965e-01,2.181899032581120779e-01,1.339529752796983757e+03
-3.105066320882385877e-01,9.917799505443602115e+00,1.132973463382235124e+01,-1.415313372007058652e-02,9.733157445019725573e-01,2.290330768916850335e-01,1.341451046296087952e+03
3.781630386643634045e-01,1.052426126397248218e+01,1.131917743594779857e+01,-5.625069614156122944e-01,7.695712641186802649e-01,3.022349877194093204e-01,1.347996431596357979e+03
7.966137169155544928e-01,1.138984102114498320e+01,1.131867704602359481e+01,-9.432627056542015609e-01,9.016964969930628404e-02,3.195698709124804027e-01,1.354541816896628006e+03
8.212849115901633690e-01,1.159358490441309364e+01,1.132338424509519825e+01,-9.481393338165323703e-01,6.800793095187730730e-02,3.104943236157254871e-01,1.355968761765152522e+03
6.341162180309307672e-01,1.244085276620376490e+01,1.141774074240344206e+01,-7.646771434992546412e-01,-6.041232401364164950e-01,2.242854808874127359e-01,1.362514147065422549e+03
2.514381509357778155e-01,1.296990867591877361e+01,1.171722948746552717e+01,-4.120072934432842948e-01,-9.111135659266651476e-01,-1.104808281720818380e-02,1.369059532365692576e+03
1.285492544762681377e-01,1.300377002968062179e+01,1.191130146265696332e+01,-3.251371859165823053e-01,-9.340758071007485563e-01,-1.476082549294950308e-01,1.371438322353818876e+03
-1.368633453976974002e-01,1.270089907824895725e+01,1.259642518627169139e+01,-1.430558529594531669e-01,-7.453926369450035727e-01,-6.510951080466028662e-01,1.377983707654088903e+03
-4.259705751226813830e-01,1.214763720258033608e+01,1.325541829164740548e+01,-5.234966345882291483e-02,-2.898083448012915286e-01,-9.556519429265467602e-01,1.384529092954358930e+03
-6.565740177654303400e-01,1.183417791600728819e+01,1.348576610052224289e+01,8.095559894736591156e-02,-8.778906972258858354e-02,-9.928440311732330548e-01,1.388136004714354613e+03
-6.890699824943907759e-01,1.180075728738395924e+01,1.350185538313746214e+01,9.814942258547387777e-02,-6.857094065304282504e-02,-9.928064851440561167e-01,1.388555737678094602e+03
-1.257188760815588724e+00,1.135811689067354635e+01,1.351229071445288454e+01,3.800005782055038694e-01,7.117899046492834336e-02,-9.222435209205193107e-01,1.395101122978364629e+03
-1.815938690957322521e+00,1.102400046267590206e+01,1.306998829043444665e+01,6.693889526874473583e-01,2.430960620145602435e-01,-7.020133436431357232e-01,1.401646508278634656e+03
-1.957105853847761257e+00,1.091972033598145408e+01,1.278966361959246001e+01,7.611428897947906114e-01,3.043224808788033142e-01,-5.727559069504265521e-01,1.403961155374455302e+03
-2.037185475514377675e+00,1.060531229334893588e+01,1.169263759755574128e+01,8.631922543030038364e-01,5.048502255883535739e-01,5.038038773854191556e-03,1.410506540674725329e+03
-1.666931370276976576e+00,1.031645083225243553e+01,1.029071094431736455e+01,6.862219130113985655e-01,7.026237454852237718e-01,1.882003145143280043e-01,1.417051925974995356e+03
-9.669983091137809295e-01,1.022588752673684809e+01,8.659588985354314872e+00,2.196597651511934535e-01,8.613675101460284145e-01,4.580344965595430917e-01,1.423597311275265383e+03
-3.025055747978100396e-01,1.035843872629675033e+01,7.184278075514784589e+00,3.056418147941515895e-01,7.439630618638433113e-01,-5.942239002526849001e-01,1.429009903517570365e+03
4.550854137712201375e-01,1.067353186691733669e+01,5.346071627282873884e+00,-6.624802265696417836e-01,7.176696866225659166e-01,-2.146396289302234250e-01,1.435555288817840392e+03
1.099744307518424113e+00,1.108385063887281063e+01,3.565814288569653989e+00,-9.606342364893756258e-01,7.686425822163210630e-02,2.669714394696792170e-01,1.442100674118110419e+03
1.589279723962732316e+00,1.156968187265541559e+01,1.964263900075307712e+00,-9.369579524432932738e-01,-1.579262560767279444e-01,3.117195742889097287e-01,1.448646059418380446e+03
1.910127996808832718e+00,1.209652179244840831e+01,6.116402897818821183e-01,-9.275462315667144519e-01,-1.278952386749483416e-01,-3.511421310960345377e-01,1.455191444718650473e+03
2.006350180472499467e+00,1.235009858118973369e+01,4.826038292462631052e-02,-8.748559826262893857e-01,-1.300494553642812801e-01,-4.665984878055684515e-01,1.458405581212226934e+03
2.130588189892562490e+00,1.279366551814741904e+01,-9.543726779089265477e-01,-9.430022095859050824e-01,-3.321739873821339395e-01,-2.018105108151897059e-02,1.464950966512496962e+03
2.234139502644647557e+00,1.308554776070066161e+01,-1.860284055102845890e+00,-6.136811751463931985e-01,-6.427871360510022392e-01,-4.584976695669151225e-01,1.471496351812766989e+03
2.383782991405023477e+00,1.313812453177867390e+01,-2.750883729696567137e+00,-7.175339578438634236e-01,-6.964964368912353043e-01,-6.142698001220010459e-03,1.478041737113037016e+03
2.509879078525373952e+00,1.302099698253469384e+01,-3.280008024771023045e+00,-7.702368592961131855e-01,-5.791474299162205908e-01,-2.670644772392911648e-01,1.481816523951514682e+03
2.736124506458445627e+00,1.267532740072985575e+01,-4.184513322228744947e+00,-8.927399390716467265e-01,-3.982583127282274260e-01,2.107266417167461547e-01,1.488361909251784709e+03
2.850072341804379850e+00,1.240021574227810142e+01,-4.978722341653146088e+00,-9.579995870529842694e-01,-2.662517704749233771e-01,-1.065212932951915270e-01,1.494907294552054736e+03
2.721131358698078540e+00,1.245342017551526403e+01,-5.548430708166174341e+00,-9.294941897847873724e-01,-3.075434957769899169e-01,2.036112702224271986e-01,1.501423043705973669e+03
2.278524455345010136e+00,1.295277096721851251e+01,-5.829418657494077394e+00,-7.321711155744929922e-01,-6.750574281222461170e-01,-9.068035209118387174e-02,1.507968429006243696e+03
1.562430602742042929e+00,1.372842098738537686e+01,-5.833839185439879671e+00,-5.885378419688072071e-01,-7.004933787060481087e-01,4.036486528649445016e-01,1.514513814306513723e+03
1.029999727379248720e+00,1.418492491622426854e+01,-5.712665039924646138e+00,-6.678210528968364645e-01,-6.728542019731823531e-01,3.182487457866766678e-01,1.518374598924670863e+03
3.671414870521357010e-02,1.477247472303433184e+01,-5.334751520425077054e+00,-7.209549349684968300e-02,-9.933579370687081189e-01,8.967858540390860611e-02,1.524919984224940890e+03
-2.101845850001577420e-01,1.486893483505999036e+01,-5.211057814455935855e+00,6.752705748021044230e-02,-9.975710644506695646e-01,1.708999352903120897e-02,1.526550447678494493e+03
-1.094523914110313134e+00,1.505623008005970398e+01,-4.667120531536372852e+00,1.744876417893738152e-01,-9.537145671630650190e-01,-2.449134280592848434e-01,1.533095832978764520e+03
-1.751300513049738994e+00,1.503226971509930010e+01,-4.215954432093493409e+00,4.440798129162314423e-01,-8.752830745392767842e-01,1.915010683660955115e-01,1.539641218279034547e+03
-1.819462998354024919e+00,1.501403848283839082e+01,-4.171572660213752393e+00,4.729168511150048104e-01,-8.643237723669865424e-01,1.711551005747994625e-01,1.540574001202621048e+03
-2.053844126029280570e+00,1.482427180094519592e+01,-4.141044845788422357e+00,5.870564034113020524e-01,-7.935126467084850921e-01,1.603198637957305994e-01,1.547119386502891075e+03
-1.806566767684342434e+00,1.453929137500863611e+01,-4.580789371331203341e+00,5.592630067701477303e-01,-7.684244235978660020e-01,-3.110446824440198377e-01,1.553664771803161102e+03
-9.320800865173477501e-01,1.410849848155958597e+01,-5.282030309317956807e+00,1.890112532593476447e-01,-9.773727158162266448e-01,9.495957307899127731e-02,1.560210157103431129e+03
-7.244875773346600711e-01,1.401549679922263714e+01,-5.398089757111640630e+00,-4.691274419736672120e-03,-9.749852092414682536e-01,2.222202369377937470e-01,1.561251238058522858e+03
5.108183588242005690e-01,1.305178593554591515e+01,-6.008110342651935554e+00,-9.990958795367518297e-01,-2.949836551012555846e-02,3.061486444385215500e-02,1.567796623358792885e+03
9.716264635078355472e-01,1.157476290942046049e+01,-6.322976930121807726e+00,1.051620849259738422e-01,-5.135212794608059461e-01,8.516083791479268639e-01,1.574342008659062913e+03
9.407339947197987939e-01,1.138499269143765780e+01,-6.334348156392084483e+00,2.036569117291130437e-01,-3.750760236019597127e-02,9.783235876079803273e-01,1.575088175139991336e+03
3.196451139487000992e-01,9.850990136865625857e+00,-6.143578969322808447e+00,-8.526389195001090604e-01,4.624561186371712873e-01,2.431896611468694624e-01,1.581633560440261363e+03
-3.139846974491402043e-01,8.712207781928547945e+00,-5.465020118607057498e+00,1.300573876459216183e-01,9.718538496833379892e-01,1.964310840330378838e-01,1.588178945740531390e+03
-3.545221301085687005e-01,8.622759708226025666e+00,-5.365416409579623291e+00,1.500050487665242904e-01,9.812148730169854005e-01,1.213089374894271988e-01,1.588887797873073396e+03
-5.205369037495716222e-01,8.101549672950195458e+00,-4.430249106941791304e+00,-1.200822567391236495e-01,9.454664925340428017e-01,3.027760940229820563e-01,1.595433183173343423e+03
-3.924540478743297478e-01,8.007876805378483454e+00,-3.862899916181792737e+00,1.369675747049503012e-01,9.899212703928578216e-01,3.599669294857829605e-02,1.600887889330697590e+03
-2.858667373070754580e-01,8.040105901614834849e+00,-3.795617785015418910e+00,8.872081165417265713e-02,9.960466401236939271e-01,4.439400604319760496e-03,1.602857601602921704e+03
1.764526535088219161e-01,8.295000996279590311e+00,-4.119948030406062500e+00,-1.486732043088464239e-01,9.726346683546945870e-01,1.785443368888896820e-01,1.609402986903191731e+03
6.272192485905930814e-01,8.689152807213213592e+00,-4.981950488032365953e+00,-4.614938579910198846e-01,8.787858951677348651e-01,-1.214856760725624985e-01,1.615948372203461759e+03
8.584883110306232856e-01,9.176855028993147201e+00,-6.080446375722177166e+00,-7.445351911886536334e-01,6.644731662151752705e-01,6.436427939202772619e-02,1.622493757503731786e+03
8.390790167426033230e-01,9.341711121550998698e+00,-6.420531596119561257e+00,-7.593977777160464404e-01,5.731670024350271619e-01,3.078873211413152289e-01,1.624493894945130023e+03
4.868883132346381593e-01,9.935278289892051973e+00,-7.397178091374629005e+00,-4.499868210716510553e-01,1.345742080888961134e-01,8.828372689114776239e-01,1.631039280245400050e+03
8.563817074944161944e-02,1.049392039314526315e+01,-7.971054242429008063e+00,8.388524537642057244e-02,2.095185543036403031e-01,9.741997952220324830e-01,1.636281754133308368e+03
-4.790633960002076835e-02,1.073490784657768415e+01,-8.115703986686073179e+00,1.434580434593394627e-01,8.062470442696374751e-02,9.863667912104923108e-01,1.638253231754998524e+03
-3.855476101712287940e-01,1.151550334691052235e+01,-8.413493104051028126e+00,2.538178966338300313e-01,-2.455465398507713504e-01,9.355658031991613832e-01,1.644798617055268551e+03
-6.341696528959684942e-01,1.189588960915264870e+01,-8.559988349455034395e+00,-1.812856241627731346e-01,1.488386588053106918e-01,9.721021428414557963e-01,1.649936422859968388e+03
-1.060938288662228723e+00,1.187039256825204525e+01,-8.710700047609838848e+00,-1.374927167497624197e-02,1.522191552951013549e-01,9.882511251142866993e-01,1.656481808160238415e+03
-1.377658493588503896e+00,1.161230113561712862e+01,-8.737064302363638291e+00,1.015407074854024344e-01,2.407836208599854755e-01,9.652526781361027153e-01,1.660148686695825063e+03
-2.074855282009231416e+00,1.089328793250848548e+01,-8.532438115010535284e+00,8.288413156886599575e-02,1.932280558256551650e-01,9.776467353681043138e-01,1.666694071996095090e+03
-2.714513046207294167e+00,1.029741974574842978e+01,-7.972249011834929178e+00,3.526741307873799691e-01,4.530946880896154494e-01,8.187344875466894267e-01,1.671978387122397407e+03
-3.469618412668481700e+00,9.975248340054825746e+00,-6.724254009771884810e+00,7.091054807647982905e-01,6.257505424633771351e-01,3.249702690341281786e-01,1.678523772422667435e+03
-3.557313888760853082e+00,9.991088206593918386e+00,-6.530047842020895388e+00,7.479738529935127112e-01,6.189913400057224235e-01,2.395513227597775574e-01,1.679380621676957617e+03
-4.059600360446467882e+00,1.057092669274142338e+01,-5.128236159073965794e+00,9.496059991396245126e-01,3.126283023771392333e-01,-2.262721703664943157e-02,1.685926006977227644e+03
-4.211415767103002139e+00,1.166290002171319173e+01,-3.986499784527837154e+00,9.891240077056038249e-01,1.197104287935146921e-01,8.545823903215833683e-02,1.692471392277497671e+03
-4.197210365206534455e+00,1.184191739352786321e+01,-3.855538128032146794e+00,9.985834183611113080e-01,4.394587421568664498e-02,2.999861186216668321e-02,1.693401776851197610e+03
-3.732452783597163926e+00,1.301025047866628270e+01,-3.184565134723794877e+00,8.320084762925420430e-01,-4.832047870453620719e-01,-2.725344549847030784e-01,1.699947162151467637e+03
-2.635467500305486155e+00,1.383837252214520497e+01,-2.866756249216687813e+00,6.167414148022871689e-01,-6.244689557264418989e-01,-4.792374678607678740e-01,1.706492547451737664e+03
-1.140861649458140503e+00,1.438360719212298733e+01,-2.690302810674916056e+00,-5.016381764441130847e-02,-2.903998171351611021e-02,9.983187220829914388e-01,1.713037932752007691e+03
-1.009826794741225164e+00,1.442680372207017392e+01,-2.674624280382604358e+00,-9.765029317792577046e-02,-4.471387754773942236e-02,9.942158163079638511e-01,1.713584268264123693e+03
4.528024766652440358e-01,1.510264490967866635e+01,-2.388977883449483475e+00,-2.261704900174139332e-01,8.600068674931948820e-01,4.574222308872026299e-01,1.720129653564393720e+03
1.705847713002550670e+00,1.597669896067853124e+01,-2.020446539376668849e+00,-3.984284200215393867e-01,2.926011377074615449e-01,8.692751971219695450e-01,1.726675038864663748e+03
2.726711621782783368e+00,1.688115592982932966e+01,-1.760029385276232317e+00,-7.606290667406279127e-01,-1.207379645271691726e-01,6.378603034764881441e-01,1.733220424164933775e+03
3.408321866838628367e+00,1.760134851863632477e+01,-1.726515282006580776e+00,-8.072869332243154394e-01,4.419226688025229000e-01,3.911421253761034889e-01,1.738973867391777048e+03
3.945468227574588926e+00,1.831909680697803822e+01,-1.877945028638588143e+00,-9.011595223141100064e-01,1.641206291648718285e-01,4.012180634332552231e-01,1.745519252692047075e+03
4.263018227633035728e+00,1.896866449701781221e+01,-2.109151517096659934e+00,-9.027019845244985685e-01,-4.243410222728613568e-02,4.281687448935246887e-01,1.752064637992317103e+03
4.383419025882962394e+00,1.958540113585207010e+01,-2.303391787582911743e+00,-8.691476428017324007e-01,-2.064300676091793407e-01,4.494096151608926726e-01,1.758610023292587130e+03
4.357106129584821019e+00,1.993676340487246890e+01,-2.342604642965747441e+00,-8.445882844506954479e-01,3.157021401451722831e-01,4.324381903537071192e-01,1.762352992655723710e+03
4.163665055802250770e+00,2.057583682893957189e+01,-2.193772034978199059e+00,-8.852933789280612586e-01,1.563885192483642772e-01,4.379477871544048551e-01,1.768898377955993737e+03
3.835214572448816028e+00,2.127042860250424638e+01,-1.707785039929631488e+00,-9.363621328335279825e-01,-6.866460280663187754e-02,3.442544531547180320e-01,1.775443763256263765e+03
3.397563918539061145e+00,2.205321644435567663e+01,-7.679829730598061177e-01,-6.655841361037672099e-01,-4.868471307514222191e-01,5.656656512871446330e-01,1.781989148556533792e+03
2.844203881888037522e+00,2.291006588647572784e+01,6.072494733405755518e-01,-8.512500229869263135e-01,4.776649191152604335e-01,-2.172777563658306599e-01,1.788534533856803819e+03
2.101180620411500222e+00,2.373538367052043085e+01,2.129492945730566245e+00,-4.666597167183098027e-02,-6.082750622667831841e-01,-7.923532897087416371e-01,1.795079919157073846e+03
2.000416576275958924e+00,2.382111069718885332e+01,2.296593422558320441e+00,8.506742176562835656e-02,-5.740244753459362581e-01,-8.144074136806290776e-01,1.795822939813491757e+03
9.053153578418599023e-01,2.442361342679122060e+01,3.482648737952129370e+00,-9.890266336545173731e-01,6.626323593501688702e-02,-1.320435590456172092e-01,1.802368325113761784e+03
-4.922357024463974162e-01,2.476422975687366446e+01,4.052643353279935745e+00,-7.981158237133063882e-02,-3.637570286214076853e-01,-9.280683894239198928e-01,1.808913710414031812e+03
-1.888992835632092193e+00,2.493035174361129336e+01,3.981789819266932540e+00,8.667003425256165627e-01,-2.859451104975481162e-01,-4.087369692706105395e-01,1.815269220276476744e+03
-3.053582549718172778e+00,2.507539229036824935e+01,3.398546981331553418e+00,7.750889017585529395e-01,-2.245909854452216303e-01,-5.905896067723039877e-01,1.821814605576746771e+03
-3.225238584310194945e+00,2.510919974554690626e+01,3.236573494793233419e+00,2.765661004793099620e-01,-2.918035198931910323e-01,-9.156210448889936515e-01,1.823075599560264436e+03
-3.815809465711722304e+00,2.531134280566050165e+01,2.238871785690495830e+00,6.883829573553741366e-01,-4.790565673570626459e-01,-5.446408993958654632e-01,1.829620984860534463e+03
-3.980143697313921702e+00,2.549662998494544652e+01,1.062796901933154903e+00,7.916481399935009211e-01,-5.929356113496258018e-01,1.473790461302954824e-01,1.836166370160804490e+03
-3.771631483229729742e+00,2.560700276765223649e+01,-1.838692274612457878e-01,6.150973929433670717e-01,-6.060687559209214648e-01,5.043172218859273137e-01,1.842711755461074517e+03
-3.338839343561596618e+00,2.561104837432132442e+01,-1.194278830103639333e+00,2.971338273305683120e-01,-4.768046867492317098e-01,8.272658456323788156e-01,1.848176137346606993e+03
-2.567079250765577303e+00,2.548074648576056589e+01,-2.264115033829096291e+00,8.049560655091079209e-01,-4.214412683015923422e-01,4.176517568171386197e-01,1.854721522646877020e+03
-1.639506213997862227e+00,2.512423583385320924e+01,-3.052979245989035917e+00,4.476196955317933157e-01,-2.965111699379189836e-01,8.436336493253875357e-01,1.861266907947147047e+03
-1.391842806137032706e+00,2.496230829901077541e+01,-3.185072882199579070e+00,3.319660000045612791e-01,-2.209360728131755380e-01,9.170527937751798975e-01,1.862969455417602603e+03
-5.752130726748293510e-01,2.400531948284689321e+01,-3.442904556363391766e+00,-6.094514356287449725e-02,2.280954137665225367e-01,9.717294745425703040e-01,1.869514840717872630e+03
-4.297729941635904383e-01,2.370521030119871497e+01,-3.459996582186604552e+00,-2.385121788021161704e-01,-1.626416663652271444e-01,9.574234324085710846e-01,1.871052893727382980e+03
-5.334272811157840521e-02,2.215426426970135410e+01,-3.457659941514058310e+00,8.763587080380254302e-02,-4.425034655740072154e-01,8.924744461907312409e-01,1.877598279027653007e+03
-1.130625453863946979e-03,2.040014031820195228e+01,-3.414960282994416119e+00,7.166721222949479220e-02,3.065419442807358896e-01,9.491553334875376668e-01,1.884143664327923034e+03
-6.160496123886626679e-02,1.987590656356206154e+01,-3.405148211341210374e+00,4.482050788489407717e-02,-4.399779714413762921e-01,8.968893503210256801e-01,1.886141432716269264e+03
-5.460511151632060356e-01,1.842835652417380032e+01,-3.386761699839270445e+00,-1.281663599433312817e-01,1.811708050631331279e-01,9.750643689375858569e-01,1.892621027517892571e+03
-9.172994735072873551e-01,1.796001332736684475e+01,-3.373626120740809586e+00,1.533452402056478536e-01,-2.971247069972701160e-01,9.424447706884783171e-01,1.895443756594243041e+03
-2.074191767955743781e+00,1.728890806479426701e+01,-3.221876501807524829e+00,6.028379906010209455e-01,-2.033652074664764331e-03,7.978610288435966647e-01,1.901989141894513068e+03
-3.244068128660360539e+00,1.702274942311925798e+01,-2.736666700520880013e+00,8.680671100505230608e-01,8.469928949467021850e-02,4.891681948038231198e-01,1.908534527194783095e+03
-3.342433925593244037e+00,1.701610816736670628e+01,-2.666544698727890683e+00,5.736747206880515870e-01,-1.654008344959950194e-01,8.022093734128979969e-01,1.909155685568748140e+03
-4.159800254419028676e+00,1.708423900736654133e+01,-1.777556268311465182e+00,5.045961015270126193e-01,4.617993057590881467e-02,8.621195905068769205e-01,1.915410774006160409e+03
-4.692667093628021924e+00,1.735477976005578071e+01,-6.232806224238909287e-01,8.161928035482537425e-01,-5.197117466660724355e-02,5.754374896023152219e-01,1.921956159306430436e+03
-4.826713355337413525e+00,1.773097894354818393e+01,6.129028267068986624e-01,9.698525021233923571e-01,-2.244638278169706069e-01,9.487947157709455959e-02,1.928501544606700463e+03
-4.501710474837994802e+00,1.810987994849708826e+01,1.860897811349997655e+00,9.065208718937445287e-01,3.550473729523295763e-01,-2.283884230442829455e-01,1.935046929906970490e+03
-3.770716724253985852e+00,1.838289483558415682e+01,3.052709347855293132e+00,9.393824764073548383e-01,2.214648081949336933e-01,-2.617516031468893334e-01,1.941592315207240517e+03
-3.069471496092764262e+00,1.843517853978843490e+01,3.783147081228391162e+00,6.654007765984107925e-01,2.212799426733421115e-01,-7.129354763740645140e-01,1.945986311538626524e+03
-1.786387220952415644e+00,1.822909308618848812e+01,4.717667796719752893e+00,5.713360284449162663e-01,3.346708959104930381e-01,-7.493800998366968447e-01,1.952531696838896551e+03
-8.595766654392252848e-01,1.784042963876098753e+01,5.204172474274245452e+00,1.440843599529112729e-01,-3.414849806960929546e-01,-9.287775326610506754e-01,1.956877363433620303e+03
4.737057028374979661e-01,1.680545873223167064e+01,5.699703575738557682e+00,-2.179204250868255754e-01,1.451153726921463882e-01,-9.651177218030951854e-01,1.963422748733890330e+03
1.671302832924020043e+00,1.533622673139884363e+01,5.955856277940642762e+00,-4.775016605702986361e-01,5.035826979693536209e-01,-7.199976600368325208e-01,1.969968134034160357e+03
2.741871662242350904e+00,1.352295561093904297e+01,6.007128798944903814e+00,-4.642712774930351505e-01,1.715511273230843625e-01,-8.689202446767850807e-01,1.976513519334430384e+03
3.696750808100231822e+00,1.145547650718632759e+01,5.888043698382674052e+00,-6.207632220929502065e-01,1.122218316378504888e-01,-7.759247918455914883e-01,1.983058904634700411e+03
4.549955158260513777e+00,9.223167782669097647e+00,5.633143775049791024e+00,-6.546560851737296405e-01,4.498817910985283275e-01,-6.074798631913543856e-01,1.989604289934970438e+03
5.318169902300965646e+00,6.914893194316703351e+00,5.276987961410103622e+00,-6.928122012924201600e-01,5.126111204038240610e-01,-5.071894054282751751e-01,1.996149675235240466e+03
6.020744003599437733e+00,4.618940176620848881e+00,4.854147218060608893e+00,-6.438954528149105627e-01,6.701732940749888234e-01,-3.691427931748902380e-01,2.002695060535510493e+03
6.679683119614048259e+00,2.422958246881552036e+00,4.399200429274110036e+00,1.220877483053446760e-01,-9.925192843472805393e-01,2.278431317580190802e-04,2.009240445835780520e+03
7.312051896435098008e+00,3.898287286302973831e-01,3.939318134289692352e+00,8.618111053693883195e-02,-9.953126077860612320e-01,4.388198911547099013e-02,2.015785831136050547e+03
7.921394107684448294e+00,-1.466144433982615292e+00,3.486847135857349400e+00,3.456436609445666386e-02,-9.991793163873654571e-01,-2.111867183715074661e-02,2.022331216436320574e+03
8.503846333271612323e+00,-3.154718460172760253e+00,3.046721194263108945e+00,1.885452193216362662e-02,-9.991354767647286916e-01,3.705139771760392053e-02,2.028876601736590601e+03
9.055238204677770852e+00,-4.685483527920825786e+00,2.623872603779776380e+00,-7.677117787957864203e-02,-9.892714280271802663e-01,1.242909004555258629e-01,2.035421987036860628e+03
9.571094695145831110e+00,-6.067855662587586352e+00,2.223231607666335652e+00,-6.896421531724294951e-02,-9.343354835246856505e-01,-3.496586066899666223e-01,2.041967372337130655e+03
9.704779470098158001e+00,-6.415200070340148386e+00,2.118771693696169578e+00,-1.092194253524418207e-01,-9.288062132394475645e-01,-3.541046954976453387e-01,2.043757430129056502e+03
1.016342271465895664e+01,-7.578831646659954124e+00,1.758625589400987899e+00,-3.140513630267074419e-01,-8.769016132318584456e-01,-3.638891343423589220e-01,2.050302815429326529e+03
1.057589969710503119e+01,-8.614720003582684527e+00,1.431884852120036022e+00,-6.300734336698167182e-01,-6.982558850048848909e-01,-3.397737294723827683e-01,2.056848200729596556e+03
1.093675520187861139e+01,-9.531672082517308908e+00,1.143468636759282120e+00,-9.281605511376815887e-01,-2.922609027024435369e-01,-2.304377487812010183e-01,2.063393586029866583e+03
1.124023984467098103e+01,-1.033829076446462736e+01,8.982915573380635399e-01,-9.016241012152396150e-01,-3.575807612355416665e-01,2.433310076871044447e-01,2.069938971330136610e+03
1.148031271651596619e+01,-1.104296801062017863e+01,7.012630928170020539e-01,-9.446416563350831241e-01,4.723797209161741117e-02,3.246855634443612248e-01,2.076484356630406637e+03
1.165064407061415608e+01,-1.165387805079220662e+01,5.572869915512288497e-01,-8.915031550341059319e-01,3.183896903347859797e-01,-3.222578620495611945e-01,2.083029741930676664e+03
1.174461806122953789e+01,-1.217897061069501419e+01,4.712606861240372647e-01,-9.509369903835700466e-01,-1.124412149973847835e-01,-2.882287520185138341e-01,2.089575127230946691e+03
1.175533554916303025e+01,-1.262596418662150555e+01,4.480747133057480514e-01,-9.560637014066184491e-01,9.438238684485138197e-02,-2.775502907693400134e-01,2.096120512531216718e+03
1.167561697091454320e+01,-1.300233937127686978e+01,4.926121342116651092e-01,-9.164754323142406678e-01,2.677590150887360076e-01,-2.972841936651457462e-01,2.102665897831486745e+03
1.149800527076445711e+01,-1.331533223246924713e+01,6.097479546072400725e-01,-8.461180637028887785e-01,4.179629623197944621e-01,3.307433814977046027e-01,2.109211283131756772e+03
1.121476889560603318e+01,-1.357192774536785329e+01,8.043485454607807172e-01,-9.910300293329876720e-01,1.282979428346235073e-01,-3.740479681352873453e-02,2.115756668432026800e+03
1.084646402409115318e+01,-1.377606348853135465e+01,1.050240092152709748e+00,-9.426623893939971577e-01,2.732692420282810120e-01,-1.916025599601650642e-01,2.122302053732296827e+03
1.048742806019607521e+01,-1.392000653105246144e+01,1.250893041338398071e+00,-8.365089858465890593e-01,4.138807360049161499e-01,-3.591036799615675013e-01,2.128530846178800857e+03
1.020469489055901668e+01,-1.401752266896070864e+01,1.310320571368018605e+00,-7.155610637525130491e-01,5.371268532108948168e-01,-4.466174062899180286e-01,2.135076231479070884e+03
1.012152611638133060e+01,-1.406334469848324531e+01,1.100046442704239569e+00,-7.137476330825615056e-01,6.272375400654393029e-01,-3.116687096929967593e-01,2.141621616779340911e+03
1.012781967807254624e+01,-1.406515755565209425e+01,1.058252252210909905e+00,-7.231348710747809161e-01,6.323276218690835337e-01,-2.779167804524395047e-01,2.142313443644631661e+03
1.015979279037970429e+01,-1.405218549531641159e+01,7.804354201528623802e-01,-7.695023343062346033e-01,6.372011415766715148e-01,-4.290527555724035075e-02,2.145499142418664633e+03
1.016158654577965237e+01,-1.390499460535097320e+01,-4.804684872511583854e-02,-7.597982773113252097e-01,5.014849210914328337e-01,4.137867224944051792e-01,2.152044527718934660e+03
1.020395655969654314e+01,-1.356486599483082145e+01,-8.691053566383021289e-01,-3.563910372218558886e-01,7.913508458086655484e-01,4.967386308974161557e-01,2.158589913019204687e+03
1.036233165663682243e+01,-1.321899681510840630e+01,-1.219670101770206738e+00,-4.508494170433507975e-01,5.338571507706281194e-01,7.153540002842911916e-01,2.162754429491485098e+03
1.074001911236210560e+01,-1.254777504935345789e+01,-1.515700273845427271e+00,-8.647472826441259253e-01,4.203671699351642088e-01,2.747791469531504771e-01,2.169299814791755125e+03
1.101457691303239983e+01,-1.187971915089633335e+01,-1.728612536145716749e+00,-9.313809847656236984e-01,2.316193389098346322e-02,3.633083897124408379e-01,2.175845200092025152e+03
1.102998206722655716e+01,-1.171965628903715384e+01,-1.796814724679167030e+00,-9.184229629613744894e-01,-6.121392135437062759e-02,3.908351531498548415e-01,2.177622345709097772e+03
1.079396077107068663e+01,-1.122862405119919771e+01,-2.099084218701614990e+00,-8.112941051671582748e-01,-1.659217509662505585e-01,5.605995428800433222e-01,2.184167731009367799e+03
1.016059550080395901e+01,-1.083252106199598330e+01,-2.398055144387969850e+00,-5.023273285202117799e-01,-4.015078166882121158e-01,7.658059337456274429e-01,2.190713116309637826e+03
9.156599319512592317e+00,-1.048994952267384662e+01,-2.588302559814340764e+00,6.447147301707559230e-02,-5.623945567588717331e-01,8.243517402753515189e-01,2.197258501609907853e+03
7.891271575653896697e+00,-1.015588803377111127e+01,-2.575468694504848166e+00,3.259792226568718893e-02,-6.535090598011503715e-01,7.562164268394176991e-01,2.203803886910177880e+03
6.595306235044602339e+00,-9.802060903809557857e+00,-2.306629909021215674e+00,-1.218344423516968672e-01,-4.150608213276278380e-01,9.015990701280065522e-01,2.209961793825262248e+03
5.254003736425764792e+00,-9.332312369186009704e+00,-1.687940007315854363e+00,-2.765185376851354571e-01,-7.016114770643069320e-01,6.567182299648121058e-01,2.216507179125532275e+03
4.103116651118905445e+00,-8.791995130396660585e+00,-7.734779839545525837e-01,3.487717522259260461e-01,-6.949171893054106874e-01,6.288468532616866558e-01,2.223052564425802302e+03
3.420524925108925807e+00,-8.414158681106121307e+00,5.375999439739751612e-02,-1.789704871457252766e-01,-9.669968954691453566e-01,1.813465436225816241e-01,2.228535470921359774e+03
3.137415754842177940e+00,-8.221342457689479133e+00,8.670436972905515294e-01,-1.016133228031449939e-02,-9.993832281290730979e-01,-3.361414375827727341e-02,2.234736411398093878e+03
3.498286719706266812e+00,-8.271657629947805290e+00,1.556214194293213060e+00,-1.934066621936902930e-01,-9.034582789274219206e-01,-3.825663357596906233e-01,2.241281796698363905e+03
4.354280602991440041e+00,-8.442864439051787073e+00,2.010241550221409490e+00,1.849964578964767292e-01,-7.853146044258810798e-01,-5.908106994978838955e-01,2.247170543447848104e+03
5.679664016737036469e+00,-8.666354665300849192e+00,2.328378527862452696e+00,3.078320676533127798e-01,-6.383113057744702612e-01,-7.055480813132278817e-01,2.253715928748118131e+03
7.105086668833573427e+00,-8.886462186487136705e+00,2.553900769315014863e+00,6.154199396809227895e-01,-6.706023826617637518e-01,4.141868445659456222e-01,2.260261314048388158e+03
7.728284153935744527e+00,-8.983976807287794131e+00,2.672304389945593606e+00,3.577397924478325497e-01,-8.128254899486836438e-01,4.597140021677217359e-01,2.263384574859697750e+03
8.797781874160770954e+00,-9.152193922906469936e+00,3.050469005726390570e+00,-1.634925442454167321e-01,-9.530532433990459573e-01,2.548719349452177596e-01,2.269929960159967777e+03
9.292876298065866791e+00,-9.220884232745913067e+00,3.448692430952926991e+00,-5.934475241519722166e-01,-7.942701396619167298e-01,-1.302112948992280861e-01,2.274173040800676063e+03
9.712291346728436636e+00,-9.290069552860671820e+00,4.324288405447719974e+00,-7.949609602827966137e-01,-6.039239908489386632e-01,5.755766589555882246e-02,2.280718426100946090e+03
9.776242038088756914e+00,-9.456333147255040927e+00,5.327708735000337370e+00,-8.793474840680814975e-01,-4.678813627553615739e-01,-8.851571978649185046e-02,2.287263811401216117e+03
9.750994946060616897e+00,-9.507540597964059259e+00,5.492205320556350578e+00,-8.748065860826806928e-01,-4.390738377503806134e-01,-2.047623059782189281e-01,2.288346293910029544e+03
9.454635797926560059e+00,-1.001663764395811462e+01,6.372479508426929229e+00,-6.295942288146170185e-01,-7.862049835831437516e-02,-7.729359121435733782e-01,2.294891679210299571e+03
9.139278054597069101e+00,-1.068919574225702718e+01,6.908016533796770275e+00,-2.219573909491180663e-02,-1.955305865028265921e-01,-9.804463977739380498e-01,2.300417285006516522e+03
8.844472721883068544e+00,-1.169576681309393962e+01,7.247847082230482130e+00,1.192610634245110240e-01,3.113455151778178887e-01,-9.427835217744918728e-01,2.306962670306786549e+03
8.619522271139056002e+00,-1.272560838525596161e+01,7.341697868467543131e+00,2.143676859392061040e-01,1.379481224141435314e-01,-9.669626728821968387e-01,2.313508055607056576e+03
8.610570290156017492e+00,-1.276698299568845840e+01,7.341505688100555815e+00,2.176681546105109777e-01,1.562347494701707695e-01,-9.634372203348009478e-01,2.313785461999990275e+03
8.378905616449372928e+00,-1.361426728563350608e+01,7.267800417552386705e+00,-1.066045739066893896e-03,1.462707444066392859e-01,-9.892440208953550140e-01,2.320330847300260302e+03
8.083829228877418061e+00,-1.419428364561071199e+01,7.060579854006387102e+00,1.405441709262295891e-01,4.252706047436658476e-01,-8.940873831788567205e-01,2.326876232600530329e+03
7.892437717008539799e+00,-1.434747126815401330e+01,6.901248233285801170e+00,2.358061491626927131e-01,5.061042753915104830e-01,-8.296107053597465697e-01,2.330114591040249707e+03
7.379633924653112409e+00,-1.436131810240406637e+01,6.467767200277749318e+00,5.171838378640739586e-01,5.462894782893411572e-01,-6.588540686392904133e-01,2.336659976340519734e+03
6.689722446923618726e+00,-1.402293381415636730e+01,5.912067823435548597e+00,8.578420852032022648e-01,3.634704622379210659e-01,-3.633127852619196796e-01,2.343205361640789761e+03
5.778189663691217781e+00,-1.329589161531543695e+01,5.238705300813258248e+00,5.652776003754695910e-01,8.245679265833788518e-01,-2.343008672067547343e-02,2.349750746941059788e+03
4.633750860845100128e+00,-1.222323816397667962e+01,4.490049086880228302e+00,9.891575153112324159e-01,1.413103997987170402e-01,-3.998475724617719940e-02,2.356296132241329815e+03
3.307297516783729296e+00,-1.100976519514118834e+01,3.784078116484191678e+00,-1.153306807317523719e-01,-2.783647370859244075e-01,-9.535260390933405494e-01,2.362841517541599842e+03
3.252993878657155946e+00,-1.096274771688064220e+01,3.759064505439667414e+00,-8.286807569896136039e-02,-3.100537925638049974e-01,-9.471005900889050144e-01,2.363095694385508978e+03
1.820146136129223491e+00,-9.904953430841599626e+00,3.257670672543560020e+00,1.393282802953051402e-01,-8.349770905392580600e-01,-5.323541007492558208e-01,2.369641079685779005e+03
3.372505964382914168e-01,-9.191916407026848646e+00,3.018345532299851808e+00,4.972151899008178111e-01,-6.240435687780367946e-01,-6.027824476531027376e-01,2.376186464986049032e+03
-8.356454353554274572e-01,-8.895128203975914971e+00,2.937871018865375827e+00,-4.821812378434509050e-01,-6.875516824643308489e-01,-5.429308775638251872e-01,2.381263921751987255e+03
-2.368533832798702665e+00,-8.736252061565503269e+00,2.759243272483555831e+00,-5.221808517942037042e-01,-7.465107357377018804e-01,-4.123698333387577630e-01,2.387809307052257282e+03
-3.879615395247758780e+00,-8.807296909885804936e+00,2.449579777686127002e+00,1.813161453716156946e-01,-9.173302418860692642e-01,-3.544427778200942014e-01,2.394354692352527309e+03
-5.264634856980841882e+00,-9.338248226178624378e+00,2.271889204086386727e+00,2.719548146519955578e-01,-8.897603948456802581e-01,-3.665610706985369394e-01,2.400900077652797336e+03
-5.568152059129030107e+00,-9.595230473995671971e+00,2.294351413791445360e+00,5.516067672258204713e-01,-7.264008231147599526e-01,-4.099656309117613029e-01,2.402515144762348427e+03
-6.607825244559415445e+00,-1.102961067666666040e+01,2.498917256212529470e+00,7.302658356854434540e-01,-3.786514458558582485e-01,-5.686254406741830802e-01,2.409060530062618454e+03
-7.375508106238780393e+00,-1.258522057715027209e+01,2.406467438088214283e+00,9.015712577355485813e-01,3.691479311520263762e-01,-2.256082271357139346e-01,2.415605915362888481e+03
-7.839076835927712317e+00,-1.379894733602056611e+01,1.641601829145957092e+00,8.856681596763897879e-01,3.084623247702823479e-01,-3.470488512194641606e-01,2.422151300663158509e+03
-7.935986096999882555e+00,-1.427541419998344452e+01,6.775204565692676262e-01,8.563074043433277494e-01,5.013261925010134012e-01,1.241357240250747368e-01,2.427138108118117088e+03
-7.685982422427381167e+00,-1.439351202261175544e+01,-6.079030842225954245e-01,7.423977042470927268e-01,5.560833877677365811e-01,3.736534685740296458e-01,2.433683493418387116e+03
-7.156298980080843641e+00,-1.438649745487644083e+01,-1.384542869716163915e+00,4.785123996877067021e-01,5.299951861557000710e-01,7.000935551745189889e-01,2.439487471183304933e+03
-6.333838943541405975e+00,-1.447784021814963396e+01,-1.770047324613488904e+00,5.930176540837405197e-01,6.566164173248890679e-01,4.660310530902895265e-01,2.446032856483574960e+03
-5.348554217913578768e+00,-1.453171853510530909e+01,-1.890483363608309375e+00,2.032424228532916932e-01,7.792411713296008013e-01,5.928538727693321020e-01,2.452578241783844987e+03
-5.328720084474641183e+00,-1.453120890128829146e+01,-1.891588601625082910e+00,1.939865519571944141e-01,7.803849545111641861e-01,5.944480973410268820e-01,2.452699812519981151e+03
-4.174247868563105257e+00,-1.429557382767155538e+01,-2.035957360787006287e+00,3.031071492425142511e-01,6.746788714884813798e-01,6.730040686690575980e-01,2.459245197820251178e+03
-2.894248521481067371e+00,-1.364257303819654510e+01,-2.318993208691843666e+00,-3.454851299181140867e-01,3.746848947100295812e-01,8.603785531273997478e-01,2.465790583120521205e+03
-1.641564767322776230e+00,-1.268563563888436541e+01,-2.504643353684594231e+00,-4.812700249945707220e-01,3.267678985366118671e-01,8.133891464285050166e-01,2.472335968420791232e+03
-6.432757567716298475e-01,-1.165473311986286120e+01,-2.403356433870895703e+00,-7.865627091324250975e-01,1.414633573202300210e-01,6.010883654987417835e-01,2.478881353721061259e+03
-4.967066205031875348e-01,-1.145387547241440274e+01,-2.356399382943302978e+00,-8.225757888235960547e-01,5.800480111489805107e-02,5.656894153940480452e-01,2.480227996267119124e+03
-3.462218575813457155e-01,-1.117343811751326932e+01,-2.298309706561792787e+00,-8.506136465675953051e-01,-5.110154664597175989e-02,5.233020697487900108e-01,2.482378294293382169e+03
-2.617129903007222036e-01,-1.077652299486349818e+01,-2.258489479308406267e+00,-8.500642284957680150e-01,-1.950631325986363351e-01,4.892250828940616358e-01,2.487493360058910184e+03
-3.938298502761243269e-01,-1.086731361455788303e+01,-2.330475178246592005e+00,-8.291293962516302907e-01,-1.672702862800832524e-01,5.334464317990942339e-01,2.491842497033928794e+03
-7.546836459819901144e-01,-1.174992626073147228e+01,-2.506164762820850100e+00,-7.495322571001024059e-01,-1.243564401280617682e-01,6.501821832110609156e-01,2.498387882334198821e+03
-1.145610501789620539e+00,-1.314628605949836881e+01,-2.498644338415233701e+00,-5.981462697633426195e-01,4.579793993840327593e-01,6.576290061334271186e-01,2.504933267634468848e+03
-1.412948633540430654e+00,-1.464897369767547808e+01,-2.148255678480960995e+00,-3.815759940831212060e-01,4.887138780225999679e-01,7.845753667861292691e-01,2.511478652934738875e+03
-1.435961239393716227e+00,-1.502491229417664620e+01,-1.996331079369268346e+00,-3.639335486846658752e-01,5.977165848979246743e-01,7.143439341659926223e-01,2.513272847419664231e+03
-1.331904089009863679e+00,-1.616774994388637410e+01,-1.337109803881971981e+00,-3.426905616968262680e-01,8.346760653555247433e-01,4.311369212286665920e-01,2.519818232719934258e+03
-1.066014549963734126e+00,-1.702468801589833447e+01,-5.659455964440265330e-01,-3.557206487232979497e-01,9.163492317965592493e-01,1.837577357765697861e-01,2.526363618020204285e+03
-7.528586593943857874e-01,-1.760263416549006266e+01,2.486335677119103360e-01,-3.779798517274834957e-01,9.257672945388825125e-01,-9.281597396321804305e-03,2.532909003320474312e+03
-5.871295661058925086e-01,-1.780008819180790525e+01,7.420334326432551642e-01,-3.921483839985486775e-01,9.189737293264601536e-01,4.131500617384218504e-02,2.537011840204739656e+03
-4.229326394612935580e-01,-1.784480882653280176e+01,1.462107826241594744e+00,-4.142311482364559039e-01,9.047191728046766190e-01,-9.947750595149108810e-02,2.543557225505009683e+03
-3.458647083783154552e-01,-1.758136734141705659e+01,2.119028215609572996e+00,-4.370540507347527304e-01,8.692283122824903119e-01,-2.311404288801022222e-01,2.550102610805279710e+03
-3.381376698750279686e-01,-1.748624840417635085e+01,2.240025885805048134e+00,-4.428905863832113265e-01,8.587839868892188644e-01,-2.575616282674756952e-01,2.551364126798558573e+03
-3.056070869812959057e-01,-1.674249323386086274e+01,2.855523657373248536e+00,-4.870709581311568059e-01,7.699090485038115883e-01,-4.123129136677047835e-01,2.557909512098828600e+03
-2.499004381996868529e-01,-1.561630205190197707e+01,3.469700443157015535e+00,-5.500782286181976621e-01,5.800084586645186668e-01,-6.008361925499121625e-01,2.564454897399098627e+03
-1.637006860684240284e-01,-1.416347728573349229e+01,4.067824364759722755e+00,6.044287972893739314e-01,6.233731664014887652e-01,-4.960561706277855087e-01,2.571000282699368654e+03
-1.420618021232888661e-01,-1.365105421196783198e+01,4.240559356491530707e+00,6.349827833883724404e-01,5.156326227269525386e-01,-5.752563456234788264e-01,2.573102770737503761e+03
-1.808605720439883380e-01,-1.212172157773711056e+01,4.623131119955344204e+00,6.841133872312865627e-01,8.589290516305923828e-02,-7.243005469096275295e-01,2.579648156037773788e+03
-3.663601749401387830e-01,-1.121562831419540274e+01,4.720631476427505469e+00,-6.411951419040430311e-01,-2.665436370398848939e-02,-7.669148159308110113e-01,2.584394265094240836e+03
-9.667683945836514914e-01,-1.049428431419446994e+01,4.607744808408391179e+00,-5.178122585835893688e-01,-2.620216425388016135e-01,-8.143802083190814223e-01,2.590939650394510863e+03
-1.890570371993198551e+00,-1.044642881577090598e+01,4.358906955529155525e+00,-2.700333952675524896e-01,-3.403596880518022783e-01,-9.006870978256309446e-01,2.597268015317147729e+03
-3.032914929703258267e+00,-1.098031239982121221e+01,4.111184989191293049e+00,-2.574365525228098917e-01,-6.938721649856507967e-02,-9.638007240149552013e-01,2.603813400617417756e+03
-4.246504063590347933e+00,-1.189498144770163890e+01,3.923637812711688877e+00,-3.526575895233794444e-01,-1.764845955220112061e-01,-9.189590916330235837e-01,2.610358785917687783e+03
-5.507492791565772983e+00,-1.298983764193046753e+01,3.766067948363029938e+00,3.081637879439231842e-01,4.011637448779585280e-01,-8.626138936949397928e-01,2.616904171217957810e+03
-5.751876749470821615e+00,-1.320620167610773166e+01,3.737393994296529520e+00,4.040335820961485358e-01,4.760132638525463311e-01,-7.811326629804956623e-01,2.618154120108032203e+03
