-4.058870699946015570e+00,-1.614229991937673914e+00,2.663474834278130476e+00,8.228143824246760829e-01,-1.053729721281701920e-01,-5.584559327466891432e-01,0.000000000000000000e+00
-4.198019268589017194e+00,-7.892443786160300290e-01,2.395061244206685647e+00,3.519066979669784878e-01,-7.204506877781492735e-02,-9.332583693655137624e-01,4.739523938641700518e+00
-4.332301099671909128e+00,3.567855722124300272e-02,2.127981260271760267e+00,4.079584373602807568e-01,-4.552381945850483835e-01,-7.914089332181584169e-01,9.479047877283401036e+00
-4.465703463208289925e+00,8.589586311126129470e-01,1.863651354397587223e+00,1.237309966681065521e-01,-4.775237144231856412e-01,-8.698630596979048946e-01,1.421857181592510244e+01
-4.602248458994652403e+00,1.679104712207285077e+00,1.603487825190112792e+00,9.975747755173534070e-01,6.341251535833998532e-02,-2.869529835060521603e-02,1.895809575456680207e+01
-4.745992271142039698e+00,2.494715305515616155e+00,1.348906709971316786e+00,9.623643474335444870e-01,-2.616139111167187781e-01,7.357325804272618619e-02,2.369761969320850170e+01
-4.901024418796271043e+00,3.304479124431162429e+00,1.101323696821666642e+00,9.739057891898704744e-01,1.351479285563025878e-01,1.823253991889120795e-01,2.843714363185020133e+01
-5.071467003091811421e+00,4.107175653473511545e+00,8.621540366409849998e-01,9.717179972719904857e-01,-1.563784965340621613e-01,-1.769460358399080890e-01,3.317666757049190096e+01
-5.261473950383183329e+00,4.901675701205764568e+00,6.328124552291300997e-01,9.739529212390498625e-01,1.997662547959253299e-01,-1.072807096114232611e-01,3.791619150913360414e+01
-5.471956158366456435e+00,5.687548031255333036e+00,4.129864424229378606e-01,9.976964565516462935e-01,-5.957093272611436313e-02,-3.245126435795204350e-02,4.265571544777530733e+01
-5.580463639288879563e+00,6.056359188027554907e+00,3.117460058050202654e-01,9.855991304358965310e-01,-1.690985576145002944e-01,-1.785964731401556039e-04,4.490473139854946538e+01
-5.820766463908306321e+00,6.825933959464763667e+00,1.008176480091062949e-01,9.880967441475126956e-01,1.465028473754082794e-01,4.692270149919747918e-02,4.964425533719116856e+01
-6.062825365692280144e+00,7.589524899233991206e+00,-1.124616587301685428e-01,9.925497844952378967e-01,-6.762970453732830567e-02,1.013466741568296997e-01,5.438377927583287175e+01
-6.297693011534089891e+00,8.348067785911245764e+00,-3.335852222391978983e-01,9.689024048788416055e-01,2.053224044067723797e-01,1.380972123854029288e-01,5.912330321447457493e+01
-6.516401920777617818e+00,9.102297561475426235e+00,-5.680458616327725974e-01,9.819403690535639662e-01,1.731866721738191048e-02,1.883963253058943410e-01,6.386282715311627811e+01
-6.709966152421279695e+00,9.852748004114145530e+00,-8.213355649640321499e-01,9.608173660352739009e-01,-1.509394067021684882e-01,2.324807188337052466e-01,6.860235109175798129e+01
-6.871381313401669466e+00,1.059914302423787724e+01,-1.097276914092338407e+00,9.431828751171353886e-01,-7.967115591112784723e-02,3.225811076327297355e-01,7.334187503039967737e+01
-6.997642773593977239e+00,1.133984754494032110e+01,-1.396354613516406662e+00,9.071774768286734458e-01,-2.180501276390574006e-01,3.598376958732263931e-01,7.808139896904137345e+01
-7.087775716605495546e+00,1.207256534543236093e+01,-1.717383692736315304e+00,9.794823830683679899e-01,-4.559167041410573662e-02,-1.963050199245095773e-01,8.282092290768306952e+01
-7.094681425960183141e+00,1.216079535992726690e+01,-1.759154821155872961e+00,9.801378310340096434e-01,-6.212092511017756197e-02,-1.883369927534232491e-01,8.339966659361181200e+01
-7.117180924897873240e+00,1.287177644245220876e+01,-2.121616554162729873e+00,9.738589611501822230e-01,-1.934720703011110765e-01,-1.190263911949361597e-01,8.813919053225350808e+01
-7.101729986151212870e+00,1.356953516006528560e+01,-2.503509984061967675e+00,9.478213490399077790e-01,-3.153230309010693899e-01,-4.696888850646365604e-02,9.287871447089520416e+01
-7.047483128604840275e+00,1.425170877052697982e+01,-2.903645543874612045e+00,9.016321745469944027e-01,-4.039760726151808701e-01,-1.544757410601172720e-01,9.761823840953690024e+01
-6.953636418079801373e+00,1.491591421614240254e+01,-3.320832527933573086e+00,8.594464516985295122e-01,-5.050695244868966816e-01,-7.909849617652073284e-02,1.023577623481785963e+02
-6.820242072617187290e+00,1.555911048873507241e+01,-3.753456736173954589e+00,8.060668733537449393e-01,-5.917999286294201022e-01,-5.388891901943781634e-03,1.070972862868202924e+02
-6.649042101103872504e+00,1.617698532598152283e+01,-4.199058144784402202e+00,8.249344111806884428e-01,-5.614199846665730576e-01,6.550433624544248212e-02,1.118368102254619885e+02
-6.513645237008587330e+00,1.656459168504937551e+01,-4.499416721874578862e+00,7.854309412700500870e-01,-6.089797339500419016e-01,1.106432109701244448e-01,1.149588926796404991e+02
-6.276062047374064257e+00,1.711947951025702253e+01,-4.963352528558339749e+00,6.689782553925592845e-01,2.638609755271079660e-01,6.948708364910782809e-01,1.196984166182821951e+02
-6.008038044126958077e+00,1.763601730877145002e+01,-5.432598259640788463e+00,6.223199985333383033e-01,1.823676265818287567e-01,7.612226140889251091e-01,1.244379405569238912e+02
-5.712480355068946025e+00,1.810945274096931357e+01,-5.904269263937507617e+00,5.657656174812785155e-01,1.075396397310696417e-01,8.175233892449434991e-01,1.291774644955656015e+02
-5.392393407639567648e+00,1.853509437415418759e+01,-6.375480733934627331e+00,5.028977046129866624e-01,4.220802714077834250e-02,8.633147636522106039e-01,1.339169884342072976e+02
-5.050878442200791518e+00,1.890831329185979115e+01,-6.843347885019849919e+00,6.033943483864638857e-01,-1.210683729882613448e-02,7.973510424059746526e-01,1.386565123728489937e+02
-4.691926290914919306e+00,1.922478567492554191e+01,-7.305750454629551527e+00,5.379139736761200385e-01,-5.582534179611537556e-02,8.411492662645039253e-01,1.433960363114906897e+02
-4.321203012451285019e+00,1.948075895387472656e+01,-7.762097153778928948e+00,4.716470253000283330e-01,-8.867678552462257557e-02,8.773172238333490913e-01,1.481355602501323858e+02
-4.184416269385669018e+00,1.955125500202779065e+01,-7.925859337097609369e+00,4.478558280250393153e-01,-9.703266153742946820e-02,8.888249658391517150e-01,1.498583834276345783e+02
-3.807164270218503344e+00,1.968091008209023940e+01,-8.370659728385376752e+00,3.638925686822898076e-01,1.812222532486160997e-01,9.136414468407721978e-01,1.545979073662762744e+02
-3.434135532877961694e+00,1.974227987016388042e+01,-8.809814790419183694e+00,3.606828213130731098e-01,-8.597036417984872392e-01,3.616870894683136273e-01,1.593374313049179705e+02
-3.072036366898912796e+00,1.973231450421210553e+01,-9.243498865473311454e+00,3.127769402959822975e-01,-8.542641937799335672e-01,4.152147310062636043e-01,1.640769552435596665e+02
-2.727642983080228678e+00,1.964810610583893435e+01,-9.671886628060006430e+00,2.682648606146239012e-01,-8.416092414419005241e-01,4.687513725622625138e-01,1.688164791822013626e+02
-2.407800348529848034e+00,1.948688995074065389e+01,-1.009515307362844361e+01,2.276895436508935833e-01,-8.214743471753301884e-01,5.228167639287334412e-01,1.735560031208430587e+02
-2.117075494415180170e+00,1.924914781631058602e+01,-1.051266304426561149e+01,1.912628911903460627e-01,-7.935657907005586598e-01,5.776433521501886936e-01,1.782955270594847548e+02
-1.855318371328377847e+00,1.894164107190345803e+01,-1.092216080486513796e+01,1.585985400366104747e-01,-7.578565784107301750e-01,6.328506219147109757e-01,1.830350509981264508e+02
-1.822399000574365102e+00,1.889037142660350455e+01,-1.097773081622613667e+01,1.545458923419188169e-01,-7.521006880150625795e-01,6.406716181067408922e-01,1.836947673092740558e+02
-1.609753958193295809e+00,1.846686052027885694e+01,-1.136493961524384488e+01,1.285677965611418394e-01,-7.049529962395729710e-01,6.975038313731770634e-01,1.884342912479157519e+02
-1.420670094326025756e+00,1.799475398820585781e+01,-1.173757920708147218e+01,1.050254614644290513e-01,-6.497789558953980249e-01,7.528326247710509511e-01,1.931738151865574480e+02
-1.252035698901950100e+00,1.748373877397635212e+01,-1.209258586167726612e+01,8.355912264709190740e-02,-5.871551384043385280e-01,8.051501204544592172e-01,1.979133391251991441e+02
-1.100529507984672195e+00,1.694342535779219716e+01,-1.242689693591210798e+01,6.385779782277956063e-02,-5.181460524863640282e-01,8.529049477814177882e-01,2.026528630638408401e+02
-9.626213811986246149e-01,1.638334426377296893e+01,-1.273745106403274718e+01,4.563015793449032298e-02,-4.443151563946994842e-01,8.947077346736347359e-01,2.073923870024825362e+02
-8.345730018019765772e-01,1.581294257625109445e+01,-1.302118834801497549e+01,2.857541523571326125e-02,-3.676259598693850106e-01,9.295346143496862057e-01,2.121319109411242323e+02
-7.124385993647165405e-01,1.524158046534277489e+01,-1.327505054785805072e+01,1.235774877250114465e-02,-2.902498504596784934e-01,9.568711043570131691e-01,2.168714348797659284e+02
-5.920656950109696171e-01,1.467852772208268242e+01,-1.349598127180118290e+01,-3.412668350084792097e-03,-2.143324354431657142e-01,9.767548110000449091e-01,2.216109588184076244e+02
-4.690958691830882099e-01,1.413296030341004617e+01,-1.368092616645330040e+01,-1.919134134997661084e-02,-1.417842461634360729e-01,9.897115337092191600e-01,2.263504827570493205e+02
-3.389655518837128567e-01,1.361395688729272102e+01,-1.382683310682782718e+01,1.690096207363693537e-02,-7.418302917310981570e-02,9.971014169399655680e-01,2.310900066956910166e+02
-2.727190705901982315e-01,1.338929592625279952e+01,-1.387527610959869939e+01,8.439811141550158935e-03,-4.541603468211688477e-02,9.989325069200860607e-01,2.332890381136658107e+02
-1.142183616463591511e-01,1.294656600268615954e+01,-1.393622555468532020e+01,4.796064215338555203e-02,-8.622838536356035311e-02,9.951203155206048701e-01,2.380285620523075067e+02
6.195572702496485867e-02,1.255286889621132751e+01,-1.395144957564947497e+01,2.571012938106439702e-02,-3.646394015990103016e-02,9.990041893381749194e-01,2.427680859909492028e+02
2.598270823257772255e-01,1.221739158219455135e+01,-1.391846689910139290e+01,6.167510230526523614e-04,6.117124127210206604e-03,9.999811000266894956e-01,2.475076099295908989e+02
4.836308729546128782e-01,1.194923629935421516e+01,-1.383479924082666557e+01,-2.818306853106198120e-02,4.068980123110340491e-02,9.987742761625104659e-01,2.522471338682325950e+02
5.359471945708534912e-01,1.190962602528717618e+01,-1.380678977634252114e+01,-3.502759401258945249e-02,4.593346648898972290e-02,9.983301980377002893e-01,2.532220613187311642e+02
6.589609430646931054e-01,1.186119873817934867e+01,-1.372558890951210664e+01,-5.139755990513066031e-02,5.268512908224082247e-02,9.972876054626299558e-01,2.552519230788333289e+02
9.780579178280558450e-01,1.182419114253849202e+01,-1.348172254203962162e+01,-9.570395806428287633e-02,5.918588402963875783e-02,9.936487224077027447e-01,2.599914470174750249e+02
1.326176557285415614e+00,1.185462833565998686e+01,-1.318274878455096122e+01,-1.474648674915551017e-01,5.706044894994076466e-02,9.874199805661870721e-01,2.647309709561167210e+02
1.699561389883729623e+00,1.194242371391358937e+01,-1.282795941113822202e+01,-9.978832296512485378e-02,-2.271803728196374050e-02,9.947493057961204199e-01,2.694704948947584171e+02
1.776371363153061100e+00,1.196942391814687312e+01,-1.274807779656986284e+01,-1.121066488708357956e-01,-2.691998573418641003e-02,9.933314721919477286e-01,2.703921655938089543e+02
2.190661043623191695e+00,1.215312949258698438e+01,-1.228253746772793598e+01,-1.835143012496278925e-01,-5.719387705203094613e-02,9.813518032105601474e-01,2.751316895324506504e+02
2.621693644413800595e+00,1.237153812493623484e+01,-1.176529951213714575e+01,-2.668631010976865725e-01,-9.711899373611108943e-02,9.588284446803876371e-01,2.798712134710923465e+02
3.065029978878799799e+00,1.261430600084009690e+01,-1.120040516330282010e+01,-3.622342708338482375e-01,-1.462023964734699144e-01,9.205493969901260565e-01,2.846107374097340426e+02
3.516004686929148804e+00,1.287119441841257306e+01,-1.059189861175122616e+01,-4.675499035937780157e-01,-2.026956153415844508e-01,8.604136070348639143e-01,2.893502613483757386e+02
3.969727146688579289e+00,1.313207356185623986e+01,-9.943826753672732721e+00,-5.774273552910768048e-01,-2.628649445833017295e-01,7.729680913665002429e-01,2.940897852870174347e+02
4.421082410653652595e+00,1.338692626304109723e+01,-9.260238939435883054e+00,-6.829977438338412643e-01,-3.208209328049321241e-01,6.561920534356200374e-01,2.988293092256591308e+02
4.864732166300935745e+00,1.362585175072942612e+01,-8.545186721987143130e+00,-7.739115513582826011e-01,-3.696604567648403283e-01,5.142101295955048279e-01,3.035688331643008269e+02
5.295115721086901317e+00,1.383906938713321644e+01,-7.802723605150289288e+00,-8.421971163122549120e-01,-4.037806894886532549e-01,3.573026337313927048e-01,3.083083571029425229e+02
5.706451011786261240e+00,1.401692239149363850e+01,-7.036904791835834061e+00,-8.852504212815596185e-01,-4.207709754993681495e-01,1.982005998934705526e-01,3.130478810415842190e+02
6.092735638111815177e+00,1.414988155037385731e+01,-6.251786932170350752e+00,-9.056252603111327737e-01,-4.214255714887252258e-01,4.736428593142938404e-02,3.177874049802259151e+02
6.447747920556940571e+00,1.422854891435563829e+01,-5.451427871557447347e+00,-9.173268660957348830e-01,-3.954651188755547442e-01,4.602999556507821055e-02,3.225269289188676112e+02
6.654610018331400312e+00,1.423934452552316010e+01,-4.922738067345798108e+00,-9.220952969396811749e-01,-3.846489867401610141e-01,-4.225423483496873467e-02,3.256133222141516512e+02
6.929913334312118423e+00,1.418796667271801581e+01,-4.103030993098086832e+00,-9.319909069812974955e-01,-3.589907746335506133e-01,5.018538663975407460e-02,3.303528461527933473e+02
7.158353591560144835e+00,1.406471889596394576e+01,-3.280112665978762720e+00,-9.408066022017351759e-01,-3.298542761994123218e-01,-7.796854318626177116e-02,3.350923700914350434e+02
7.264502103778672115e+00,1.394811787898825273e+01,-2.789925116414508022e+00,-9.464623424029777743e-01,-3.227874269122296691e-01,4.160701918012269657e-03,3.379201917663621089e+02
7.389291440275686185e+00,1.368383152451627538e+01,-1.973025295167111004e+00,-9.529691271012409315e-01,-2.790492563276957272e-01,-1.182427813224074808e-01,3.426597157050038049e+02
7.458487958896549586e+00,1.335669376387144958e+01,-1.164048614007261007e+00,-8.506044734551002628e-01,-4.671657154571912662e-01,2.413052507500456356e-01,3.473992396436455010e+02
7.469919434097012534e+00,1.297378266801673163e+01,-3.666311993734817642e-01,-8.935670357170043543e-01,-4.300920399853667697e-01,1.286809613779428818e-01,3.521387635822871971e+02
7.421554411680520325e+00,1.254221632172768430e+01,4.155915434274291553e-01,-9.253955476031928695e-01,-3.789373075842865091e-01,7.042541938727556010e-03,3.568782875209288932e+02
7.312608239737050653e+00,1.206873019024503257e+01,1.179302020438274701e+00,-9.475803605994276291e-01,-3.151241938972116907e-01,5.280343385511281767e-02,3.616178114595705892e+02
7.169830401145630638e+00,1.163473382151390290e+01,1.811465112037749625e+00,-9.659088862438593992e-01,-2.524910190851026859e-01,-5.716912415380719786e-02,3.656524552456843367e+02
6.945870896529688920e+00,1.109363902795918300e+01,2.530779651754818449e+00,-9.674534502924342361e-01,-1.632565820323299555e-01,-1.933419508031966050e-01,3.703919791843260327e+02
6.668039750998318915e+00,1.052660687969328457e+01,3.224523112122633428e+00,-9.416476786682628219e-01,-5.955734709356325096e-02,-3.312892567920801556e-01,3.751315031229677288e+02
6.339299720338029687e+00,9.938940788418722860e+00,3.890333895869858338e+00,-8.916331500530506604e-01,-1.506871229094665920e-01,-4.269469717842501733e-01,3.798710270616094249e+02
5.962715858495920784e+00,9.335873998617907787e+00,4.525852142470906614e+00,-9.246630726914935039e-01,-3.244463915512741520e-02,-3.794015648238940885e-01,3.846105510002511210e+02
5.541454908749633645e+00,8.722567911182459000e+00,5.128719874492455588e+00,-8.550672564731267578e-01,9.289584030396458303e-02,-5.101277778770142435e-01,3.893500749388928170e+02
5.078784684212564571e+00,8.104110415051554384e+00,5.696581143851831008e+00,-7.611391931500286478e-01,-1.559569518067281946e-01,-6.295590185471710010e-01,3.940895988775345131e+02
4.578073437710433957e+00,7.485514226994960829e+00,6.227082177980811650e+00,-6.661197189911208794e-01,-3.037616400855647908e-02,-7.452260117785175497e-01,3.988291228161762092e+02
4.042789221064829519e+00,6.871715239675508791e+00,6.717871525888465811e+00,-5.467333867832253613e-01,9.424189907383298537e-02,-8.319862187773916506e-01,4.035686467548179053e+02
3.476499233819860368e+00,6.267570878125916067e+00,7.166600204115327166e+00,-4.149425140967442638e-01,2.077440482125832155e-01,-8.858132536981601080e-01,4.083081706934596014e+02
2.882869161449667761e+00,5.677858464773862579e+00,7.570921842572088778e+00,-4.853489214304392840e-01,-3.439512683411270061e-02,-8.736437487422288317e-01,4.130476946321012974e+02
2.265662503084607149e+00,5.107273593149586510e+00,7.928492830256045565e+00,-3.604203289468425053e-01,7.525970699122765117e-02,-9.297489784804522372e-01,4.177872185707429935e+02
1.628739888793955037e+00,4.560428510410648784e+00,8.236972460838543952e+00,-2.309532594996026311e-01,1.741535834586164511e-01,-9.572518588621450331e-01,4.225267425093846896e+02
9.760583864639601481e-01,4.041850508816094312e+00,8.494023078116816450e+00,-1.152243264717355276e-01,-6.893271055748635689e-02,-9.909448198584686063e-01,4.272662664480263857e+02
3.116707983112345093e-01,3.555980326281841464e+00,8.697310221323030888e+00,5.646995488318439643e-03,1.904093016485169931e-02,-9.998027577579550185e-01,4.320057903866680817e+02
-3.602750529287198633e-01,3.107170556149210672e+00,8.844502770284062620e+00,-9.627683112731498516e-02,9.518798133104101888e-02,-9.907926220951606133e-01,4.367453143253097778e+02
-1.035256707436144508e+00,2.699555878986432678e+00,8.935579421806902900e+00,1.884637445455901103e-02,1.617055334060129024e-01,-9.866590772074187443e-01,4.414848382639514739e+02
-1.708101263668159620e+00,2.336914977513762537e+00,8.975135022244577598e+00,1.367300986820341457e-01,-8.490855527706840655e-02,-9.869627233868368821e-01,4.462243622025931700e+02
-1.805136622950873404e+00,2.290479132557339703e+00,8.974198272936916965e+00,1.526275055335407360e-01,-7.706742057913994193e-02,-9.852743055818956597e-01,4.469163079477719407e+02
-2.458264434207300564e+00,2.018931428662744665e+00,8.925767491952766974e+00,2.579617836210494897e-01,-3.160565169692549498e-02,-9.656380279234343389e-01,4.516558318864136368e+02
-3.096881735918741718e+00,1.799682190690418349e+00,8.840637053886531760e+00,3.561505272423416968e-01,4.283012181254193182e-03,-9.344187807143311542e-01,4.563953558250553328e+02
-3.715281086911327524e+00,1.636006589525604626e+00,8.725717918990461897e+00,4.452968505312140945e-01,2.994357772773382706e-02,-8.948821693719486436e-01,4.611348797636970289e+02
-4.307676769233036218e+00,1.531057781290439568e+00,8.587922894437449273e+00,5.243905452156260028e-01,4.524061261867771966e-02,-8.502751572628388654e-01,4.658744037023387250e+02
-4.868205778936435024e+00,1.487865587929529720e+00,8.434166203847942356e+00,5.931585849169543900e-01,5.040394369419285564e-02,-8.035062760174240815e-01,4.706139276409804211e+02
-5.390928825551505987e+00,1.509335190718903652e+00,8.271363056751065201e+00,5.243331227052362431e-01,4.633454997969462669e-02,-8.502516603408397655e-01,4.753534515796221172e+02
-5.869831340192201985e+00,1.598245836808883880e+00,8.106429218000082315e+00,5.836848688088162040e-01,3.273829618596335589e-02,-8.113200218695918453e-01,4.800929755182638132e+02
-6.298824492239226913e+00,1.757249558911096354e+00,7.946280577161812353e+00,6.333733428977247337e-01,9.726956970615114467e-03,-7.737852381731336049e-01,4.848324994569055093e+02
-6.671746214541717457e+00,1.988869908239033091e+00,7.797832717899901844e+00,6.733104578884042679e-01,-2.249243454602694453e-02,-7.390176707537513545e-01,4.895720233955472054e+02
-6.982362237080528722e+00,2.295500700810605643e+00,7.668000487372239604e+00,7.033188867377341280e-01,-6.373484401719546610e-02,-7.080115911594231370e-01,4.943115473341889015e+02
-7.226651170035434113e+00,2.677425831976464998e+00,7.561522266091327715e+00,7.225380331123880673e-01,1.322972039502644526e-01,-6.785545228889301450e-01,4.990510712728305975e+02
-7.314710635549756645e+00,2.900421866809230753e+00,7.520986333272036362e+00,7.333124447585905870e-01,1.022321922463780702e-01,-6.721617641838002477e-01,5.013812089587234482e+02
-7.430662561071628147e+00,3.421289514940653920e+00,7.461227986868506967e+00,7.477540089927000588e-01,3.239776009958036940e-02,-6.631849871460261392e-01,5.061207328973651443e+02
-7.484799595453862864e+00,4.004919308743253303e+00,7.422538261622520395e+00,7.530853375885651069e-01,-4.556839795159787349e-02,-6.563428946954797949e-01,5.108602568360068403e+02
-7.480179163331574621e+00,4.645739389432723243e+00,7.403124309356570620e+00,7.510191565367638766e-01,1.146169982428495854e-01,-6.502562342866129441e-01,5.155997807746485933e+02
-7.419964494009247069e+00,5.338254430029331310e+00,7.401192074063234649e+00,7.524341975675317151e-01,2.204729788645485439e-02,-6.582983328148495072e-01,5.203393047132902893e+02
-7.307423935693487138e+00,6.077047364629621917e+00,7.414946403671978992e+00,7.426164516324155196e-01,-7.885017161635049510e-02,-6.650589870086353050e-01,5.250788286519319854e+02
-7.145930258757807074e+00,6.856781108643437150e+00,7.442591161867307292e+00,7.320815325699496778e-01,6.732926923638761496e-02,-6.778815524663048819e-01,5.298183525905736815e+02
-6.938959948079360451e+00,7.672200269857987642e+00,7.482329339952114466e+00,7.162490576431793654e-01,-4.768124472442332451e-02,-6.962138940920291619e-01,5.345578765292153776e+02
-6.690092484487662361e+00,8.518132850190628602e+00,7.532363168750368487e+00,9.013287525260030852e-01,4.060511810720068837e-01,-1.507611296719002514e-01,5.392974004678570736e+02
-6.403009615366888951e+00,9.389491937990074533e+00,7.590894230546148869e+00,9.386571426901282322e-01,2.971126117729542271e-01,-1.750624585748127571e-01,5.440369244064987697e+02
-6.081494614454640235e+00,1.028127739074647984e+01,7.656123571055023724e+00,9.833320954603184116e-01,1.761217419130222672e-01,4.515663919228256329e-02,5.487764483451404658e+02
-5.729431530880328971e+00,1.118857750807373996e+01,7.726251811420831395e+00,9.993495982350047990e-01,8.660575537204144234e-03,3.500535586019382778e-02,5.535159722837821619e+02
-5.350804427485763348e+00,1.210657069482870263e+01,7.799479260232137001e+00,9.991143395567355645e-01,-3.592904519421985521e-02,2.190068956767475539e-02,5.582554962224238579e+02
-4.949696608471017889e+00,1.303052711423183396e+01,7.874006025553584642e+00,9.676163466750008491e-01,-2.523548371972763604e-01,5.970074577451360727e-03,5.629950201610655540e+02
-4.530289836409581383e+00,1.395581033085316847e+01,7.948032126966725563e+00,8.811694669121833412e-01,-4.726647582740445830e-01,-1.133123415334269871e-02,5.677345440997072501e+02
-4.096629701001871737e+00,1.487822723980977635e+01,8.020188011137882711e+00,7.488533928107736770e-01,-6.621789116805029130e-01,-2.716035716661152274e-02,5.724740680383489462e+02
-3.740242968956976277e+00,1.561500710141032400e+01,8.076288322061833114e+00,6.275766616254875307e-01,-7.776570846750862076e-01,-3.737636201738173819e-02,5.762830677374723791e+02
-3.290154184338530907e+00,1.652344942191646027e+01,8.143672941949864352e+00,4.805505678360074140e-01,-8.757267385550639993e-01,-4.662436200315402124e-02,5.810225916761140752e+02
-2.835842801435341620e+00,1.742030536445615496e+01,8.208537975787596253e+00,4.218666313552728586e-01,-4.874079990927474015e-02,-9.053468284437509173e-01,5.857621156147557713e+02
-2.380925089475503853e+00,1.830273875359460334e+01,8.270805608592652902e+00,3.113574661303554203e-01,1.007577207098922650e-01,-9.449361936142736118e-01,5.905016395533974674e+02
-1.929080452533326939e+00,1.916799352305864801e+01,8.330398179217930021e+00,2.274448114091635609e-01,-6.768488938004525723e-02,-9.714358514655824228e-01,5.952411634920391634e+02
-1.484050762842196391e+00,2.001339477303558922e+01,8.387238185127552370e+00,1.126822955543825000e-01,2.094795633982465544e-01,-9.712986218393777627e-01,5.999806874306808595e+02
-1.049639687199017901e+00,2.083634981875385606e+01,8.441248287165912245e+00,2.812452655134062632e-02,4.922492197176760870e-02,-9.983916656618965213e-01,6.047202113693225556e+02
-6.297120064982152376e-01,2.163434923025762657e+01,8.492351314319542155e+00,-5.457313387397599164e-02,-1.078610565898096424e-01,-9.926669962935723568e-01,6.094597353079642517e+02
-2.281929284345521891e-01,2.240496786328852963e+01,8.540470268471178628e+00,8.191239845355326177e-02,1.792943224676871727e-01,-9.803794698536069108e-01,6.141992592466059477e+02
1.509326065860332466e-01,2.314586588118728372e+01,8.585528329145871496e+00,9.611379819977132824e-03,3.820058408069454403e-02,-9.992238671858523213e-01,6.189387831852476438e+02
5.036206262884480589e-01,2.385478976772871818e+01,8.627448858248992991e+00,-5.764084031237400735e-02,-9.723757210038663779e-02,-9.935906541932172376e-01,6.236783071238893399e+02
8.257688340835113161e-01,2.452957333080414770e+01,8.666155404795935269e+00,-1.674452478176999826e-01,-7.448126580425490015e-03,-9.858532418132583963e-01,6.284178310625310360e+02
1.113217323295915939e+00,2.516813869686569305e+01,8.701571709633183715e+00,-2.154979454073864820e-01,-1.228959965366300117e-01,-9.687400113345498998e-01,6.331573550011727320e+02
1.361749298024737431e+00,2.576849729604754557e+01,8.733621710150359263e+00,-2.516895005403562147e-01,-2.237704208784948579e-01,-9.415833441908407764e-01,6.378968789398144281e+02
1.567091800595653561e+00,2.632875083787920545e+01,8.762229544983068052e+00,-2.764624939772405976e-01,-3.093091444620110209e-01,-9.098880934357054251e-01,6.426364028784561242e+02
1.724916445563478673e+00,2.684709227750646932e+01,8.787319558706675693e+00,-2.909463113152802038e-01,-3.806996145024315048e-01,-8.777346110583380545e-01,6.473759268170978203e+02
1.830840160223481172e+00,2.732180677233677812e+01,8.808816306520732553e+00,-2.963403803426215566e-01,-4.399679778414303244e-01,-8.477090051736581033e-01,6.521154507557395164e+02
1.880425931589642774e+00,2.775127262902606873e+01,8.826644558923607775e+00,-2.935893435505990690e-01,-4.892586026385695175e-01,-8.212376739395743641e-01,6.568549746943812124e+02
1.879004956809150695e+00,2.779531379381803546e+01,8.828279367737687622e+00,-2.923859121745875367e-01,-4.941907250263805063e-01,-8.187099643095440138e-01,6.573997440653656668e+02
1.804360761821333980e+00,2.813193213608105125e+01,8.838561909055465904e+00,-2.746610640306367812e-01,-5.317971511575890764e-01,-8.010949319064695207e-01,6.621392680040073628e+02
1.672729988355264208e+00,2.842220468964537972e+01,8.843844037703565419e+00,-2.507337751518345370e-01,-5.635902640352971060e-01,-7.870823262421366984e-01,6.668787919426490589e+02
1.488909506700760055e+00,2.866600310086719006e+01,8.842877750803966208e+00,-2.213284781561570547e-01,-5.903584975660459699e-01,-7.762026469348327629e-01,6.716183158812907550e+02
1.257675514646979797e+00,2.886308621052898005e+01,8.834415426105415747e+00,-1.869305323355606729e-01,-6.126020336949596912e-01,-7.679685699255818232e-01,6.763578398199324511e+02
9.837825613503857758e-01,2.901310044423320988e+01,8.817209899696150543e+00,-1.478580068412805593e-01,-6.305883919615016264e-01,-7.619030710899722392e-01,6.810973637585741471e+02
6.719625740413306403e-01,2.911558021551968878e+01,8.790014543695354732e+00,-1.043132850386423588e-01,-6.443927053925303516e-01,-7.575465528938420956e-01,6.858368876972158432e+02
3.269238876252118509e-01,2.916994834166987260e+01,8.751583343919719482e+00,-5.642071960495221444e-02,-6.539244711158053169e-01,-7.544531055507516237e-01,6.905764116358575393e+02
-4.664972276597059014e-02,2.917551647216049204e+01,8.700670977521486549e+00,-4.255496873383286804e-03,-6.589430814483744347e-01,-7.521807669421504139e-01,6.953159355744992354e+02
-4.441000062158290129e-01,2.913148552972831595e+01,8.636032890594332656e+00,-1.541381283806582576e-02,-6.598831468256733945e-01,-7.512101216765120215e-01,7.000554595131409314e+02
-7.242187988192558823e-01,2.906753030266690985e+01,8.582649290819496457e+00,2.469026058412778640e-02,-6.583742903905693833e-01,-7.522856404219092630e-01,7.032395558749495876e+02
-1.156897711186115396e+00,2.892034993373695784e+01,8.487325368047708096e+00,8.874801112210145559e-02,-6.506583357967039571e-01,-7.541667723919789346e-01,7.079790798135912837e+02
-1.601342695827923102e+00,2.872095997535067369e+01,8.374955072994373140e+00,1.576832183213297822e-01,-6.361892987793760224e-01,-7.552477598632344469e-01,7.127186037522329798e+02
-2.052997261868367396e+00,2.846816103150128896e+01,8.244297494696773754e+00,2.314687754711926837e-01,-6.137786515378597096e-01,-7.547833946889883627e-01,7.174581276908746759e+02
-2.507334900574012426e+00,2.816064520386811409e+01,8.094112853150226883e+00,3.098907076825861973e-01,-5.819910233327747484e-01,-7.518338899331791225e-01,7.221976516295163719e+02
-2.959860031706603944e+00,2.779699660358322788e+01,7.923162576658254075e+00,3.924080500432267637e-01,-5.391532727733401309e-01,-7.452044489393957472e-01,7.269371755681580680e+02
-3.406108946502061752e+00,2.737569187533712878e+01,7.730209379126402602e+00,4.779490254049932330e-01,-4.834248039159593779e-01,-7.333929288404910096e-01,7.316766995067997641e+02
-3.841650747221826201e+00,2.689510073378002275e+01,7.514017337296194476e+00,5.646438998279836863e-01,-4.129835547316413336e-01,-7.145780922392339640e-01,7.364162234454414602e+02
-4.263346985467681982e+00,2.635469002614743061e+01,7.274282609899803909e+00,6.495475129116162760e-01,-3.264998341553110861e-01,-6.866482991800736402e-01,7.411557473840831562e+02
-4.670575537511115094e+00,2.575626510468057617e+01,7.012564098779896504e+00,7.283558565100893833e-01,-2.240658710758615391e-01,-6.475277845053982739e-01,7.458952713227248523e+02
-5.063918797920263337e+00,2.510282211578310196e+01,6.731352710037469933e+00,5.761604310830215070e-01,-3.251090573934977690e-01,-7.498954983562297061e-01,7.506347952613665484e+02
-5.443887202023339533e+00,2.439736213203087090e+01,6.433140557148428584e+00,6.672503928204226442e-01,-2.010031876632294157e-01,-7.171991577171660248e-01,7.553743192000082445e+02
-5.810919229267094366e+00,2.364288993393088489e+01,6.120420806007919268e+00,7.450732125024402963e-01,-5.765723578407231514e-02,-6.644859300038137295e-01,7.601138431386499406e+02
-6.165381414607685073e+00,2.284241279181163975e+01,5.795687519925378339e+00,8.002235820036972536e-01,9.511590860758228905e-02,-5.921107858626846188e-01,7.648533670772916366e+02
-6.507568367931897413e+00,2.199893924794751499e+01,5.461435504577793587e+00,8.402911526470460135e-01,-1.720841247836494836e-01,-5.140990495814441452e-01,7.695928910159333327e+02
-6.837702801507060890e+00,2.111547789902050809e+01,5.120160152928477260e+00,8.949063560050237731e-01,-5.926654506296115225e-03,-4.462146218448836965e-01,7.743324149545750288e+02
-7.155935565458249492e+00,2.019503617902169523e+01,4.774357290118606656e+00,8.023783447607836239e-01,1.607546228021692891e-01,-5.747581605394370685e-01,7.790719388932167249e+02
-7.462345691270695802e+00,1.924061914269444173e+01,4.426523018338432536e+00,8.428836113095382609e-01,-7.350412609151922572e-02,-5.330519310848740311e-01,7.838114628318584209e+02
-7.756940443314274347e+00,1.825522824962188295e+01,4.079153561685147089e+00,8.802531538164688474e-01,9.852635393382894180e-02,-4.641626253552368908e-01,7.885509867705001170e+02
-7.828708508513878783e+00,1.799349216786795580e+01,3.990245926837530543e+00,8.843386675305839884e-01,1.425559445194875818e-01,-4.445479994245705724e-01,7.897730006978659958e+02
-8.090829611730733006e+00,1.695041735626699619e+01,3.649535315107037103e+00,9.106957387037104557e-01,4.562993425062766145e-02,-4.105498515493415379e-01,7.945125246365076919e+02
-8.341143830228098466e+00,1.588293189671223615e+01,3.314925131116976509e+00,9.152021836506016861e-01,2.150625279018064939e-01,-3.408123708635805715e-01,7.992520485751493879e+02
-8.579425615192954879e+00,1.479401997007003899e+01,2.988910841310995270e+00,8.913450912130529424e-01,3.643436055073557278e-01,-2.697362888012933002e-01,8.039915725137910840e+02
-8.805377951804901571e+00,1.368665700045055544e+01,2.673987373501502507e+00,8.492700904941333784e-01,4.868510394085548421e-01,-2.042458783400442623e-01,8.087310964524327801e+02
-9.018632452858506454e+00,1.256380844427684806e+01,2.372648961782160448e+00,9.364956979314810193e-01,-3.282166779527017630e-01,-1.234893520491576469e-01,8.134706203910744762e+02
-9.218908497421150372e+00,1.142867012762313550e+01,2.086285637862505205e+00,9.813204789743085188e-01,-1.726106643009400476e-01,-8.494513591266998620e-02,8.182101443297161723e+02
-9.406165195972061355e+00,1.028491328510443203e+01,1.814079791167487299e+00,9.876170157907313563e-01,-1.563619232075979526e-01,-1.278980419833113981e-02,8.229496682683578683e+02
-9.580431649102088443e+00,9.136448712608576272e+00,1.554109573652254550e+00,9.997085199120456789e-01,5.360938838449061904e-03,2.354008390038863849e-02,8.276891922069995644e+02
-9.741644342387793643e+00,7.987186046917468474e+00,1.304452373384191510e+00,9.948571782476344216e-01,-8.762097634171288341e-02,5.081101646374858172e-02,8.324287161456412605e+02
-9.889647165579141586e+00,6.841032199092706101e+00,1.063184934550491123e+00,5.688430060243480080e-01,-7.549181731969590858e-01,-3.263681759518684555e-01,8.371682400842829566e+02
-9.953337297695226127e+00,6.287035969066109509e+00,9.492109057678324024e-01,6.156993048832665183e-01,-7.158370167938624684e-01,-3.293808302769392071e-01,8.394713424112674147e+02
-1.006722120842985291e+01,5.155891663960214366e+00,7.199565288791219819e-01,7.197695050048230625e-01,-6.092479040534255486e-01,-3.327894996414700879e-01,8.442108663499091108e+02
-1.016706988924484811e+01,4.037390053216999064e+00,4.943086898342424207e-01,8.269444335157732917e-01,-4.570875845262331594e-01,-3.274657905022296811e-01,8.489503902885508069e+02
-1.025240518163332126e+01,2.935415900267029254e+00,2.703427304650722895e-01,9.170734415469768974e-01,-2.548693381313529849e-01,-3.066234226044536326e-01,8.536899142271925029e+02
-1.032271084359718571e+01,1.853842057388237929e+00,4.667217232331315885e-02,9.637454277075041542e-01,-1.824411140555979444e-02,-2.661989913051915901e-01,8.584294381658341990e+02
-1.037748699075769032e+01,7.965273505224521600e-01,-1.770129117855245016e-01,9.533818983346940001e-01,2.162567832933870726e-01,-2.104660533371882358e-01,8.631689621044758951e+02
-1.041619596788680369e+01,-2.326803885830905083e-01,-4.004841632355393144e-01,9.732186761245510409e-01,-1.622240851650572635e-01,-1.628765011741613034e-01,8.679084860431175912e+02
-1.043820814476357306e+01,-1.229942904177614427e+00,-6.235132365425795076e-01,9.914924941889088350e-01,6.197337548569015198e-02,-1.144636828778719667e-01,8.726480099817592873e+02
-1.044280198220389444e+01,-2.191433073700124190e+00,-8.458718133705210862e-01,9.934891734543345176e-01,-9.422246887416108052e-02,-6.404208450917814321e-02,8.773875339204009833e+02
-1.043831467962850645e+01,-2.424062688126866316e+00,-9.017243546910178598e-01,9.978005358794986845e-01,-4.157998834135037680e-02,-5.162552825994667222e-02,8.785825676994058995e+02
-1.039747064512472718e+01,-3.305519291450612407e+00,-1.122248187562502997e+00,9.871814449691004301e-01,1.595971628033368006e-01,-1.241101866919670478e-03,8.833220916380475956e+02
-1.033691280204251051e+01,-4.142885833543544116e+00,-1.341587514197933428e+00,9.564435301843530191e-01,-2.879513276504822028e-01,4.795629753032705500e-02,8.880616155766892916e+02
-1.025624572748847108e+01,-4.932710971537720646e+00,-1.559887721768002278e+00,9.879107312027334276e-01,-1.167261407846266197e-01,1.020166419365384908e-01,8.928011395153309877e+02
-1.015623965379727700e+01,-5.672192669398901543e+00,-1.778041259703443844e+00,9.858378063484007914e-01,5.911322585130997925e-02,1.569377140894608058e-01,8.975406634539726838e+02
-1.013541167454179259e+01,-5.789402532415835800e+00,-1.815428695802789205e+00,9.822012568463261983e-01,8.752118892523697014e-02,1.661948631534983789e-01,8.983496677306200127e+02
-9.991964893777941725e+00,-6.421882270388539204e+00,-2.036083298003716457e+00,9.457473732910585129e-01,2.399084535759649639e-01,2.191023500920342704e-01,9.030891916692617087e+02
-9.831477295425422369e+00,-6.998790890600815828e+00,-2.259339101689664453e+00,8.890373483404503396e-01,3.715347231283225859e-01,2.675341899005460600e-01,9.078287156079034048e+02
-9.655139611316919002e+00,-7.517553669257243776e+00,-2.486461774647126699e+00,8.209306291008346967e-01,4.787684651935970037e-01,3.112132049580723647e-01,9.125682395465451009e+02
-9.464079129743002028e+00,-7.975562590134116725e+00,-2.718716741612886789e+00,7.487136500050410870e-01,5.622994147786312125e-01,3.510658605386423048e-01,9.173077634851867970e+02
-9.260834447438922368e+00,-8.370498011584000864e+00,-2.957307103970496787e+00,6.016787499992779509e-01,-5.403496566629030218e-01,5.882218376969605700e-01,9.220472874238284930e+02
-9.050839841892804216e+00,-8.700606389154875941e+00,-3.203311563324883426e+00,5.740018725707184410e-01,-4.844453673376883929e-01,6.601776551431901563e-01,9.267868113624701891e+02
-8.840963855181614761e+00,-8.964314661044081589e+00,-3.457746355348671141e+00,6.262577785572926992e-01,-5.297352323789289441e-01,5.719980580149965910e-01,9.315263353011118852e+02
-8.638037759046142128e+00,-9.159888361714925153e+00,-3.721627187510956336e+00,5.888362311474981681e-01,-4.925971796471121933e-01,6.407963104542042654e-01,9.362658592397535813e+02
-8.621510586811142574e+00,-9.170648444903619634e+00,-3.745229431279594401e+00,5.850207620244799456e-01,-4.901080833720439789e-01,6.461770458734032996e-01,9.366738776834386044e+02
-8.443909071689065016e+00,-9.223942830825929917e+00,-4.030226207267107341e+00,5.360924592243617726e-01,-4.706766340689062522e-01,7.007627139798042748e-01,9.414134016220803005e+02
-8.286644290038994498e+00,-9.204859235955458630e+00,-4.326785585302663328e+00,4.849381987751848477e-01,-4.601356274843947380e-01,7.437137538651693580e-01,9.461529255607219966e+02
-8.153387542432515289e+00,-9.114893974253144293e+00,-4.637246170972889381e+00,4.352395986546380158e-01,-4.581735826825298896e-01,7.750119095180437734e-01,9.508924494993636927e+02
-8.041805923865524619e+00,-8.962907645971444737e+00,-4.966596161410790522e+00,4.834464313139085201e-01,8.645510583127271609e-01,-1.372261477277191555e-01,9.556319734380053887e+02
-8.014904137147011554e+00,-8.904479873246184951e+00,-5.067874575660703762e+00,4.855407200091788056e-01,8.661575106549244119e-01,-1.184118910795398383e-01,9.569899367144379312e+02
-7.934667682895701901e+00,-8.657487045271970771e+00,-5.449533554386808198e+00,4.982803320356282706e-01,8.660092449231325817e-01,-4.176958719127579073e-02,9.617294606530796273e+02
-7.862060759805372001e+00,-8.379830063756463332e+00,-5.864478291120887476e+00,5.132887332811422176e-01,8.565896333154876530e-01,5.280981332175641030e-02,9.664689845917213233e+02
-7.795296250104611246e+00,-8.100892056209556102e+00,-6.292335503364211213e+00,5.222076952094178992e-01,8.402771171886397328e-01,-1.457171554526668633e-01,9.709448363749478403e+02
-7.721860772456819788e+00,-7.797345802473156340e+00,-6.785437226414702039e+00,5.146903377300582338e-01,7.980932041953632261e-01,-3.132747893854476717e-01,9.756843603135895364e+02
-7.641513359466825861e+00,-7.493671693201819473e+00,-7.319051134881899401e+00,5.578627926095361955e-01,8.086232781254572011e-01,-1.868622452383819910e-01,9.804238842522312325e+02
-7.630903661880382494e+00,-7.458175900665723113e+00,-7.387414614277674652e+00,5.628159598918031081e-01,8.093709621997571269e-01,-1.678000024997254314e-01,9.809881345987362238e+02
-7.531932784736054209e+00,-7.166629791503900115e+00,-7.998681924351776829e+00,7.872406481808593703e-01,6.054367403177250972e-01,-1.170406567190556690e-01,9.857276585373779199e+02
-7.421657414031729516e+00,-6.879651133323545942e+00,-8.637547421336194020e+00,8.287540429811948162e-01,5.564293394486388156e-01,-5.960810719252225554e-02,9.904671824760196159e+02
-7.299606851832229459e+00,-6.594031962613181364e+00,-9.292038026592702948e+00,8.485919911090107348e-01,4.810306930560696026e-01,2.202296641318826076e-01,9.952067064146613120e+02
-7.165235479080172887e+00,-6.306575707906135086e+00,-9.950179679871332894e+00,7.870137982474082472e-01,3.544455841994329504e-01,5.049530762454176314e-01,9.999462303533030081e+02
-7.018405406131879687e+00,-6.015303957607842200e+00,-1.060023599572496522e+01,5.088539768301065802e-01,4.845938894316366707e-01,7.115029111603859979e-01,1.004685754291944704e+03
-6.859978384742878355e+00,-5.720926483070122082e+00,-1.123231420211524068e+01,3.945012334937520460e-01,3.238589560108188214e-01,8.599326446783437383e-01,1.009425278230586400e+03
-6.691468695245782250e+00,-5.425890041793514307e+00,-1.183949514177718498e+01,2.900289876267433398e-01,1.888908787221240670e-01,9.381915701346874581e-01,1.014164802169228096e+03
-6.514517375090209228e+00,-5.132883994622552848e+00,-1.241622849438863874e+01,2.042976844143311044e-01,8.442161357579727743e-02,9.752617327180438389e-01,1.018904326107869792e+03
-6.339344614433952252e+00,-4.857802225593716550e+00,-1.293206416990442165e+01,1.387103685675206977e-01,8.126649254972246120e-03,9.902996471895511021e-01,1.023424978356343786e+03
-6.150157198641670320e+00,-4.575273024491798957e+00,-1.343089825077764488e+01,8.308623234497083954e-02,-5.411635962009567896e-02,9.950719057516326238e-01,1.028164502294985596e+03
-5.955492593701457338e+00,-4.297356669366235948e+00,-1.388036113807149619e+01,3.709600409825788286e-02,-1.041463291793689183e-01,9.938699253918517051e-01,1.032904026233627292e+03
-5.754902497193981503e+00,-4.021489369993078711e+00,-1.427237083263488415e+01,-2.080260090649035162e-03,7.362605735114914618e-02,9.972837490889343570e-01,1.037643550172268988e+03
-5.547879883426991121e+00,-3.745118048368940578e+00,-1.459884890051628936e+01,-3.795181516036223029e-02,2.152558098769561876e-02,9.990477011079981207e-01,1.042383074110910684e+03
-5.333688607575541418e+00,-3.468110967058902983e+00,-1.485399241408787496e+01,-7.184738980526250707e-02,-2.544420893109734100e-02,9.970910413849086718e-01,1.047122598049552380e+03
-5.252959134622650517e+00,-3.367905048265519063e+00,-1.492054511032680253e+01,-8.419505120802571463e-02,-4.156515090284236547e-02,9.955820064577813877e-01,1.048850609055448558e+03
-5.023519020493403708e+00,-3.100104974316713058e+00,-1.503117459141323664e+01,7.363348835313217322e-02,-8.380594275341526900e-02,9.937578544857698093e-01,1.053590132994090254e+03
-4.784386617579944101e+00,-2.846163231725823639e+00,-1.507060901842636547e+01,3.488417357194194962e-02,-1.235975339456241301e-01,9.917190852437816062e-01,1.058329656932731950e+03
-4.534662745501272241e+00,-2.613250744061389685e+00,-1.503987618604250542e+01,-4.937879915039552862e-03,-1.607644123444465500e-01,9.869804562733192066e-01,1.063069180871373646e+03
-4.307818223033168969e+00,-2.434479557345002654e+00,-1.495428483960170674e+01,-4.143096624672405054e-02,-1.907228472755010396e-01,9.807692239069233375e-01,1.067196175604796281e+03
-4.037200084445506043e+00,-2.262898474801266602e+00,-1.479436013626108881e+01,-8.635694286041455114e-02,-2.219882105439420772e-01,9.712176444027885713e-01,1.071935699543437977e+03
-3.757660523316197043e+00,-2.131306043794216176e+00,-1.458078911177620007e+01,-1.352280637259662133e-01,-2.493719794910455867e-01,9.589196976940475015e-01,1.076675223482079673e+03
-3.470665957413023417e+00,-2.045952123265596168e+00,-1.432185621811139065e+01,-1.888806736542543996e-01,-2.717410053258921820e-01,9.436529643594558925e-01,1.081414747420721369e+03
-3.177819763380530738e+00,-2.013057773175476850e+00,-1.402584871860622684e+01,-2.481108945686970602e-01,-2.875133117965070206e-01,9.250822015021828992e-01,1.086154271359363065e+03
-2.880862058728952402e+00,-2.038812967644530794e+00,-1.370105617203093296e+01,-3.136018713452948803e-01,-2.945567192784294686e-01,9.027126926196715750e-01,1.090893795298004761e+03
-2.581669468972029868e+00,-2.129374310999490483e+00,-1.335576991653497458e+01,-2.568384568113917243e-01,-3.726208501218112312e-01,8.917329808621197174e-01,1.095633319236646457e+03
-2.517993646011257969e+00,-2.163068316242863887e+00,-1.327968888068417641e+01,-2.726362398282105026e-01,-3.706285428554524919e-01,8.878648342811976679e-01,1.096637862826583387e+03
-2.217489236521598350e+00,-2.391723610022989277e+00,-1.291097863990893480e+01,-3.538499812843426406e-01,-3.468512649247335045e-01,8.686106094016943224e-01,1.101377386765225083e+03
-1.918675814016811199e+00,-2.688978609568264400e+00,-1.253569331426244027e+01,-4.448072956822843316e-01,-3.033696618041086257e-01,8.426822164995969588e-01,1.106116910703866779e+03
-1.622377135135593118e+00,-3.051183415227856077e+00,-1.215770155788415785e+01,-5.436289332776446104e-01,-2.359507218363017800e-01,8.054780194197346255e-01,1.110856434642508475e+03
-1.329335790426324326e+00,-3.474678425496699141e+00,-1.178087218135377157e+01,-6.444818748395321206e-01,-1.415440515553483269e-01,7.514042816437889183e-01,1.115595958581150171e+03
-1.040213170979925383e+00,-3.955795696379775794e+00,-1.140907391107772462e+01,-7.365587044150929685e-01,-2.138716968040710667e-02,6.760354013832569064e-01,1.120335482519791867e+03
-7.555894439147361474e-01,-4.490860301094380169e+00,-1.104617514868030348e+01,-8.116363140198984416e-01,2.255260207010445148e-02,5.837275682234481788e-01,1.125075006458433563e+03
-5.164272386374817447e-01,-4.990566948619752807e+00,-1.074711476121064457e+01,-8.554806579375241471e-01,1.485155334525462556e-01,4.960806186680612462e-01,1.129121868167976345e+03
-2.412734346830823773e-01,-5.622563897416212875e+00,-1.041310219276847349e+01,-8.740106752212210006e-01,2.913804445398395226e-01,3.888480116177927548e-01,1.133861392106618041e+03
2.923956595913991888e-02,-6.296843923577521096e+00,-1.009746861791634309e+01,-8.626089814268135259e-01,4.158820810543845670e-01,2.880066662764415031e-01,1.138600916045259737e+03
2.983031238353339720e-01,-7.006297378438005374e+00,-9.799409922886793467e+00,-8.324547313886435651e-01,5.163565976064111718e-01,2.009850350075651770e-01,1.143340439983901433e+03
5.704166314589513842e-01,-7.742748967354734724e+00,-9.516564541603417027e+00,-7.942492402339086377e-01,5.935645064110741664e-01,1.298049348708934791e-01,1.148079963922543129e+03
8.502625097004342658e-01,-8.498128961211588006e+00,-9.246569950906538438e+00,-2.684084587418562595e-01,5.547467698012168436e-01,7.875359805564040583e-01,1.152819487861184825e+03
1.142705296884160004e+00,-9.264476261099780174e+00,-8.987062817982812035e+00,-2.995684372266583795e-01,6.445863458542913094e-01,7.033968966065955453e-01,1.157559011799826521e+03
1.452790717899987705e+00,-1.003394145099659163e+01,-8.735679147831053371e+00,-3.250558699089166614e-01,7.144199076337768295e-01,6.196312427680702450e-01,1.162298535738468217e+03
1.765950359593099206e+00,-1.075295534186696500e+01,-8.504817442900399982e+00,-3.454970910088985270e-01,7.635439908376135953e-01,5.455569027701503426e-01,1.166753985703076978e+03
2.124906613758912322e+00,-1.150693655289628659e+01,-8.262114119489821107e+00,-4.453695272876071268e-03,-4.431765826976987593e-03,9.999802618302379154e-01,1.171493509641718674e+03
2.507547798014638563e+00,-1.224604139110905798e+01,-8.018059481403243538e+00,-5.932204407709291971e-02,5.857510917588112931e-02,9.965188666912178084e-01,1.176233033580360370e+03
2.909700948832643519e+00,-1.296709154126606123e+01,-7.767766467057588997e+00,3.079627579391936223e-02,1.554925081297433009e-01,9.873569108041664322e-01,1.180972557519002066e+03
3.327271931750857004e+00,-1.366681375513177699e+01,-7.506348395687510333e+00,-3.118017880730171096e-02,2.627282168605221679e-01,9.643659474052550529e-01,1.185712081457643762e+03
3.756246246472767059e+00,-1.434184119419055214e+01,-7.228919271967928495e+00,-9.569862315626760652e-02,3.649991793942635732e-01,9.260763319335555410e-01,1.190451605396285458e+03
4.192689823081920508e+00,-1.498871478280555358e+01,-6.930594090603056756e+00,8.102362388993457343e-02,4.628784417481108804e-01,8.827110062396317236e-01,1.195191129334927155e+03
4.632749809324451462e+00,-1.560388457170537180e+01,-6.606489140870445809e+00,1.481094559965732797e-02,5.542362580633541924e-01,8.322276167842395100e-01,1.199930653273568851e+03
5.072655348914651086e+00,-1.618371111168404042e+01,-6.251722311105741170e+00,-5.068880883536233672e-02,6.347360902042402664e-01,7.710646798103817368e-01,1.204670177212210547e+03
5.508718350819806986e+00,-1.672446683739955731e+01,-5.861413393112769654e+00,-1.146294073733603314e-01,5.909731707121173017e-01,7.985053603224582242e-01,1.209409701150852243e+03
5.770781445919756614e+00,-1.702704486830367259e+01,-5.600284409297775490e+00,8.501530922972522220e-02,6.392108523300609191e-01,7.643179204101205881e-01,1.212292251195785866e+03
6.196895087850934125e+00,-1.747892224600577293e+01,-5.131117999091474147e+00,2.201705685779700369e-02,7.127125098450921570e-01,7.011106385711386446e-01,1.217031775134427562e+03
6.619350661083728937e+00,-1.788382820639281690e+01,-4.622833848547236002e+00,-4.141357402816575606e-02,7.770619472954820584e-01,6.280602247806871263e-01,1.221771299073069258e+03
7.040447694106579668e+00,-1.823927117895638972e+01,-4.076245054118510680e+00,-1.048150776610293211e-01,8.310641965069284209e-01,5.462106743548738041e-01,1.226510823011710954e+03
7.396033204038878317e+00,-1.849625107914452471e+01,-3.583581075268025273e+00,8.594239470060879849e-02,7.919050864540091439e-01,6.045661575389357223e-01,1.230512537557586711e+03
7.815952685579902415e+00,-1.875077871319443190e+01,-2.965843850547692728e+00,2.210704113622784239e-02,8.521326517561024216e-01,5.228587022736775891e-01,1.235252061496228407e+03
8.231709389767994267e+00,-1.895844949445708849e+01,-2.317387447350656160e+00,-4.411577581291287187e-02,9.021523163825081459e-01,4.291561445093146632e-01,1.239991585434870103e+03
8.640377513800968856e+00,-1.912191063226065069e+01,-1.641885418770128613e+00,-1.109292330429652723e-01,9.393100998646236599e-01,3.246401724198808014e-01,1.244731109373511799e+03
9.039025192698513678e+00,-1.924356459535254515e+01,-9.433901445400793007e-01,3.908229194228355491e-02,9.732695812995439955e-01,2.263159220504568914e-01,1.249470633312153495e+03
9.134049944729602188e+00,-1.926319772412454157e+01,-7.669170801880977884e-01,2.354874905616079206e-02,9.799177208288257779e-01,1.980068605466217546e-01,1.250636107496832665e+03
9.506606426429677015e+00,-1.930229108978979724e+01,-3.334689711568273457e-02,-3.826849318025392355e-02,9.962338687058653885e-01,7.780489234654434927e-02,1.255375631435474361e+03
9.863052903981071040e+00,-1.930361888529111525e+01,7.119460989484321933e-01,-9.751791070446777510e-02,9.952286133397171275e-01,3.203791775307541796e-03,1.260115155374116057e+03
1.020046635321070383e+01,-1.926884131053968119e+01,1.463774162466440876e+00,-1.523243842907009704e-01,9.809182966928183811e-01,-1.208162951083945058e-01,1.264854679312757753e+03
1.051588144394963464e+01,-1.919954798182932620e+01,2.216949140155954900e+00,-2.002105418865158526e-01,9.498839248407744407e-01,-2.400755469567726619e-01,1.269594203251399449e+03
1.080629116041052740e+01,-1.909725721378101682e+01,2.966282793420821129e+00,-3.517810992244468915e-01,9.344701784145940104e-01,5.491396800666174111e-02,1.274333727190041145e+03
1.106864742633348442e+01,-1.896341530942080666e+01,3.706587120785771017e+00,-3.958818919936281655e-01,9.159413641325762079e-01,-6.579471910800160916e-02,1.279073251128682841e+03
1.129986173486429202e+01,-1.879939585845205485e+01,4.432674680320163318e+00,-4.395016759953879193e-01,8.982276301454237277e-01,-5.039964343239543634e-03,1.283812775067324537e+03
1.149680578312875134e+01,-1.860649904378214714e+01,5.139358912035655536e+00,-4.747458428771918482e-01,8.716034132411134561e-01,-1.221633115843931972e-01,1.288552299005966233e+03
1.165631211146681068e+01,-1.838595095636366139e+01,5.821454460242445172e+00,-5.273757270125577490e-01,8.432917128936642248e-01,-1.036046790586509364e-01,1.293291822944607929e+03
1.177517474728986713e+01,-1.813890291840907665e+01,6.473777495849354580e+00,-5.504617112442019566e-01,8.071695379977854579e-01,-2.132351785764870500e-01,1.298031346883249626e+03
1.185014985352390759e+01,-1.786643081503816788e+01,7.091146038593020506e+00,-5.637907006898489337e-01,7.627262085464359131e-01,-3.168418795109450015e-01,1.302770870821891322e+03
1.187795638160096523e+01,-1.756953443441707208e+01,7.668380279180413872e+00,-5.677376716750375252e-01,7.121616640874880444e-01,-4.129160936136389015e-01,1.307510394760533018e+03
1.187276225399001461e+01,-1.749953059976019176e+01,7.784761746455784781e+00,-5.671733682716795233e-01,7.008379158561240940e-01,-4.325974873040783764e-01,1.308545226280693896e+03
1.179676042250436296e+01,-1.715652956522591310e+01,8.271351897972252232e+00,-5.584841070610079283e-01,6.481489735123545648e-01,-5.176856288281043161e-01,1.313284750219335592e+03
1.167175449464640558e+01,-1.679449525201244953e+01,8.710011871752938006e+00,-5.419046176254513902e-01,5.920628226307111941e-01,-5.964905694600446395e-01,1.318024274157977288e+03
1.149964400926495678e+01,-1.641820901645571240e+01,9.099256023661720150e+00,-5.176644224175371845e-01,5.332993130381816771e-01,-6.690406478504283827e-01,1.322763798096618984e+03
1.128220616819092115e+01,-1.603249163283830114e+01,9.437601779133800051e+00,-4.858475190439811575e-01,4.724759073267116860e-01,-7.353357772029108785e-01,1.327503322035260680e+03
1.102109552222809974e+01,-1.564220120768857747e+01,9.723569725144997733e+00,-4.463897843868113169e-01,4.101415871169695748e-01,-7.953112842857626985e-01,1.332242845973902376e+03
1.071784367099169977e+01,-1.525223109008642730e+01,9.955683702033335081e+00,-3.990744214749623597e-01,3.468056274014570395e-01,-8.488023697699634829e-01,1.336982369912544073e+03
1.037385897661186718e+01,-1.486750777815238500e+01,1.013247089516886312e+01,-3.435260835382419331e-01,2.829645551594385799e-01,-8.955003575947348970e-01,1.341721893851185769e+03
9.990426291318669882e+00,-1.449298882189750515e+01,1.025246192646730670e+01,-2.792084269280111775e-01,2.191322951363204596e-01,-9.348923422302024555e-01,1.346461417789827465e+03
9.688747413042085199e+00,-1.423662306070686689e+01,1.029664371156968095e+01,-2.269856069311577407e-01,1.744634641595194935e-01,-9.581440569765873327e-01,1.349845436408356136e+03
9.228020925941946118e+00,-1.389727325730872920e+01,1.029915803220248982e+01,-1.439902111942772123e-01,1.135183331167312210e-01,-9.830464928611597486e-01,1.354584960346997832e+03
8.730640560682598306e+00,-1.358158465049204366e+01,1.024090704740815028e+01,-4.941009297545667645e-02,5.406851872896650119e-02,-9.973140117308150199e-01,1.359324484285639528e+03
8.197348455440499393e+00,-1.329421397224450807e+01,1.012353355580287229e+01,3.638035480723030013e-02,-2.830622837921028655e-03,-9.993340069058239683e-01,1.364064008224281224e+03
7.880535492307945589e+00,-1.315282888372712300e+01,1.002909674245415239e+01,1.020993547382123279e-01,-3.196661308199315321e-02,-9.942604575311776438e-01,1.366700001627259780e+03
7.275356203427938873e+00,-1.293284758468566054e+01,9.815591872000378970e+00,1.048387674537677311e-01,1.215698886245205890e-01,-9.870306960873083124e-01,1.371439525565901477e+03
6.637462103357530729e+00,-1.274401538090729780e+01,9.568649638547388037e+00,4.590627518470244417e-02,2.231311225266903731e-01,-9.737068943263396115e-01,1.376179049504543173e+03
5.969637459782530797e+00,-1.258358892803473239e+01,9.300028034788745401e+00,2.041638517644871753e-01,1.966616459798571914e-01,-9.589793108473101402e-01,1.380918573443184869e+03
5.645556899697668385e+00,-1.252196401879405840e+01,9.169617395126051562e+00,2.836200903316017374e-01,1.847131275349806478e-01,-9.409785889575490447e-01,1.383125740893989814e+03
4.924327113931628475e+00,-1.241539061945533895e+01,8.885325589817448133e+00,4.554465972244389205e-01,1.598702541698921453e-01,-8.757910132607743536e-01,1.387865264832631510e+03
4.182969666480572002e+00,-1.232917188289653687e+01,8.602509111697663968e+00,6.097871479080104740e-01,1.346468529449169338e-01,-7.810440827752580528e-01,1.392604788771273206e+03
3.427385918818451671e+00,-1.225945058155218526e+01,8.327086683651039323e+00,7.324968460623346722e-01,1.110206024291024718e-01,-6.716567548569813972e-01,1.397344312709914902e+03
2.663557280408855643e+00,-1.220250495511618993e+01,8.064976559678797230e+00,8.209715297866134742e-01,9.050921954742477404e-02,-5.637497924227943269e-01,1.402083836648556598e+03
1.897544054591795870e+00,-1.215475003265521359e+01,7.822096156530509603e+00,-3.723902895187343187e-01,-6.801015390487859247e-02,-9.255809479661883943e-01,1.406823360587198295e+03
1.135484275958843492e+00,-1.211273893962592751e+01,7.604361685375074842e+00,-2.500793587881043889e-01,-8.275622909195881616e-02,-9.646821864503406507e-01,1.411562884525839991e+03
3.835925392828836711e-01,-1.207316418968821381e+01,7.417687783527945555e+00,-1.027789640597351478e-01,-9.708132524460559576e-02,-9.899554034579329809e-01,1.416302408464481687e+03
-3.518411799313123089e-01,-1.203285896120618048e+01,7.267987146252372632e+00,-3.260442241931881674e-02,-1.098996927368089266e-01,-9.934077758780920364e-01,1.421041932403123383e+03
-6.768165215362940135e-01,-1.201398214148749588e+01,7.219004631771607450e+00,4.157903934161748943e-02,-1.153653131307379176e-01,-9.924525318692452025e-01,1.423200303365853415e+03
-8.750862347095479388e-01,-1.200204659336769808e+01,7.200933672998162116e+00,8.711967718462867993e-02,-1.182040425835872016e-01,-9.891602328056579019e-01,1.424565034103077778e+03
-1.536041110929518450e+00,-1.195663864413953448e+01,7.182265806569158251e+00,2.066525763474213739e-01,2.077500005791642068e-01,-9.561038907714632940e-01,1.429304558041719474e+03
-2.165191147839224950e+00,-1.190106742990810140e+01,7.202846307463718567e+00,3.347831139525870303e-01,1.876541658092471254e-01,-9.234209119716992875e-01,1.434044081980361170e+03
-2.756804637563005311e+00,-1.183059038167153432e+01,7.253311622785788337e+00,4.379239644689354449e-01,1.631291126677295589e-01,-8.840879446887903725e-01,1.438783605919002866e+03
-3.304636324257419044e+00,-1.174029949613148283e+01,7.322295479213179803e+00,5.174216040681689499e-01,1.360460905378827468e-01,-8.448469357776480226e-01,1.443523129857644562e+03
-3.802319359708750568e+00,-1.162542566772679642e+01,7.398430442930242101e+00,4.632550865957424380e-02,9.536637303266133625e-02,-9.943637172292777437e-01,1.448262653796286259e+03
-4.228887551375041021e+00,-1.148621454244055329e+01,7.468070688172060656e+00,1.248595615919689816e-01,6.779641499322366927e-02,-9.898554116602725772e-01,1.452845841268543381e+03
-4.606726669014399533e+00,-1.130916056799278557e+01,7.527588986870988208e+00,-5.968747106109650175e-02,3.454085651257110534e-02,-9.976193337289073204e-01,1.457585365207185077e+03
-4.913957711303515552e+00,-1.109583158102051570e+01,7.571738666398347917e+00,-2.718945685462973230e-03,-4.975870924134675327e-03,-9.999839238922323403e-01,1.462324889145826774e+03
-5.142917735088804676e+00,-1.084364427566069189e+01,7.600361506912837406e+00,3.919073737840576138e-02,-5.107901154677153832e-02,-9.979253582724217919e-01,1.467064413084468470e+03
-5.285021520796661321e+00,-1.055711303400980938e+01,7.613222379959496244e+00,6.468959503261409449e-02,-1.027080182260200758e-01,-9.926058227144347601e-01,1.471714136304197154e+03
-5.343609497317781454e+00,-1.022701385283634323e+01,7.611169060891888272e+00,7.470702169430162853e-02,-1.613013043179966355e-01,-9.840735491490868458e-01,1.476453660242838851e+03
-5.315663818364297910e+00,-9.862144653254750537e+00,7.594476120200711833e+00,6.902662009156967926e-02,-2.248871661020233892e-01,-9.719367717302063170e-01,1.481193184181480547e+03
-5.275147535039219626e+00,-9.719428429910829337e+00,7.583380268645834477e+00,6.157450066100008529e-02,-2.494356141076823075e-01,-9.664318161583215216e-01,1.482896858624605102e+03
-5.081086723615078959e+00,-9.292888900280534159e+00,7.538433583374384739e+00,2.674877715107003631e-02,-3.212355511379440531e-01,-9.466214785256162889e-01,1.487636382563246798e+03
-4.811300529707768447e+00,-8.840549402997014639e+00,7.479263404912622981e+00,-2.023497519214299475e-02,-3.933390761310168182e-01,-9.191707768240739984e-01,1.492375906501888494e+03
-4.474120200693564975e+00,-8.365960782217856107e+00,7.405788073393609672e+00,6.386799378217259404e-01,1.700815686244745994e-01,-7.504400022908390699e-01,1.497115430440530190e+03
-4.077933586501838015e+00,-7.872484180947813215e+00,7.317926812759140809e+00,6.110307485173224196e-01,9.263975927916495712e-02,-7.861674753937987203e-01,1.501854954379171886e+03
-3.631183531616084981e+00,-7.363290148253331502e+00,7.215599735863093223e+00,5.683844387378590435e-01,7.123807104885308350e-04,-8.227627983291250224e-01,1.506594478317813582e+03
-3.568802349855503930e+00,-7.296249996752075084e+00,7.200684748333061158e+00,5.614336126502667002e-01,-1.237880809767514384e-02,-8.274291895362110294e-01,1.507199925270739413e+03
-3.043182115018549183e+00,-6.757971315473160878e+00,7.068916619338515339e+00,4.926847557018685375e-01,-1.262403244391998580e-01,-8.610023879086955434e-01,1.511939449209381110e+03
-2.483136226378074074e+00,-6.212051863252508355e+00,6.920367241187360463e+00,4.007382290649091905e-01,1.579585311590253061e-01,-9.024732540081193966e-01,1.516678973148022806e+03
-1.895470156350321345e+00,-5.662711566026827015e+00,6.752811214036016807e+00,2.941598483098535888e-01,3.551495612316163397e-02,-9.550961582656972704e-01,1.521418497086664502e+03
-1.287073812257154115e+00,-5.114016461952442860e+00,6.564024315238861540e+00,1.516778194037987915e-01,-1.119221475934175647e-01,-9.820729463634489953e-01,1.526158021025306198e+03
-6.649202379206436975e-01,-4.569877312366783073e+00,6.351783638054219416e+00,-3.084162458606707138e-02,2.547191727437251862e-01,-9.665231177936947082e-01,1.530897544963947894e+03
-3.594532608901715998e-01,-4.308242731809351689e+00,6.236265384112212651e+00,-1.240402851199353673e-01,1.872987425539632822e-01,-9.744399359145073936e-01,1.533202039012903697e+03
2.695779130533154100e-01,-3.778895753478802355e+00,5.971695486443485912e+00,-2.696356519987921224e-02,3.143140501714428159e-02,-9.991421485105910216e-01,1.537941562951545393e+03
8.949307187010387965e-01,-3.263394871525167051e+00,5.678278489002471119e+00,-2.514638545736482822e-01,-1.503275319226081708e-01,-9.561211026794776968e-01,1.542681086890187089e+03
1.510141305913971443e+00,-2.765870564793564856e+00,5.354176216509125119e+00,-4.538094133117910323e-01,3.248606401383103415e-01,-8.297726079345686401e-01,1.547420610828828785e+03
2.108915055275057515e+00,-2.290566173135214267e+00,4.997678616762639692e+00,-6.784943403035452736e-01,1.596200192328719181e-01,-7.170543073130196676e-01,1.552160134767470481e+03
2.679257802873410643e+00,-1.845902236126098384e+00,4.610873870512321560e+00,-5.608181872065911566e-01,-7.970166434636882574e-04,-8.279386001768385128e-01,1.556853654352434432e+03
3.227757034949951365e+00,-1.426763492214969009e+00,4.186816997631445325e+00,-7.409514974141006016e-01,-1.500034642257233597e-01,-6.545913528302098605e-01,1.561593178291076129e+03
3.747886435329177868e+00,-1.040382163495515044e+00,3.734605036629360608e+00,-8.511168154320563062e-01,-2.642750247570871958e-01,-4.536065230774751211e-01,1.566332702229717825e+03
4.240466135469958431e+00,-6.892651809378950167e-01,3.261877382808711978e+00,-8.027391179547973543e-01,2.130431151495267572e-01,-5.569762468835987024e-01,1.571072226168359521e+03
4.706251064853087307e+00,-3.759409209939004182e-01,2.776274705747175719e+00,-9.143059371230358723e-01,1.104480808835387878e-01,-3.896740622247140684e-01,1.575811750107001217e+03
5.145930753598051410e+00,-1.029580911937766213e-01,2.285438473831080675e+00,-9.741721993274133906e-01,2.590654863545809386e-02,-2.243153512254325854e-01,1.580551274045642913e+03
5.560129142497245880e+00,1.271153868008627064e-01,1.797010478751990936e+00,-9.962169233074684715e-01,-3.547699598781243330e-02,-7.932984603213426300e-02,1.585290797984284609e+03
5.949404400478306876e+00,3.116934965931951185e-01,1.318632359989413860e+00,-7.035815579356484717e-01,-3.271222218538841764e-01,-6.308439135810252063e-01,1.590030321922926305e+03
6.314248749506670144e+00,4.481732488013862592e-01,8.579451293011103319e-01,-7.860651067509001333e-01,-3.570476603882586919e-01,-5.045974793436514005e-01,1.594769845861568001e+03
6.648712633741851619e+00,5.323849434663178171e-01,4.306731272816419764e-01,-8.465285419867192296e-01,-3.677895314236028779e-01,-3.848639865940249871e-01,1.599420980298763425e+03
6.965862081009237983e+00,5.649223220497519016e-01,2.814375176614734506e-02,-8.907322778234073590e-01,-3.619593875814469119e-01,-2.749207358225057574e-01,1.604160504237405121e+03
7.259645090764947462e+00,5.415167224811259228e-01,-3.339226363827356714e-01,-9.220312454921055778e-01,-3.420791763203798186e-01,-1.812187061653608156e-01,1.608900028176046817e+03
7.530289753503368821e+00,4.595088584306500912e-01,-6.478922558489671468e-01,-9.447326295213973602e-01,-3.105093911332884593e-01,-1.051863904486720902e-01,1.613639552114688513e+03
7.777264623120506037e+00,3.149347699170987891e-01,-9.068038915357616858e-01,-9.621336344801740825e-01,-2.685577820312897712e-01,-4.664318934640952069e-02,1.618379076053330209e+03
7.999507787848822993e+00,1.051787092999376255e-01,-1.107944022133998452e+00,-9.761734944628442934e-01,-2.169540142704423080e-01,-4.032914596170122240e-03,1.623118599991971905e+03
8.197139409335420623e+00,-1.658052941812302172e-01,-1.255082541770143223e+00,-9.872839593381548262e-01,-1.569442633679793975e-01,2.527611183427632552e-02,1.627858123930613601e+03
8.199812957727280249e+00,-1.707711242691453968e-01,-1.256581726820401146e+00,-9.874419520208007617e-01,-1.559002170325295422e-01,2.556391438260236654e-02,1.627930488279329211e+03
8.352852062263520949e+00,-5.462100181623369410e-01,-1.309214186687364334e+00,-9.961949414319274387e-01,-7.971128889739481638e-02,3.523846034881401162e-02,1.632670012217970907e+03
8.483288360374272585e+00,-9.668368993740181772e-01,-1.321308235478566351e+00,-9.993219664326316032e-01,1.898944057504536355e-03,3.676957188606751192e-02,1.637409536156612603e+03
8.592651338907348446e+00,-1.424858648097132585e+00,-1.299549214030882194e+00,-9.957201296658338974e-01,8.675544650282214498e-02,3.185774443288194591e-02,1.642149060095254299e+03
8.682637826529715497e+00,-1.912522689190152780e+00,-1.250624570537024027e+00,-9.917894371266365861e-01,-1.259179072868930882e-01,2.232471788217178094e-02,1.646888584033895995e+03
8.755111619995092909e+00,-2.422119778901117737e+00,-1.181223444020408131e+00,-9.994021806591413259e-01,-3.319349093711754239e-02,9.668167001058420792e-03,1.651628107972537691e+03
8.812103092366768919e+00,-2.945986786589095185e+00,-1.098036247730788562e+00,-9.981414036507639809e-01,6.071010590771541010e-02,-5.293520450180087995e-03,1.656367631911179387e+03
8.855808783218067859e+00,-3.476509471212355873e+00,-1.007754252479764023e+00,-9.880552539302525084e-01,1.526582329011873795e-01,-2.103043290830943976e-02,1.661107155849821083e+03
8.886922107831367157e+00,-4.006090796346123639e+00,-9.172668188524049082e-01,-9.701654275769205915e-01,2.397516367712810015e-01,-3.603048431512502481e-02,1.665846679788462779e+03
8.895744951192657624e+00,-4.264396958842142205e+00,-8.755200445664900188e-01,-9.589749738455611849e-01,2.802695346646094099e-01,-4.261440456921226916e-02,1.668192500195069670e+03
8.897297308459965137e+00,-4.772786511962542555e+00,-8.029083752592491852e-01,6.980007155108595984e-02,-9.712889385212956084e-01,2.274329525764422211e-01,1.672932024133711366e+03
8.877953611680590384e+00,-5.260874123007466707e+00,-7.485604839524993004e-01,8.053217898400841235e-02,-9.677471337609743207e-01,2.387049501906201854e-01,1.677671548072353062e+03
8.833987451615588071e+00,-5.720765867902001922e+00,-7.199565775886013208e-01,9.827472589530249214e-02,-9.616606845486361799e-01,2.560289164208831014e-01,1.682411072010994758e+03
8.761842337251762203e+00,-6.144483053671303985e+00,-7.245752588477496481e-01,1.252980801787193510e-01,-9.512487998582082049e-01,2.818263860461718839e-01,1.687150595949636454e+03
8.658132415662914028e+00,-6.523965053154235250e+00,-7.698930603494543723e-01,-1.864597016893391468e-01,-9.354962527619438140e-01,3.001325385796814738e-01,1.691890119888278150e+03
8.556177451248046850e+00,-6.766383582717479861e+00,-8.386729323961329419e-01,-1.693491670197148913e-01,-9.256513825713007515e-01,3.383642675779582332e-01,1.695395039387796714e+03
8.477336682699654347e+00,-6.889899535556563315e+00,-9.048930745655034968e-01,-1.514951730995400814e-01,-9.174903003559815584e-01,3.677781413844916081e-01,1.697554481633690330e+03
8.270096966237654001e+00,-7.102280272009480200e+00,-1.101917381095861348e+00,-9.502805546309238405e-02,-8.915281821577453192e-01,4.428850517836537271e-01,1.702294005572332026e+03
8.032635670327758604e+00,-7.256868949021582083e+00,-1.344522753636644419e+00,-2.328624821139754428e-02,-8.529514078153198620e-01,5.214706574200519418e-01,1.707033529510973722e+03
7.770671242292149117e+00,-7.356305499692962435e+00,-1.624573896623540126e+00,5.555578429265228130e-02,-8.032943257009104165e-01,5.929854813807400316e-01,1.711773053449615418e+03
7.489854283571556692e+00,-7.403350144083468365e+00,-1.933933180775787575e+00,1.322662354801459883e-01,-7.483704083940111440e-01,6.499595178102183235e-01,1.716512577388257114e+03
7.195766583506405745e+00,-7.400882230360843472e+00,-2.264461149700929266e+00,2.001420151297616523e-01,-6.953176091196069386e-01,6.902728418734086491e-01,1.721252101326898810e+03
7.144685397938208560e+00,-7.392758194073216771e+00,-2.322602873676920421e+00,-2.079701704340414514e-01,-8.481657385296418328e-01,4.871994336964104999e-01,1.722050196206074588e+03
6.835404491193711962e+00,-7.300500638331540948e+00,-2.677875116983426729e+00,-1.210019734052437401e-01,-8.267852462932450130e-01,5.493493232396438053e-01,1.726789720144716284e+03
6.524817399207996971e+00,-7.166500459075074936e+00,-3.036813376903254813e+00,-4.155745168293633468e-02,-8.024799944694716025e-01,5.952300703811065352e-01,1.731529244083357980e+03
6.217356138471054727e+00,-6.997586910074102384e+00,-3.391728629337928513e+00,2.694520241952817405e-02,-7.788853530906645339e-01,6.265872347944868581e-01,1.736268768021999676e+03
5.916994413358468208e+00,-6.801875143166242310e+00,-3.735083166499594931e+00,8.395806298307584292e-02,-7.582470545835346964e-01,6.465388216306303670e-01,1.741008291960641372e+03
5.627525798345952346e+00,-6.587563984299573683e+00,-4.059339997412559242e+00,1.305185344158537875e-01,-7.415486666248544134e-01,6.580809123510864556e-01,1.745747815899283069e+03
5.585693616094001612e+00,-6.553572436144256663e+00,-4.104542386738547322e+00,-4.314509095940250449e-01,7.202950327386112850e-01,5.431622026821926186e-01,1.746463670349502991e+03
5.323276229497530210e+00,-6.322604665200988627e+00,-4.374502060692958771e+00,-3.918923641424699178e-01,6.928666122266194938e-01,6.052736840375873006e-01,1.751203194288144687e+03
5.079360281962610912e+00,-6.091055449191603799e+00,-4.609157060650079352e+00,-3.529506585179023603e-01,6.619464890209435515e-01,6.612508437231856551e-01,1.755942718226786383e+03
4.859050545476711669e+00,-5.867650116352588263e+00,-4.803707421102746622e+00,-3.161949752819753212e-01,6.296474239147005214e-01,7.096230401868393045e-01,1.760682242165428079e+03
4.671027538840924365e+00,-5.661804952996952522e+00,-4.958817636246528160e+00,-2.837126298042926265e-01,5.979488128628744903e-01,7.496428222062900826e-01,1.765421766104069775e+03
4.607576101350309372e+00,-5.584733069939535000e+00,-5.009819966377565770e+00,-2.726136821612159533e-01,5.856968829261679499e-01,7.633092044702948220e-01,1.767459462774772419e+03
4.507664511958308751e+00,-5.439339024961991953e+00,-5.094395967730586783e+00,-2.551900481339247628e-01,5.620008223860060159e-01,7.867865752355325260e-01,1.772198986713414115e+03
4.502182176146042991e+00,-5.426860364403716552e+00,-5.100667811367133986e+00,-2.542769604878275524e-01,5.599095581217352624e-01,7.885711851754381163e-01,1.772761650686703206e+03
4.513691022688018251e+00,-5.366632523772477903e+00,-5.124831830980097536e+00,-2.571391433833434270e-01,5.491895114498739350e-01,7.951542878294307615e-01,1.777501174625344902e+03
4.586534185208742009e+00,-5.354624754449758939e+00,-5.125775492612510753e+00,-2.709071372523427779e-01,5.453458975497942340e-01,7.932258032939609738e-01,1.782240698563986598e+03
4.609652870858496065e+00,-5.361002367257015067e+00,-5.122866108594764434e+00,-2.750853727029105023e-01,5.458006312527478032e-01,7.914731256644175206e-01,1.783047247139391402e+03
4.807287809275636370e+00,-5.446807173654941714e+00,-5.088757175801009502e+00,-3.094377932538843745e-01,5.542015729465847862e-01,7.727281984305333085e-01,1.787786771078033098e+03
5.063185822958977234e+00,-5.578076120604428922e+00,-5.035982537736812148e+00,-3.512635842078232762e-01,5.667487227415307638e-01,7.452581966542313197e-01,1.792526295016674794e+03
5.373184136245539477e+00,-5.750088428370800031e+00,-4.962540675678195790e+00,-3.981045118970189534e-01,5.816207609269411494e-01,7.093871214407563297e-01,1.797265818955316490e+03
5.733243292675761715e+00,-5.958036547458757326e+00,-4.866431353355588740e+00,-4.474186392837879445e-01,5.970153801034098207e-01,6.658747608532888940e-01,1.802005342893958186e+03
6.139447847677187653e+00,-6.197028265996994634e+00,-4.745655741615985690e+00,-4.968367487071631006e-01,6.113674607136473371e-01,6.159408032551847434e-01,1.806744866832599882e+03
6.588007047235282521e+00,-6.462088826030717215e+00,-4.598216543016688362e+00,-4.130431280069876698e-02,-7.102837033576755443e-01,7.027026501220607901e-01,1.811484390771241578e+03
6.904339640729153516e+00,-6.647237798875148762e+00,-4.484193059696460537e+00,-9.798713685458239342e-02,-7.013972487635437014e-01,7.060031306148529806e-01,1.814556723928056044e+03
7.428806924713971860e+00,-6.949251507695656471e+00,-4.278192560558368385e+00,9.848569857827724205e-02,-6.921599826238780118e-01,7.149930948125734487e-01,1.819296247866697740e+03
7.986141763133111304e+00,-7.263933269473019649e+00,-4.040247910353759409e+00,-5.987096238087361369e-03,-6.866692552494352286e-01,7.269453133309423665e-01,1.824035771805339436e+03
8.572651392757808964e+00,-7.587119449498337609e+00,-3.768740947927339047e+00,-1.349405031412856115e-01,-6.726390476647858829e-01,7.275628991149745151e-01,1.828775295743981133e+03
9.184014101395490570e+00,-7.916752508603070559e+00,-3.462799945834732274e+00,-2.883719105037101382e-01,-6.440599405359168639e-01,7.085396490171255168e-01,1.833514819682622829e+03
9.815593043070894197e+00,-8.251771313356710991e+00,-3.121927491357660234e+00,-1.373512666350528710e-01,-8.380414661507742391e-01,5.280351603497698276e-01,1.838254343621264525e+03
1.046278277470717555e+01,-8.591011593898034704e+00,-2.745628344237437624e+00,-2.153034907655458630e-01,-6.575475367963827811e-01,7.219942130773489009e-01,1.842993867559906221e+03
1.112101011753364332e+01,-8.933206490838635716e+00,-2.333409467853991170e+00,-4.338465003288802246e-01,-6.121528219539109639e-01,6.610946503536737628e-01,1.847733391498547917e+03
1.178573501480969377e+01,-9.276987113362233472e+00,-1.884780060299457549e+00,-6.561400669219686899e-01,-5.246693345449054968e-01,5.424041869010973738e-01,1.852472915437189613e+03
1.245245138581313249e+01,-9.620883108473982759e+00,-1.399251585344584159e+00,-8.343796624654363780e-01,-4.023674773958569872e-01,3.767107537596439681e-01,1.857212439375831309e+03
1.275998463807280636e+01,-9.778293449197988707e+00,-1.157664519537303205e+00,-8.930845675461818178e-01,-3.417638040311207770e-01,2.925704316314741704e-01,1.859402429620079829e+03
1.342115187517971542e+01,-1.011452480308954094e+01,-5.971630970203236632e-01,-9.691053527428007408e-01,-2.178388585056334481e-01,1.156764756128667027e-01,1.864141953558721525e+03
1.407342202999322289e+01,-1.044681828620620578e+01,1.429579527979010821e-03,-9.927931277962078749e-01,-1.147136971148765977e-01,-3.467813568891383452e-02,1.868881477497363221e+03
1.471409148666318423e+01,-1.077443180508264753e+01,6.365408082297410175e-01,-9.903417138393318941e-01,-3.527356508407991642e-02,1.340860374387802811e-01,1.873621001436004917e+03
1.534381903957203441e+01,-1.109872299495882864e+01,1.302490554638455755e+00,-9.996667028372163699e-01,2.569084243429417200e-02,2.542410978734864577e-03,1.878360525374646613e+03
1.596490007367147435e+01,-1.142214955940950993e+01,1.991544333873203065e+00,-9.763046078529307170e-01,-1.394154339952875278e-02,2.159512585116699357e-01,1.883100049313288309e+03
1.657957206264812200e+01,-1.174721903630343434e+01,2.695966220689279158e+00,-9.953096938768429824e-01,-2.981607772391330069e-02,9.203051007109788739e-02,1.887839573251930005e+03
1.719001415919003861e+01,-1.207648782069982474e+01,3.408019330664699087e+00,-9.997094213980057820e-01,1.872349578091397210e-02,-1.518234085398501021e-02,1.892579097190571702e+03
1.760452889747421068e+01,-1.230436562101353104e+01,3.894612757523607360e+00,-9.967967844419389767e-01,4.375105390504353126e-02,6.694785887844939554e-02,1.895809575456678886e+03
