-1.279117795162455773e-01,-1.160528739806081733e+00,5.303655896052821284e+00,-5.839900000000000091e-01,4.034900000000000292e-02,-8.107569999999999499e-01,0.000000000000000000e+00
4.147956381547871496e-01,-9.503335412011993943e-01,5.892481272115619895e+00,-5.839896273083367007e-01,4.034897425001126442e-02,-8.107564825898133654e-01,5.928256092399785793e+00
9.572474540007074317e-01,-7.482368077947125773e-01,6.479511381643616730e+00,-5.839896273083626799e-01,4.034897425001305465e-02,-8.107564825898492256e-01,1.185651218479957159e+01
1.496205558099563238e+00,-5.546950411519480095e-01,7.063209543168556870e+00,-5.839896273083852174e-01,4.034897425001461591e-02,-8.107564825898807559e-01,1.778476827719935827e+01
2.028418223656458519e+00,-3.700746999441145157e-01,7.642039384575023853e+00,-5.839896273084046463e-01,4.034897425001595511e-02,-8.107564825899076233e-01,2.371302436959914317e+01
2.550621047093416305e+00,-1.946519147309184739e-01,8.214464991433185759e+00,-5.839896273084208556e-01,4.034897425001707227e-02,-8.107564825899301608e-01,2.964128046199892808e+01
3.059537890512550096e+00,-2.861221806933522335e-02,8.778951055299446082e+00,-5.839896273084337341e-01,4.034897425001797433e-02,-8.107564825899481464e-01,3.556953655439871653e+01
3.551881826447786938e+00,1.279497100149083744e-01,9.333963021974096108e+00,-5.839896273084435041e-01,4.034897425001864046e-02,-8.107564825899616912e-01,4.149779264679850144e+01
4.024356084821512525e+00,2.750302811570746742e-01,9.877967239704888769e+00,-5.839896273084500544e-01,4.034897425001909149e-02,-8.107564825899706840e-01,4.742604873919828634e+01
4.473655002021653893e+00,4.127172223482467595e-01,1.040943110732507471e+01,-5.839896273084532741e-01,4.034897425001931354e-02,-8.107564825899751249e-01,5.335430483159807125e+01
4.896464972014233474e+00,5.411897841620573191e-01,1.092682322231498659e+01,-5.839896273084532741e-01,4.034897425001931354e-02,-8.107564825899751249e-01,5.928256092399785615e+01
5.289465399406781287e+00,6.607189334817298310e-01,1.142861352877602421e+01,-5.839896273084500544e-01,4.034897425001909149e-02,-8.107564825899706840e-01,6.521081701639764105e+01
5.649329654376949783e+00,7.716675306961763292e-01,1.191327346530670184e+01,-5.839896273084435041e-01,4.034897425001864046e-02,-8.107564825899616912e-01,7.113907310879743306e+01
5.972726029380847734e+00,8.744904913352495868e-01,1.237927611277048001e+01,-5.839896273084337341e-01,4.034897425001797433e-02,-8.107564825899481464e-01,7.706732920119722507e+01
6.256318697556188191e+00,9.697349321158355018e-01,1.282509634194447123e+01,-5.839896273084208556e-01,4.034897425001707921e-02,-8.107564825899300498e-01,8.299558529359701708e+01
6.496768672734944516e+00,1.058040301371842684e+00,1.324921096103818208e+01,-5.839896273084046463e-01,4.034897425001595511e-02,-8.107564825899076233e-01,8.892384138599680909e+01
6.690734770980036217e+00,1.140138493842392409e+00,1.365009886307144882e+01,-5.839896273083852174e-01,4.034897425001461591e-02,-8.107564825898807559e-01,9.485209747839660110e+01
6.779527857985149453e+00,1.187663590948890846e+00,1.388210804389875719e+01,-5.839896273083625688e-01,4.034897425001305465e-02,-8.107564825898492256e-01,9.850606453122888695e+01
6.870974742924163436e+00,1.260600734524497168e+00,1.423282723415908713e+01,-5.839896273083365896e-01,4.034897425001126442e-02,-8.107564825898133654e-01,1.044343206236286790e+02
6.894183771950065598e+00,1.304495309556502836e+00,1.443888774406604192e+01,-5.839896273083075018e-01,4.034897425000925214e-02,-8.107564825897728422e-01,1.082055345274155371e+02
6.874166794068616859e+00,1.368875613903629773e+00,1.473525586855262937e+01,-5.576355874127004730e-01,3.823997170674358487e-02,-8.292033864832272227e-01,1.141337906198153291e+02
6.797313417282754955e+00,1.426575392197541037e+00,1.500352006852360986e+01,-5.342443084672799936e-01,3.587212127508684900e-02,-8.445674690354437741e-01,1.200620467122151211e+02
6.663680437234918763e+00,1.474520889903440990e+00,1.524356841446621580e+01,-5.104316100324050032e-01,3.347597442449688071e-02,-8.592653435249054672e-01,1.259903028046149132e+02
6.616160472323183939e+00,1.483145589414826215e+00,1.529649058334853073e+01,-5.106386415145048874e-01,1.758598765404538813e-02,-8.596143965217916127e-01,1.274686595940422080e+02
6.369435217193548660e+00,1.502625567784384275e+00,1.548122029696859592e+01,-3.972464826810790384e-01,-1.204171890686656921e-01,-9.097763090850470302e-01,1.333969156864419858e+02
6.284581409735198854e+00,1.503306999737517913e+00,1.552560330670228872e+01,-2.701816156421557591e-01,-2.542756382698507234e-01,-9.286246789472004659e-01,1.350646288975429172e+02
5.929549179258525093e+00,1.487396931677610556e+00,1.565714088561001205e+01,-2.484741636094504880e-01,-2.761847364061446597e-01,-9.284290933578625005e-01,1.409928849899426950e+02
5.524076729804175301e+00,1.453623030105978708e+00,1.576341970166320472e+01,-2.265303501592432489e-01,-2.978311078406952750e-01,-9.273503284399442492e-01,1.469211410823424728e+02
5.071527931360127361e+00,1.400550830948963599e+00,1.584602137187584070e+01,-2.043710491037710464e-01,-3.191941618598880259e-01,-9.253894106382603013e-01,1.528493971747422506e+02
4.830164616845643799e+00,1.364016238647811408e+00,1.587535615074108364e+01,-1.820173391997909618e-01,-3.402535772465856700e-01,-9.225482054614942973e-01,1.557302380939941315e+02
4.291862913647145561e+00,1.266408952768900420e+00,1.591410723479380707e+01,-1.594904841040256094e-01,-3.609893216032819541e-01,-9.188294157064121892e-01,1.616584941863939093e+02
3.714896392257227564e+00,1.148152132428858385e+00,1.593144347656858351e+01,-1.368119121530316507e-01,-3.813816704007181868e-01,-9.142365788865104426e-01,1.675867502787936871e+02
3.102805254183818917e+00,1.009033090942267785e+00,1.592782407235694642e+01,-1.140031959866596722e-01,-4.014112257339061407e-01,-9.087740638675407823e-01,1.735150063711934649e+02
2.459105379697150706e+00,8.487353495137310855e-01,1.590371022280262636e+01,-9.108603203442278140e-02,-4.210589347677783367e-01,-9.024470667131057056e-01,1.794432624635932427e+02
1.787287206696816177e+00,6.668392022218430082e-01,1.585956508796669873e+01,-6.808221988422141768e-02,-4.403061078549795337e-01,-8.952616057442629449e-01,1.853715185559930205e+02
1.090814614639076696e+00,4.628222992663901247e-01,1.579585374225025696e+01,-4.501364155298098052e-02,-4.591344363086207747e-01,-8.872245158178160285e-01,1.912997746483927983e+02
3.731238136253106630e-01,2.360602483966507958e-01,1.571304312917776080e+01,-2.190224067885334497e-02,-4.775260098131459685e-01,-8.783434418287081602e-01,1.972280307407925761e+02
2.713756480888069866e-01,2.008337138398751109e-01,1.569902919568441213e+01,1.229998345292199072e-03,-4.954633334567920544e-01,-8.686268314426603965e-01,1.980488613771923383e+02
-4.792195975023657573e-01,-8.043400331706140882e-02,1.557941037216880353e+01,5.855356892619345555e-02,-4.611009079125574228e-01,-8.854125774402216154e-01,2.039771174695921161e+02
-1.245626940969201346e+00,-3.811463374753082389e-01,1.544061135336595392e+01,1.155990879347011252e-01,-4.245489318961908620e-01,-8.979939060459775080e-01,2.099053735619918939e+02
-2.025831791351246913e+00,-6.974077706100763052e-01,1.528201917708859092e+01,1.720956736835390355e-01,-3.859809740333162709e-01,-9.063110761681411054e-01,2.158336296543916717e+02
-2.817717715948608426e+00,-1.025385068314214276e+00,1.510302277338476706e+01,2.277750513626983497e-01,-3.455801755811722664e-01,-9.103245949788724145e-01,2.217618857467914495e+02
-3.619067133197286790e+00,-1.361309392666741003e+00,1.490301302446417964e+01,2.823728268772819350e-01,-3.035383807941734458e-01,-9.100154053793232389e-01,2.276901418391912273e+02
-4.427562022601999381e+00,-1.701478403645511284e+00,1.468138282448268228e+01,3.356297422505581940e-01,-2.600552259762685114e-01,-9.053849764386480148e-01,2.336183979315910051e+02
-5.240784651662633742e+00,-2.042258348812534319e+00,1.443752713918058284e+01,3.872929066344831250e-01,-2.153371915450373320e-01,-8.964552963810779040e-01,2.395466540239907829e+02
-6.056218319729432586e+00,-2.380086141001479305e+00,1.417084306537031324e+01,4.371169970859258291e-01,-1.695966216068721111e-01,-8.832687681559289183e-01,2.454749101163905607e+02
-6.871248118721019260e+00,-2.711471423737831454e+00,1.388072989026888848e+01,4.848654234103830785e-01,-1.230507156964141258e-01,-8.658880080871990126e-01,2.514031662087903385e+02
-7.683161710637179453e+00,-3.032998624123012910e+00,1.356658915067086113e+01,5.303114515454308009e-01,-7.592049746523793496e-02,-8.443955485587936183e-01,2.573314223011901163e+02
-8.489150121795127291e+00,-3.341328992915050922e+00,1.322782469195788657e+01,5.732392801527068649e-01,-2.842976521400594411e-02,-8.188934461462658021e-01,2.632596783935899225e+02
-9.183626153300387784e+00,-3.596405557202511094e+00,1.291067913403913003e+01,6.134450653089541516e-01,1.919597075157501026e-02,-7.895027970541507178e-01,2.684259551546155080e+02
-9.968925578619664662e+00,-3.870465941106304264e+00,1.252145258270112116e+01,6.501191157785991548e-01,2.077769412676599634e-02,-7.595468535418771205e-01,2.743542112470153143e+02
-1.074081726665438907e+01,-4.122053041907145499e+00,1.210752994282807471e+01,6.853337422336388540e-01,2.231277452148508478e-02,-7.278858439677254877e-01,2.802824673394151205e+02
-1.149724738065518714e+01,-4.347955894096688922e+00,1.166995043120403786e+01,7.190098951314290998e-01,2.379776599416340635e-02,-6.945908414572051770e-01,2.862107234318149267e+02
-1.223606494097142594e+01,-4.545018790389224073e+00,1.120975554128362184e+01,7.510719783177329800e-01,2.522933503751518744e-02,-6.597365868578800585e-01,2.921389795242147329e+02
-1.295502238808855111e+01,-4.710143337509346217e+00,1.072798894273555881e+01,7.814480186780429216e-01,2.660426805956801061e-02,-6.234013209999998972e-01,2.980672356166145391e+02
-1.365177616263722804e+01,-4.840290502704515774e+00,1.022569638082783605e+01,8.100698276632177786e-01,2.791947859574680710e-02,-5.856666091078468472e-01,3.039954917090143454e+02
-1.432388730232298180e+01,-4.932482650711548011e+00,9.703925575661772385e+00,8.368731543270864215e-01,2.917201423584217176e-02,-5.466171577540857029e-01,3.099237478014141516e+02
-1.496882205572361535e+01,-4.983805570906356230e+00,9.163726121262202540e+00,8.617978295332173744e-01,3.035906325034801526e-02,-5.063406247668585936e-01,3.158520038938139578e+02
-1.558395251290134986e+01,-4.991410494367762851e+00,8.606149384530146662e+00,8.847879010077014383e-01,3.147796090132271712e-02,-4.649274225150952233e-01,3.217802599862137640e+02
-1.616655725277319533e+01,-4.952516100587330605e+00,8.032248404066045566e+00,8.851260826493104750e-01,8.109704266912818801e-03,-4.652784655150210003e-01,3.277085160786135702e+02
-1.671382200718132438e+01,-4.864410513557631432e+00,7.443077788872209943e+00,8.849807075248073973e-01,-1.526297770909593003e-02,-4.653753203399219052e-01,3.336367721710133765e+02
-1.717519623388530903e+01,-4.738964731585071810e+00,6.897010404089703783e+00,7.552808229331580137e-01,-7.839105318888551707e-03,-6.553529025925360907e-01,3.390038640255671680e+02
-1.764609440481197211e+01,-4.550539018923282164e+00,6.281576830061027295e+00,5.855745249370150063e-01,-0.000000000000000000e+00,-8.106173423650142595e-01,3.449321201179669742e+02
-1.807786472902911967e+01,-4.313644736489729681e+00,5.655881293380123687e+00,6.676917627050223958e-01,-0.000000000000000000e+00,-7.444365050264132311e-01,3.508603762103667805e+02
-1.847010817790438608e+01,-4.030041312032378364e+00,5.021999283192063679e+00,7.423821461995215865e-01,-0.000000000000000000e+00,-6.699751853646215283e-01,3.567886323027665867e+02
-1.882245577084527000e+01,-3.701490632308969353e+00,4.382007073005571129e+00,8.088148877796487168e-01,-0.000000000000000000e+00,-5.880616271329009992e-01,3.627168883951663929e+02
-1.913456854126663131e+01,-3.329756466910614776e+00,3.737981519861629742e+00,8.662510496230177992e-01,-0.000000000000000000e+00,-4.996069645503359302e-01,3.686451444875661991e+02
-1.940613749835866741e+01,-2.916603892738721449e+00,3.091999863459217401e+00,9.140517624632589211e-01,-0.000000000000000000e+00,-4.055950881580278611e-01,3.745734005799660054e+02
-1.963688358466027140e+01,-2.463798719202101140e+00,2.446139525253339553e+00,9.516853314543215481e-01,-0.000000000000000000e+00,-3.070717015530153304e-01,3.805016566723658116e+02
-1.982655762944257916e+01,-1.973106914200249973e+00,1.802477907539926871e+00,9.787331501618884433e-01,-0.000000000000000000e+00,-2.051326906517000337e-01,3.864299127647656178e+02
-1.997494029790739845e+01,-1.446294030958732879e+00,1.163092192542795500e+00,9.948943569144396148e-01,-0.000000000000000000e+00,-1.009119347719607956e-01,3.923581688571654240e+02
-2.008207815071520130e+01,-8.855888325975006525e-01,5.296784286429910837e-01,9.956158532669954209e-01,-0.000000000000000000e+00,-9.352578634184718909e-02,3.982864249495652302e+02
-2.011839751666551734e+01,-5.674038249260033862e-01,1.926685942144236996e-01,9.962825151378277289e-01,-0.000000000000000000e+00,-8.613448797207412522e-02,4.014750457307378042e+02
-2.014690606372781545e+01,5.219375458383195693e-02,-4.266277614576722277e-01,9.968943058348063158e-01,-0.000000000000000000e+00,-7.873844665621446137e-02,4.074033018231376104e+02
-2.013593011278761225e+01,6.968039621254190630e-01,-1.038168722506633834e+00,9.974511916913868514e-01,-0.000000000000000000e+00,-7.133806964896749481e-02,4.133315579155374166e+02
-2.008646978319368515e+01,1.362886094392997460e+00,-1.641402936492321052e+00,9.979531420623094506e-01,-0.000000000000000000e+00,-6.393376444317012963e-02,4.192598140079372229e+02
-1.999960575394677065e+01,2.046932745691003586e+00,-2.235779858012873156e+00,9.984001293252741105e-01,-0.000000000000000000e+00,-5.652593874741783375e-02,4.251880701003370291e+02
-1.987649887894449208e+01,2.745471445801285881e+00,-2.820749800924179151e+00,9.987921288824478383e-01,-0.000000000000000000e+00,-4.911500046367404948e-02,4.311163261927368353e+02
-1.971838978932491671e+01,3.455066291448853466e+00,-3.395763990496809104e+00,9.991291191618084655e-01,-0.000000000000000000e+00,-4.170135766486918888e-02,4.370445822851366415e+02
-1.952659848294612388e+01,4.172319571160194585e+00,-3.960274615506360174e+00,9.994110816183233714e-01,-0.000000000000000000e+00,-3.428541857249064323e-02,4.429728383775364478e+02
-1.930252390103834514e+01,4.893873383310768155e+00,-4.513734880253257309e+00,9.996380007349621177e-01,-0.000000000000000000e+00,-2.686759153416442072e-02,4.489010944699362540e+02
-1.904764349206624985e+01,5.616411247158292319e+00,-5.055599056508377487e+00,9.998098640235444368e-01,-0.000000000000000000e+00,-1.944828500123040038e-02,4.548293505623360602e+02
-1.876351276284137626e+01,6.336659706657690627e+00,-5.585322535381174625e+00,9.999266620254225746e-01,-0.000000000000000000e+00,-1.202790750631175035e-02,4.607576066547358664e+02
-1.845176481692488935e+01,7.051389926855239132e+00,-6.102361879106523723e+00,9.999883883119979888e-01,-0.000000000000000000e+00,-4.606867640880129948e-03,4.666858627471356726e+02
-1.811410988036178438e+01,7.757419282660263704e+00,-6.606174872745972593e+00,9.999950394850740665e-01,-0.000000000000000000e+00,2.814425967182330492e-03,4.726141188395354789e+02
-1.775233481478878517e+01,8.451612939793413659e+00,-7.096220575799763175e+00,9.999466151770413092e-01,-0.000000000000000000e+00,1.023556467602310983e-02,4.785423749319352851e+02
-1.736830261795914154e+01,9.130885427710849100e+00,-7.571959373726190101e+00,9.998431180508986493e-01,-0.000000000000000000e+00,1.765613985225994442e-02,4.844706310243350913e+02
-1.724625697477017638e+01,9.332239308410143153e+00,-7.711843840742917067e+00,9.996845538001093434e-01,-0.000000000000000000e+00,2.507574289342124826e-02,4.862690340578279233e+02
-1.682700082883270909e+01,9.978469194700975820e+00,-8.157988810546534353e+00,9.994709311482899983e-01,-0.000000000000000000e+00,3.249396525038473343e-02,4.921972901502277296e+02
-1.639035783992436279e+01,1.060299053992108931e+01,-8.588275487128303354e+00,9.940716610161305367e-01,2.150567094252727601e-02,1.065694087557821912e-01,4.981255462426275358e+02
-1.593892986276624057e+01,1.120364971159707146e+01,-9.001226462986338106e+00,9.827290079126334010e-01,4.288276047592459034e-02,1.800076827853334394e-01,5.040538023350273420e+02
-1.547553591702170195e+01,1.177861419104041296e+01,-9.395051645400670282e+00,9.655107894076295771e-01,6.400345918582307780e-02,2.523697144082992505e-01,5.099820584274271482e+02
-1.500304017085029429e+01,1.232612672978095603e+01,-9.767962784124154751e+00,9.425199514429749570e-01,8.474149066951226772e-02,3.232228656700059100e-01,5.159103145198268976e+02
-1.452435117746763638e+01,1.284450627856294602e+01,-1.011817364471440328e+01,9.138939527883124248e-01,1.049728664768926345e-01,3.921435201064894516e-01,5.218385706122267038e+02
-1.404242110425331447e+01,1.333214890387975693e+01,-1.044390018171954004e+01,8.798039431832621604e-01,1.245766273696077148e-01,4.587196153134734389e-01,5.277668267046265100e+02
-1.363098420110804376e+01,1.372136876660696458e+01,-1.069963392047920259e+01,8.404537400867179153e-01,1.434355664690475929e-01,5.225531064369248746e-01,5.328277162121719357e+02
-1.315184006106801640e+01,1.414423991122029811e+01,-1.097138489575734610e+01,7.960786101497133727e-01,1.614369299721984119e-01,5.832623458651683412e-01,5.387559723045717419e+02
-1.267816566165905989e+01,1.453224113244948512e+01,-1.121357427880517399e+01,7.469438626937705550e-01,1.784730912482906662e-01,6.404843649030061981e-01,5.446842283969715481e+02
-1.221307385866709794e+01,1.488407476263220808e+01,-1.142442826545503820e+01,6.933432635987606396e-01,1.944421942880825427e-01,6.938770437933363677e-01,5.506124844893713544e+02
-1.175971727413242540e+01,1.519852451699388141e+01,-1.160217607860287536e+01,6.355972790764422564e-01,2.092487626604653816e-01,7.431211571179329178e-01,5.565407405817711606e+02
-1.132125123515391785e+01,1.547429058720141448e+01,-1.174519926123741165e+01,5.759141575483993636e-01,1.914461497967052672e-01,7.947762294279098194e-01,5.624689966741709668e+02
-1.090080287340571452e+01,1.570982340805723432e+01,-1.185218095470338717e+01,5.124603733194820210e-01,1.723900881817715114e-01,8.412276881286334662e-01,5.683972527665707730e+02
-1.050151581492272612e+01,1.590348840370420902e+01,-1.192195690572725297e+01,4.456513720901530973e-01,1.522053419866805091e-01,8.821714053545011147e-01,5.743255088589705792e+02
-1.012658871267803740e+01,1.605373222090109309e+01,-1.195336645865595315e+01,3.759245665088104538e-01,1.310240649917122358e-01,9.173393127345860210e-01,5.802537649513703855e+02
-9.779274442303233172e+00,1.615908390507309988e+01,-1.194525266839669619e+01,3.037364726208844345e-01,1.089849354339956777e-01,9.465011563903528158e-01,5.861820210437701917e+02
-9.462879287968055664e+00,1.621815606324389236e+01,-1.189646241308723340e+01,2.295597212613609273e-01,8.623224814474107769e-02,9.694660044344645122e-01,5.921102771361699979e+02
-9.180762118490715551e+00,1.622964601369259796e+01,-1.180584650648841816e+01,1.538799639381589479e-01,6.291496991401189509e-02,9.860834971029067697e-01,5.980385332285698041e+02
-8.936333553751117265e+00,1.619233692218062970e+01,-1.167225981008986935e+01,7.719269344476265005e-02,3.918576426166792831e-02,9.962448313327917360e-01,6.039667893209696103e+02
-8.842094517408293441e+00,1.615256330724889722e+01,-1.159043555803319769e+01,0.000000000000000000e+00,1.519999199371748627e-02,9.998834733319879042e-01,6.067012697720513188e+02
-8.679156029576589049e+00,1.601773542922311933e+01,-1.136934373557091860e+01,4.735344577040836306e-02,-8.161877405849439493e-02,9.955370545062184329e-01,6.126295258644511250e+02
-8.557128486482334040e+00,1.583573975522598687e+01,-1.110623264992250903e+01,9.415592733943493886e-02,-1.774878937278478175e-01,9.796074259247778970e-01,6.185577819568509312e+02
-8.473760515524537240e+00,1.560948527846517919e+01,-1.080372346880225187e+01,1.398628916441779502e-01,-2.712919171246183647e-01,9.522799311357169616e-01,6.244860380492507375e+02
-8.426738759932373313e+00,1.534180884530689681e+01,-1.046444117296139176e+01,1.839425321149038839e-01,-3.619394220396977557e-01,9.138725292144370682e-01,6.304142941416505437e+02
-8.413688697795100424e+00,1.503547391234950403e+01,-1.009101430109879693e+01,2.258819762865754144e-01,-4.483757127284669353e-01,8.648320952787127425e-01,6.363425502340503499e+02
-8.432175470743908718e+00,1.469316931698003970e+01,-9.686074694512257111e+00,2.651932531129780335e-01,-5.295950913840468122e-01,8.057292210695391477e-01,6.422708063264501561e+02
-8.479704722210199108e+00,1.431750806156713907e+01,-9.252257241508878849e+00,3.014189705558497634e-01,-6.046525595256716512e-01,7.372515760906440674e-01,6.481990624188499623e+02
-8.553723445184385099e+00,1.391102611144199130e+01,-8.792199621593326242e+00,3.341376373917336329e-01,-6.726748131596047564e-01,6.601959065451532549e-01,6.541273185112497686e+02
-8.651620839398814766e+00,1.347618120681750220e+01,-8.308542049452604772e+00,3.629685673179443572e-01,-7.328704037852405984e-01,5.754587651559525119e-01,6.600555746036495748e+02
-8.770729177857404579e+00,1.301535168879505910e+01,-7.803927018755920209e+00,3.875763082979990504e-01,-7.845389470224156669e-01,4.840260797219814171e-01,6.659838306960493810e+02
-8.908324682633564251e+00,1.253083533960663587e+01,-7.280999045788255408e+00,4.076745456096911302e-01,-8.270792717148031103e-01,3.869616817743051218e-01,6.719120867884491872e+02
-9.061628409857449995e+00,1.202484823723902174e+01,-6.742404412936666702e+00,4.230294331815263043e-01,-8.599964146899192752e-01,2.853949287961106140e-01,6.778403428808489934e+02
-9.227807143813725688e+00,1.149952362458672184e+01,-6.190790912047225092e+00,4.334623144543746642e-01,-8.829073797855285788e-01,1.805075640188726349e-01,6.837685989732487997e+02
-9.403974300069204872e+00,1.095691079327746920e+01,-5.628807587671255774e+00,4.388518011076011915e-01,-8.955455941290179078e-01,7.351996667995323864e-02,6.896968550656486059e+02
-9.587324254528210687e+00,1.039914375615004971e+01,-5.059022437236420977e+00,4.998065885071976133e-01,-8.613040834167084991e-01,9.136000203289101895e-02,6.956251111580484121e+02
-9.762153856643033478e+00,9.867508247602067684e+00,-4.523145676424014994e+00,5.581592935877236483e-01,-8.225783894463738477e-01,1.087244047756043136e-01,7.011479532347022996e+02
-9.951694302736001418e+00,9.286352764437472374e+00,-3.944746410440889584e+00,6.136061151910530143e-01,-7.795701182558796294e-01,1.255227713140638357e-01,7.070762093271021058e+02
-1.014088625092206186e+01,8.697167572650299050e+00,-3.365437649991951385e+00,6.658583788282649296e-01,-7.325031726003251586e-01,1.416676443994564216e-01,7.130044654195019120e+02
-1.032706787980159113e+01,8.102295739892655391e+00,-2.787542893654847198e+00,7.146440397469083772e-01,-6.816225867209978473e-01,1.570749684716019612e-01,7.189327215119017183e+02
-1.050751011975275162e+01,7.504003578282901543e+00,-2.213385494223740757e+00,7.597090995134252456e-01,-6.271932510561946117e-01,1.716645273192643206e-01,7.248609776043015245e+02
-1.067941747287059684e+01,6.904479228768460430e+00,-1.645288433666454386e+00,8.008189287237369447e-01,-5.694985335124492787e-01,1.853603617766278189e-01,7.307892336967013307e+02
-1.083992884454698036e+01,6.305831258945818085e+00,-1.085574098108646135e+00,8.377594889404077483e-01,-5.088388044572457192e-01,1.980911652780775467e-01,7.367174897891011369e+02
-1.098611838661684814e+01,5.710087274522991585e+00,-5.365640528618406124e-01,8.703384474763186107e-01,-4.455298730992757750e-01,2.097906552076836684e-01,7.426457458815009431e+02
-1.111499635199410285e+01,5.119192544610581486e+00,-5.788175116941028046e-04,8.983861792003871027e-01,-3.799013433879885882e-01,2.203979181049993963e-01,7.485740019739007494e+02
-1.122350996072391816e+01,4.535008641021137876e+00,5.200623589174285799e-01,9.217566501277472124e-01,-3.122948979879199283e-01,2.298577269243149424e-01,7.545022580663005556e+02
-1.130854427737482304e+01,3.959312091758230956e+00,1.023041722705217538e+00,9.403281781719748933e-01,-2.430625192627391684e-01,2.381208286896894510e-01,7.604305141587003618e+02
-1.136692309968602110e+01,3.393793048882707275e+00,1.506043240068710931e+00,9.540040670772198528e-01,-1.725646565367728036e-01,2.451442010421776008e-01,7.663587702511001680e+02
-1.139540985839059495e+01,2.840053970934937944e+00,1.966752821669875750e+00,9.627131102101200710e-01,-1.011683491861183476e-01,2.508912763378610689e-01,7.722870263434999742e+02
-1.139070852813804358e+01,2.299608320087725755e+00,2.402858546981976318e+00,9.664099615715794345e-01,-2.924531534560328647e-02,2.553321321247438158e-01,7.782152824358997805e+02
-1.134946454943548666e+01,1.773879274207961210e+00,2.812050888497315881e+00,9.650753720832524474e-01,4.282998379970844038e-02,2.584436470023660504e-01,7.841435385282995867e+02
-1.126826576152496173e+01,1.264198454003486960e+00,3.192022935758946023e+00,9.587162899090916346e-01,1.146822940399443436e-01,2.602096210491790518e-01,7.900717946206993929e+02
-1.114364334611347296e+01,7.718046654292007869e-01,3.540470619201118385e+00,9.473658242847241562e-01,1.859375223081071171e-01,2.606208601883171494e-01,7.960000507130991991e+02
-1.107544718250085580e+01,5.857676519726062736e-01,3.664233172436560437e+00,9.310830730428141244e-01,2.562246847931097249e-01,2.596752240513922061e-01,7.983290721049849026e+02
-1.085035783404998888e+01,1.316658146227752402e-01,3.944233759781832216e+00,9.099528147369781994e-01,3.251778388332229874e-01,2.573776370912590483e-01,8.042573281973847088e+02
-1.057400529501011377e+01,-3.029433650580178328e-01,4.188131548407276306e+00,8.840850669763264946e-01,3.924379885109363642e-01,2.537400628873259789e-01,8.101855842897845150e+02
-1.024531319952965980e+01,-7.168074842749525555e-01,4.396397194540836217e+00,8.536145132833713456e-01,4.576549540096316315e-01,2.487814417798276390e-01,8.161138403821843212e+02
-9.864002851249619397e+00,-1.108589688915783578e+00,4.570425651148187995e+00,8.186998014760747955e-01,5.204891949844533405e-01,2.425275921614928887e-01,8.220420964745841275e+02
-9.430678012419901890e+00,-1.477496198297893804e+00,4.711650534757198194e+00,7.795227172463969900e-01,5.806135784432546743e-01,2.350110759451681242e-01,8.279703525669839337e+02
-8.969607709376687055e+00,-1.807866585506882284e+00,4.816560848776910930e+00,7.362872372592960124e-01,6.377150819269461479e-01,2.262710289131679708e-01,8.336286074248376963e+02
-8.440090923340989093e+00,-2.131940855828197812e+00,4.896679535907614955e+00,6.892184667241822993e-01,6.914964231203145628e-01,2.163529568374114309e-01,8.395568635172375025e+02
-7.867605888201724795e+00,-2.434727174336569266e+00,4.948526224929140405e+00,6.385614669920919306e-01,7.416776074123572204e-01,2.053084984377902822e-01,8.454851196096373087e+02
-7.255527361882838200e+00,-2.716742803047405452e+00,4.973652339937285838e+00,5.845799793031357661e-01,7.879973853571720088e-01,1.931951564187621428e-01,8.514133757020371149e+02
-6.607223099787297826e+00,-2.978405612123711244e+00,4.973611897268042981e+00,5.275550513472502256e-01,8.302146124599518728e-01,1.800759979899824448e-01,8.573416317944369212e+02
-5.926052778529944831e+00,-3.220034294511604500e+00,4.949961353999031033e+00,4.677835738041850600e-01,8.681095042250012161e-01,1.660193264350325049e-01,8.632698878868367274e+02
-5.215366921993303428e+00,-3.441848598129809478e+00,4.904259456273841522e+00,4.055767344935073404e-01,9.014847799510892212e-01,1.510983254421647826e-01,8.691981439792365336e+02
-4.478505829802668536e+00,-3.643969575574366182e+00,4.838067087460373727e+00,3.412583981900484953e-01,9.301666893408234715e-01,1.353906780517577790e-01,8.751264000716363398e+02
-3.718798508320025675e+00,-3.826419851298328734e+00,4.752947116153051432e+00,2.751634205425085300e-01,9.540059166020221637e-01,1.189781622061266558e-01,8.810546561640361460e+02
-2.939561604251438975e+00,-3.989123906224802507e+00,4.650464244029231864e+00,2.076359048712294320e-01,9.728783573569605991e-01,1.019462250078883025e-01,8.869829122564359523e+02
-2.144098340961658078e+00,-4.131908379750301563e+00,4.532184853571477490e+00,1.390274109138272540e-01,9.866857643366222508e-01,8.438353790262895227e-02,8.929111683488357585e+02
-1.335697457593252757e+00,-4.254502389093655523e+00,4.399676855669210518e+00,6.969512483316812890e-02,9.953562585182246236e-01,6.638153509967904820e-02,8.988394244412355647e+02
-5.176321510833097328e-01,-4.356537865945122157e+00,4.254509537110489958e+00,0.000000000000000000e+00,9.988447030619236333e-01,4.803393763090249569e-02,9.047676805336353709e+02
7.614117287186225602e-02,-4.413766980544693297e+00,4.141953853498951510e+00,-9.782350994805029398e-02,9.944776381339884841e-01,3.798405131731261153e-02,9.090349369814099418e+02
9.051045966522281994e-01,-4.470478556481682020e+00,3.975636021633128347e+00,-1.946991575598479296e-01,9.804745520550481874e-01,2.756611723663515701e-02,9.149631930738097481e+02
1.734981954633254109e+00,-4.505725614391851153e+00,3.800646748033111866e+00,-2.896882645977044701e-01,9.569711273023504550e-01,1.688108010667749292e-02,9.208914491662095543e+02
2.562519332846790565e+00,-4.519105682082087405e+00,3.618392839184078724e+00,-3.818704321652817146e-01,9.241950997012317037e-01,6.032472760945693270e-03,9.268197052586093605e+02
3.384474277732264280e+00,-4.510119635831806306e+00,3.430281800540457837e+00,-4.703524588074121660e-01,8.824640519005080286e-01,-4.874587016304096632e-03,9.327479613510091667e+02
4.197616848734841533e+00,-4.478171945892710504e+00,3.237721699789900320e+00,-5.542769951229580272e-01,8.321823363079428049e-01,-1.573441501519963134e-02,9.386762174434089729e+02
4.998730668910364550e+00,-4.422570939164583770e+00,3.042121030076282207e+00,-6.328308510398359399e-01,7.738371572880762272e-01,-2.644178461799872801e-02,9.446044735358087792e+02
5.784613973441627088e+00,-4.342529079014994409e+00,2.844888573190655467e+00,-7.052528752623763442e-01,7.079938505680255512e-01,-3.689294638834730855e-02,9.505327296282085854e+02
6.552080655967363221e+00,-4.237163262210610348e+00,2.647433262742081350e+00,-7.708413305418051475e-01,6.352904055751030787e-01,-4.698663335339395980e-02,9.564609857206083916e+02
7.297961312629802855e+00,-4.105495132924377621e+00,2.451164047319665862e+00,-8.289606933011242074e-01,5.564312837667323430e-01,-5.662504223820929994e-02,9.623892418130081978e+02
8.019104283748951900e+00,-3.946451413781359108e+00,2.257489753654478459e+00,-8.790478117191581342e-01,4.721805928369831040e-01,-6.571478114443080054e-02,9.683174979054080040e+02
8.420380988895228569e+00,-3.836672549852820691e+00,2.147568225569312705e+00,-9.206173625913990355e-01,3.833546829287871605e-01,-7.416777448968617237e-02,9.717508864333935890e+02
9.082584171715302190e+00,-3.615567931417165592e+00,1.962761659950843729e+00,-9.532665540775674407e-01,2.908142365857105394e-01,-8.190211643803933794e-02,9.776791425257933952e+02
9.712238206181073252e+00,-3.363697030811621858e+00,1.784181957154026499e+00,-9.766790287519725444e-01,1.954559290873832955e-01,-8.884286455048538700e-02,9.836073986181932014e+02
1.030626408640551261e+01,-3.079652989956525033e+00,1.613236294004790849e+00,-9.906279291219920458e-01,9.820373998030741680e-02,-9.492276596358291407e-02,9.895356547105930076e+02
1.086172019071104167e+01,-2.762104766460192540e+00,1.450941447351402402e+00,-9.949780958972376244e-01,0.000000000000000000e+00,-1.000829090580637737e-01,9.954639108029928138e+02
1.137591193978724924e+01,-2.409970796270167526e+00,1.297534043579925189e+00,-9.977544031727887397e-01,4.884753652840128670e-03,-6.678540345499769937e-02,1.001392166895392620e+03
1.184626842637204547e+01,-2.022256644898247302e+00,1.152860187741539644e+00,-9.993929758989034129e-01,9.763935694620425043e-03,-3.341175343147279736e-02,1.007320422987792426e+03
1.187190703036126393e+01,-1.996255318531135803e+00,1.144578498841098080e+00,-9.998919466674430767e-01,1.463198458598872695e-02,-0.000000000000000000e+00,1.007681338591883559e+03
1.224357257163867452e+01,-1.529675542390665610e+00,1.017089043769580980e+00,-9.995026584339802289e-01,3.150294871974763239e-02,-0.000000000000000000e+00,1.013609594684283365e+03
1.257038311145998577e+01,-1.027448526225186454e+00,8.979475763050152048e-01,-9.988287303320072530e-01,4.836494038074482665e-02,-0.000000000000000000e+00,1.019537850776683172e+03
1.285341720263413556e+01,-4.913616269326115393e-01,7.869319298260085693e-01,-9.978703543184809233e-01,6.521315792861033522e-02,-0.000000000000000000e+00,1.025466106869082978e+03
1.309368052175633146e+01,7.677592203262872950e-02,6.838191437112863813e-01,-9.966278033271034342e-01,8.204280364611218901e-02,-0.000000000000000000e+00,1.031394362961482784e+03
1.329210569737148084e+01,6.751346069979335951e-01,5.883854853309196109e-01,-9.951014311962173009e-01,9.884908510427073414e-02,-0.000000000000000000e+00,1.037322619053882590e+03
1.344955215178086405e+01,1.301866233044444598e+00,5.004064720939203070e-01,-9.932916725681111281e-01,1.156272165258868251e-01,-0.000000000000000000e+00,1.043250875146282397e+03
1.356680595650670540e+01,1.955105525391994226e+00,4.196568935507363207e-01,-9.911990427653806224e-01,1.323724201471811746e-01,-0.000000000000000000e+00,1.049179131238682203e+03
1.364457970142659526e+01,2.632971732978001356e+00,3.459108335490962416e-01,-9.888241376443768216e-01,1.490799275771607091e-01,-0.000000000000000000e+00,1.055107387331082009e+03
1.368351237758787597e+01,3.333570234012380951e+00,2.789416924414603871e-01,-9.861676334257867271e-01,1.657449811543273144e-01,-0.000000000000000000e+00,1.061035643423481815e+03
1.368416927371184677e+01,4.054994143289478714e+00,2.185222093424117606e-01,-9.832302865023899718e-01,1.823628353003472480e-01,-0.000000000000000000e+00,1.066963899515881621e+03
1.364704188639644755e+01,4.795325921037211003e+00,1.644244844344551482e-01,-9.800129332240480329e-01,1.989287578702973180e-01,-0.000000000000000000e+00,1.072892155608281428e+03
1.357861609125165536e+01,5.485814057267635491e+00,1.206616432784530096e-01,-9.765164896599850541e-01,2.154380314991080070e-01,-0.000000000000000000e+00,1.078297202480309807e+03
1.346598248251095242e+01,6.258314053951847811e+00,7.854213461171866140e-02,-9.727419513384271132e-01,2.318859549438222756e-01,-0.000000000000000000e+00,1.084225458572709613e+03
1.331659370370248752e+01,7.044153783972207705e+00,4.207733061928058127e-02,-9.686903929636725419e-01,2.482678444212912672e-01,-0.000000000000000000e+00,1.090153714665109419e+03
1.313106549312646898e+01,7.841483550708827188e+00,1.122394004002895407e-02,-9.832186141945983282e-01,1.824180292096601597e-01,-1.679083279253693788e-03,1.096081970757509225e+03
1.291076967335754588e+01,8.648624127525948779e+00,-1.368803826056447411e-02,-9.932730968742814470e-01,1.157381916098135233e-01,-3.350526640304831230e-03,1.102010226849909031e+03
1.265742596334202474e+01,9.463950864211188474e+00,-3.214226590825166457e-02,-9.988080915350837641e-01,4.853173178960951129e-02,-5.006724839452309471e-03,1.107938482942308838e+03
1.237269003689860547e+01,1.028579309781301809e+01,-4.362303381092425686e-02,-9.997984129619753579e-01,-1.889555378951183334e-02,-6.640141998161044716e-03,1.113866739034708644e+03
1.205815305467400655e+01,1.111243555609563316e+01,-4.761531237120329024e-02,-9.962395548103410992e-01,-8.623686381022727110e-02,-8.243345893004155878e-03,1.119794995127108450e+03
1.171534120808313517e+01,1.194211976851303625e+01,-4.360480164940144093e-02,-9.881477101221504133e-01,-1.531857881132202004e-01,-9.809041773994256821e-03,1.125723251219508256e+03
1.134571527527364054e+01,1.277304548451115096e+01,-3.107798147326641322e-02,-9.755596976497856732e-01,-2.194377019328455358e-01,-1.133010555738517798e-02,1.131651507311908063e+03
1.095067018915365331e+01,1.360337209896624699e+01,-9.522161490840281087e-03,-9.585327943226197300e-01,-2.846911520089830949e-01,-1.279961624187225464e-02,1.137579763404307869e+03
1.053153461752217623e+01,1.443122008456459326e+01,2.157446883733058970e-02,-9.371444746188214436e-01,-3.486492282664607756e-01,-1.421088740065505965e-02,1.143508019496707675e+03
1.008957055534034275e+01,1.525467243092818670e+01,6.272279031033939356e-02,-9.114920580288038421e-01,-4.110209148191751316e-01,-1.555749760603529833e-02,1.149436275589107481e+03
9.625972929180555582e+00,1.607177609029210430e+01,1.144327041270459255e-01,-8.816922662152234524e-01,-4.715224141502426525e-01,-1.683331964808483863e-02,1.155364531681507287e+03
9.141869213888504930e+00,1.688054342953902420e+01,1.772130820978532195e-01,-8.478806918856148789e-01,-5.298784384417720705e-01,-1.803254841441247897e-02,1.161292787773907094e+03
8.924240459742534881e+00,1.722235315649806964e+01,2.090831582260395116e-01,-8.102111817956854090e-01,-5.858234621775686435e-01,-1.914972730415775287e-02,1.163836026567264980e+03
8.394436824043973289e+00,1.800574220442311457e+01,2.952428599483168936e-01,-7.688551366921941854e-01,-6.391029303185823407e-01,-2.017977305601744570e-02,1.169764282659664786e+03
7.846442201570778430e+00,1.877608724209212809e+01,3.937040900203810367e-01,-7.240007313823778601e-01,-6.894744165533862601e-01,-2.111799887733543934e-02,1.175692538752064593e+03
7.281150927261543337e+00,1.953129510577578998e+01,5.049714880766407177e-01,-6.758520584803753284e-01,-7.367087263534699559e-01,-2.196013576902522760e-02,1.181620794844464399e+03
6.699388341011707659e+00,2.026924453629703748e+01,6.295484448415821221e-01,-6.246281997283493759e-01,-7.805909398146197997e-01,-2.270235194931165962e-02,1.187549050936864205e+03
6.102606738337395420e+00,2.098839580130684723e+01,7.679596506777802700e-01,-5.705622291194655249e-01,-8.209213895399652960e-01,-2.334127028793644629e-02,1.193477307029264011e+03
5.493604025952725678e+00,2.168837426915236222e+01,9.207736420266425803e-01,-5.139001523600321697e-01,-8.575165691161402703e-01,-2.387398367153095724e-02,1.199405563121663818e+03
4.875860856207162364e+00,2.236932411607521942e+01,1.088580147806810228e+00,-4.548997874975683198e-01,-8.902099680500910051e-01,-2.429806823027843080e-02,1.205333819214063624e+03
4.252854695997413614e+00,2.303128741284952596e+01,1.271967433713360629e+00,-3.938295918089922409e-01,-9.188528293688860149e-01,-2.461159436572260550e-02,1.211262075306463430e+03
3.628058723512171735e+00,2.367420422304152439e+01,1.471522244492692755e+00,-3.309674402873558074e-01,-9.433148264369408675e-01,-2.481313552958707563e-02,1.217190331398863236e+03
3.004940726013666907e+00,2.429791271927140883e+01,1.687829746329115865e+00,-2.665993612854458683e-01,-9.634846559127377974e-01,-2.490177471370292467e-02,1.223118587491263042e+03
2.419144086959633899e+00,2.487020959017932498e+01,1.909199346939629560e+00,-2.010182350691753217e-01,-9.792705441487252749e-01,-2.487710862155559713e-02,1.228735542240778159e+03
1.809092907170752440e+00,2.545417993899334164e+01,2.160735195007523757e+00,-1.345224612021130028e-01,-9.906006647318864600e-01,-2.473924950250796714e-02,1.234663798333177965e+03
1.210878343299948812e+00,2.601787553905638717e+01,2.430738703766010200e+00,-6.741460082399557130e-02,-9.974234652666754686e-01,-2.448882464038680193e-02,1.240592054425577771e+03
6.279361694184915077e-01,2.656073412182164617e+01,2.719788202483134576e+00,-0.000000000000000000e+00,-9.997079019148148449e-01,-2.412697349878688280e-02,1.246520310517977578e+03
6.350515965438420507e-02,2.708250114451404400e+01,3.027571037152744005e+00,1.959998565696795844e-04,-9.951322717742601132e-01,-9.853792789113820227e-02,1.252448566610377384e+03
-4.796321979123321366e-01,2.758350216455765036e+01,3.352141589079435047e+00,5.117303360618585817e-02,-9.903930349470649874e-01,-1.284560506941535563e-01,1.258376822702777190e+03
-9.990342904484782460e-01,2.806410399604556716e+01,3.690957695477652845e+00,1.019701292939433346e-01,-9.821713593456539160e-01,-1.579224924226631521e-01,1.264305078795176996e+03
-1.045095787670677234e+00,2.810648639679364891e+01,3.723529595096345624e+00,1.524086738637921712e-01,-9.704961545309789273e-01,-1.868336430405167781e-01,1.264854752328270479e+03
-1.518063184147640854e+00,2.854007019522435940e+01,4.085985548951184931e+00,2.023113150430844720e-01,-9.554084732309692241e-01,-2.150878450404656861e-01,1.270783008420670285e+03
-1.962659074557176808e+00,2.895324249754437673e+01,4.457670084573297054e+00,2.515025849211014464e-01,-9.369613669995814353e-01,-2.425857508767323145e-01,1.276711264513070091e+03
-2.376480977461863819e+00,2.934600889825899017e+01,4.836184057765607669e+00,2.998095169015825290e-01,-9.152196996797792306e-01,-2.692306722745986258e-01,1.282639520605469897e+03
-2.757113046488037789e+00,2.971830286818360989e+01,5.219127648214406889e+00,3.470622538609327568e-01,-8.902599193383450293e-01,-2.949289201905556101e-01,1.288567776697869704e+03
-3.102126860833231969e+00,3.006998544459745304e+01,5.604100592455968588e+00,3.930946453746740343e-01,-8.621697894741167101e-01,-3.195901342281930457e-01,1.294496032790269510e+03
-3.409082218616946491e+00,3.040084493433516855e+01,5.988702416876122037e+00,4.377448319130889942e-01,-8.310480804442469394e-01,-3.431276003520307705e-01,1.300424288882669316e+03
-3.675527933003349013e+00,3.071059662986171190e+01,6.370532670725581603e+00,4.808558139527353559e-01,-7.970042221927923221e-01,-3.654585557825714148e-01,1.306352544975069122e+03
-3.899002631024133247e+00,3.099888253837470131e+01,6.747191159133894445e+00,5.222760040034361007e-01,-7.601579195018488555e-01,-3.865044800008408110e-01,1.312280801067468929e+03
-4.077035555029559610e+00,3.126527112397749519e+01,7.116278176105041986e+00,5.618597596102833380e-01,-7.206387311171049692e-01,-4.061913708394350175e-01,1.318209057159868735e+03
-4.207147366695375368e+00,3.150925706296493800e+01,7.475394737477615514e+00,5.994678954569347962e-01,-6.785856142266110114e-01,-4.244500046894243428e-01,1.324137313252268541e+03
-4.286850953513128282e+00,3.173026101226292894e+01,7.822142813832536845e+00,6.349681727698011091e-01,-6.341464358933278644e-01,-4.412161799082143787e-01,1.330065569344668347e+03
-4.313652237691211866e+00,3.192762939106149034e+01,8.154125563331428239e+00,6.682357643023493221e-01,-5.874774531581882231e-01,-4.564309425724207281e-01,1.335993825437068153e+03
-4.288996346209223098e+00,3.207791360959260629e+01,8.427663346881704598e+00,6.991536932644440983e-01,-5.387427636405804909e-01,-4.700407937817885351e-01,1.341142963488977102e+03
-4.204553091697866840e+00,3.222587801130731577e+01,8.723495434826309847e+00,6.666108630646715438e-01,-5.917361484439963570e-01,-4.532949237179292323e-01,1.347071219581376909e+03
-4.065892042775854698e+00,3.234812376922135257e+01,8.998483336997843196e+00,6.313030921130724504e-01,-6.422751416663358137e-01,-4.346688950059885426e-01,1.352999475673776715e+03
-3.876319027333225975e+00,3.244414934115250304e+01,9.251024850463890559e+00,5.933768300885127189e-01,-6.901501205936408923e-01,-4.142399649461846467e-01,1.358927731766176521e+03
-3.639127984917881253e+00,3.251354055082752836e+01,9.479519938361169906e+00,5.529893873309583707e-01,-7.351625125039886743e-01,-3.920928687291256320e-01,1.364855987858576327e+03
-3.357600086910654813e+00,3.255597026345849088e+01,9.682370885221612156e+00,5.103082823140773217e-01,-7.771256182462160655e-01,-3.683194679450499942e-01,1.370784243950976133e+03
-3.035002859998008340e+00,3.257119804705369148e+01,9.857982452129729012e+00,4.655105467868115299e-01,-8.158653865612379708e-01,-3.430183695400290111e-01,1.376712500043375940e+03
-2.674589313020073522e+00,3.255906981951758894e+01,1.000476203169994527e+01,4.187819914671995769e-01,-8.512211359366106400e-01,-3.162945168004948626e-01,1.382640756135775746e+03
-2.279597067271053490e+00,3.251951748159559230e+01,1.012111980286171331e+01,3.703164353349218119e-01,-8.830462210028298120e-01,-2.882587540632242096e-01,1.388569012228175552e+03
-1.853247490328964409e+00,3.245255853572025018e+01,1.020546888544117792e+01,3.203149017195881521e-01,-9.112086407100269403e-01,-2.590273669566279247e-01,1.394497268320575358e+03
-1.398744833491762263e+00,3.235829569081599288e+01,1.025622549452845078e+01,2.689847845190589393e-01,-9.355915857652358225e-01,-2.287216000804080107e-01,1.400425524412975165e+03
-9.192753728960141313e-01,3.223691645312128173e+01,1.027180909461924152e+01,2.165389880055345884e-01,-9.560939230622775842e-01,-1.974671541239380601e-01,1.406353780505374971e+03
-6.190800263672536774e-01,3.214907144253095339e+01,1.025930581194451108e+01,1.631950437862809411e-01,-9.726306150974780573e-01,-1.653936645087397961e-01,1.409899001129073667e+03
-9.713961741751558909e-02,3.197689019992458626e+01,1.020064895502189373e+01,1.091742085802268752e-01,-9.851330726338402011e-01,-1.326341637167975374e-01,1.415827257221473474e+03
4.414679314870556537e-01,3.177834614174152250e+01,1.010273004585268275e+01,5.470054655090503259e-02,-9.935494391528167935e-01,-9.932452953389224459e-02,1.421755513313873280e+03
9.936276250791187259e-01,3.155392984138541834e+01,9.963982230822717057e+00,0.000000000000000000e+00,-9.978448059153464111e-01,-6.560292149536549322e-02,1.427683769406273086e+03
1.556023312492995858e+00,3.130359580152016719e+01,9.783042586925947859e+00,-1.208163448811609142e-01,-9.579181812670135576e-01,-2.603731338076028523e-01,1.433612025498672892e+03
2.124892434266334451e+00,3.102615159071930862e+01,9.558952230671263095e+00,-2.350933361730670190e-01,-8.661430367708774503e-01,-4.410502954783338536e-01,1.439540281591072699e+03
2.696215422203715573e+00,3.071988939059568580e+01,9.290956436197705059e+00,-3.366456109168530775e-01,-7.274868069767830292e-01,-5.978550646487662545e-01,1.445468537683472505e+03
3.265928278462205014e+00,3.038320978669802130e+01,8.978304733596685239e+00,-4.199765354728830502e-01,-5.494543922601784480e-01,-7.223002010791040872e-01,1.451396793775872311e+03
3.830615470655632127e+00,3.001497103153339552e+01,8.621126281615802966e+00,-4.433769295296492441e-01,-5.678171192735159689e-01,-6.935406386221928399e-01,1.457325049868272117e+03
3.923693415549842634e+00,2.994898757514899046e+01,8.554589326806743443e+00,-4.660183108860221357e-01,-5.852078070878864446e-01,-6.635938188697487750e-01,1.458310625596646105e+03
4.477845116573964113e+00,2.952345363230003983e+01,8.112933611039592208e+00,-4.878619207803980284e-01,-6.015966855052530260e-01,-6.325110072097297476e-01,1.464238881689045911e+03
5.023022120087021314e+00,2.906607440785519714e+01,7.631860395448426537e+00,-5.088703661269677880e-01,-6.169556992698145281e-01,-6.003454135881243214e-01,1.470167137781445717e+03
5.557844060663471808e+00,2.857692667625623884e+01,7.114139378104762379e+00,-5.290076835158944446e-01,-6.312585560839902854e-01,-5.671521014260327842e-01,1.476095393873845524e+03
6.080928996656083996e+00,2.805612068741520915e+01,6.562543810341956885e+00,-5.482394007668294211e-01,-6.444807716076316195e-01,-5.329878933662266505e-01,1.482023649966245330e+03
6.590893725380092327e+00,2.750380020527241243e+01,5.979850227727256495e+00,-5.665325959303340042e-01,-6.565997113632725535e-01,-4.979112740099796985e-01,1.487951906058645136e+03
7.086354098680041069e+00,2.692014254125906447e+01,5.368838180794205606e+00,-5.838559536363744362e-01,-6.675946294758158261e-01,-4.619822898105011566e-01,1.493880162151044942e+03
7.565925338851772430e+00,2.630535858265822569e+01,4.732289965555078304e+00,-6.001798186935881629e-01,-6.774467041804713707e-01,-4.252624462941492212e-01,1.499808418243444748e+03
8.028222354892312396e+00,2.565969281585833528e+01,4.072990353812890874e+00,-6.154762468477064097e-01,-6.861390700382562491e-01,-3.878146027851508970e-01,1.505736674335844555e+03
8.471860059050145608e+00,2.498342334449457880e+01,3.393726323292536318e+00,-6.297190526123642718e-01,-6.936568468039941981e-01,-3.497028648138083562e-01,1.511664930428244361e+03
8.895453683647758680e+00,2.427686190247347753e+01,2.697286787611012038e+00,-6.428838540905208454e-01,-6.999871648974526073e-01,-3.109924743921236856e-01,1.517593186520644167e+03
9.297619098148746986e+00,2.354035386187625889e+01,1.986462326106464671e+00,-6.549481147098424882e-01,-7.051191874340478893e-01,-2.717496983444095959e-01,1.523521442613043973e+03
9.676973126442248940e+00,2.277427823573684407e+01,1.264044913545582238e+00,-6.658911818006597594e-01,-7.090441287774126300e-01,-2.320417148837779775e-01,1.529449698705443780e+03
1.003213386431723997e+01,2.197904767569077222e+01,5.328276497292241398e-01,-7.142513392199832944e-01,-6.601633892587224217e-01,-2.324377849633105508e-01,1.535377954797843586e+03
1.036206039402207502e+01,2.115524531680194187e+01,-2.043564700694899816e-01,-7.803497722524390667e-01,-6.087889211866540640e-01,-1.429275424362150826e-01,1.541306210890243392e+03
1.054500217597742662e+01,2.064728191680582370e+01,-6.465409961058354860e-01,-8.347269932758675237e-01,-5.482701753724840144e-01,-5.127047390729522203e-02,1.544846043158940574e+03
1.082778608174707280e+01,1.977050964473663797e+01,-1.388081789603239136e+00,-8.765662353796570549e-01,-4.795161749422784947e-01,4.115668794041704021e-02,1.550774299251340381e+03
1.108485827904906884e+01,1.886775294824841609e+01,-2.127964625499834117e+00,-9.052390593470651670e-01,-4.035596396103907080e-01,1.329656448534105029e-01,1.556702555343740187e+03
1.131624596224036949e+01,1.794002222002409752e+01,-2.863238580749162931e+00,-9.203147924871373231e-01,-3.215414731891013678e-01,2.227773860835018660e-01,1.562630811436139993e+03
1.152199357997501217e+01,1.698832248317056681e+01,-3.590953176394666713e+00,-9.215669967634700921e-01,-2.346936262689211516e-01,3.092429017240291844e-01,1.568559067528539799e+03
1.170216274721929572e+01,1.601365305418068630e+01,-4.308158663352330997e+00,-9.089768691775996778e-01,-1.443205915479275347e-01,3.910634451812907697e-01,1.574487323620939605e+03
1.185683215474358754e+01,1.501700720738360673e+01,-5.011906308140264166e+00,-8.827335234408817399e-01,-5.177980978947719498e-02,4.670100404633945046e-01,1.580415579713339412e+03
1.198609747609975962e+01,1.399937184092278564e+01,-5.699248678534103441e+00,-8.432311488053950699e-01,4.153871928200757874e-02,5.359419413393746723e-01,1.586343835805739218e+03
1.209007127209351928e+01,1.296172714430121076e+01,-6.367239929127531894e+00,-7.910630888095231406e-01,1.342333149275846405e-01,5.968237651841552527e-01,1.592272091898139024e+03
1.216888289276100821e+01,1.190504626753329021e+01,-7.012936086777228795e+00,-7.270129289260844896e-01,2.249116686482289518e-01,6.487410442403667155e-01,1.598200347990538830e+03
1.222281328700705672e+01,1.083063729981483903e+01,-7.633952259946214625e+00,-7.153385108787998492e-01,2.115341041983568593e-01,6.659895927210671696e-01,1.604128604082938637e+03
1.225244256338285531e+01,9.740480153088277859e+00,-8.229019793616966894e+00,-7.032257585426185953e-01,1.980269191297298614e-01,6.828300460731155930e-01,1.610056860175338443e+03
1.225853403705870548e+01,8.636875964443005316e+00,-8.797429467414911386e+00,-6.906820939257661829e-01,1.843983898876102590e-01,6.992520853992614249e-01,1.615985116267738249e+03
1.225808915486083173e+01,8.588671063143284101e+00,-8.820829735479888356e+00,-6.777152030510682490e-01,1.706568672642844176e-01,7.152456481566191737e-01,1.616241338049316255e+03
1.223180247776448404e+01,7.462811012666566768e+00,-9.334890533703514848e+00,-6.643330312470945298e-01,1.568107712838647805e-01,7.308009343188680562e-01,1.622169594141716061e+03
1.218355732688400650e+01,6.328250215027788173e+00,-9.820853750881504141e+00,-6.505437782820067127e-01,1.428685860451430201e-01,7.459084123790724608e-01,1.628097850234115867e+03
1.211428217706380828e+01,5.187213372522752941e+00,-1.027801947907667923e+01,-6.363558933416785246e-01,1.288388545252087125e-01,7.605588251882118289e-01,1.634026106326515674e+03
1.202495904806096050e+01,4.041897132178362995e+00,-1.070569059340162710e+01,-6.217780698551553797e-01,1.147301733470044022e-01,7.747431956258546970e-01,1.639954362418915480e+03
1.191662319670178682e+01,2.894468981173245581e+00,-1.110317281886984730e+01,-6.068192401706045125e-01,1.005511875140097378e-01,7.884528320995123352e-01,1.645882618511315286e+03
1.179036280018321214e+01,1.747066147351997722e+00,-1.146977479703881997e+01,-5.914885700850021077e-01,8.631058511526769339e-02,8.016793338693101179e-01,1.651810874603715092e+03
1.164731863054702465e+01,6.017945049739338303e-01,-1.180480815244064452e+01,-5.757954532308936502e-01,7.201709200398322130e-02,8.144145961947231172e-01,1.657739130696114898e+03
1.148868372035568619e+01,-5.392725141622879415e-01,-1.210758755879515292e+01,-5.597495053236459794e-01,5.767946645294259878e-02,8.266508153002248838e-01,1.663667386788514705e+03
1.131570301959956204e+01,-1.674095004078087978e+00,-1.237743080500060699e+01,-5.433605582726990235e-01,4.330649379001416666e-02,8.383804931568138441e-01,1.669595642880914511e+03
1.112967304386621770e+01,-2.800667662319056284e+00,-1.261365886089728860e+01,-5.266386541604061167e-01,2.890698101700569025e-02,8.495964420764861025e-01,1.675523898973314317e+03
1.093194151380269119e+01,-3.917020861864409564e+00,-1.281559594279969794e+01,-4.673763081985981005e-01,2.559715714389337871e-02,8.836866933928515522e-01,1.681452155065714123e+03
1.072390698590302982e+01,-5.021221717103706794e+00,-1.298256957879259232e+01,-4.059242595574731327e-01,2.216740816177422205e-02,9.136367448374494993e-01,1.687380411158113930e+03
1.050701847465456851e+01,-6.111375143743335236e+00,-1.311391067378536945e+01,-3.425704178785006215e-01,1.863380282192882847e-02,9.393062813514174714e-01,1.693308667250513736e+03
1.028277506607622094e+01,-7.185624912504826156e+00,-1.320895357432018713e+01,-2.776116019142876312e-01,1.501289639880702340e-02,9.605750420574916681e-01,1.699236923342913542e+03
1.005272552268276343e+01,-8.242154696476999831e+00,-1.326703613312939645e+01,-2.113521490524917501e-01,1.132165313530826903e-02,9.773433834946310128e-01,1.705165179435313348e+03
9.818467879910310003e+00,-9.279189111985317595e+00,-1.328749977343733590e+01,-1.441024896519431941e-01,7.577366774087866165e-03,9.895327462941708729e-01,1.711093435527713154e+03
9.581649034038184354e+00,-1.029499475284320731e+01,-1.326968955300146646e+01,-7.617769286237703608e-02,3.797579546760705433e-03,9.970860231190368239e-01,1.717021691620112961e+03
9.343964321643372983e+00,-1.128788121784995724e+01,-1.321295422788834451e+01,-7.895990730972241370e-03,0.000000000000000000e+00,9.999678261473632368e-01,1.722949947712512767e+03
9.107094257224140676e+00,-1.225625481032007613e+01,-1.311727494343309708e+01,-4.590750704865058374e-02,4.934087113537885538e-02,9.977254027200090913e-01,1.728878203804912573e+03
8.872639296545751009e+00,-1.319866987991450458e+01,-1.298389386366427090e+01,-8.374069777290604755e-02,9.849007971924618465e-02,9.916073818472919132e-01,1.734806459897312379e+03
8.642179306661878613e+00,-1.411377357508105490e+01,-1.281468542302758173e+01,-1.212486033204431685e-01,1.472567101260651157e-01,9.816375285798301098e-01,1.740734715989712186e+03
8.417335028265528152e+00,-1.500025288010592206e+01,-1.261152751658368665e+01,-1.582855276271203371e-01,1.954513327953277257e-01,9.678545697845967188e-01,1.746662972082111992e+03
8.293557944962214989e+00,-1.549291858930578947e+01,-1.247632254055422862e+01,-1.947076040499386429e-01,2.428867399999393162e-01,9.503120437297787326e-01,1.750069447492868903e+03
8.088971419329068269e+00,-1.632028038291108984e+01,-1.221037060906963312e+01,-2.303733541655146322e-01,2.893786729874697206e-01,9.290780921488764887e-01,1.755997703585268710e+03
7.894519757562589390e+00,-1.711593993319545248e+01,-1.191531954227330736e+01,-2.651442372959386673e-01,3.347465376717148056e-01,9.042351955912286687e-01,1.761925959677668516e+03
7.711966194682779552e+00,-1.787873593748740930e+01,-1.159305875172147005e+01,-2.988851886287861581e-01,3.788141060962957885e-01,8.758798530854743358e-01,1.767854215770068322e+03
7.543113002678618173e+00,-1.860755085153844846e+01,-1.124548027232114933e+01,-3.314651438421566398e-01,4.214102009470407362e-01,8.441222073583701802e-01,1.773782471862468128e+03
7.389801070801429006e+00,-1.930131172973548459e+01,-1.087447857871220336e+01,-3.627575481977965977e-01,4.623693604554323655e-01,8.090856170625566612e-01,1.779710727954867934e+03
7.253909478781705999e+00,-1.995899105847121291e+01,-1.048195040147060375e+01,-3.926408481254269889e-01,5.015324811112261694e-01,7.709061776724428494e-01,1.785638984047267741e+03
7.137355063006307176e+00,-2.057960758255748601e+01,-1.006979454314850031e+01,-4.209989633891098593e-01,5.387474356881645221e-01,7.297321929066289403e-01,1.791567240139667547e+03
7.042091975694374284e+00,-2.116222712456895039e+01,-9.639911694165039791e+00,-4.477217380016139670e-01,5.738696641822071953e-01,6.857235987273769817e-01,1.797495496232067353e+03
6.969674498930412021e+00,-2.170610212332245936e+01,-9.194458089469852879e+00,-4.251812213712591881e-01,6.286104913582970521e-01,6.512048672632810842e-01,1.803423752324467159e+03
6.920814654187992687e+00,-2.221079487540094277e+01,-8.736099140345272573e+00,-4.006439783468775384e-01,6.803992405248509012e-01,6.136279622927777178e-01,1.809352008416866965e+03
6.901269260858844845e+00,-2.258298790624304431e+01,-8.361383591223439993e+00,-3.742252409687135128e-01,7.289927036551461237e-01,5.731693528439800733e-01,1.814094075232677596e+03
6.901581629094025061e+00,-2.300865556707636372e+01,-7.885475140903305480e+00,-3.460490769345546114e-01,7.741626785602396810e-01,5.300190406744003102e-01,1.820022331325077403e+03
6.926448225561448346e+00,-2.339441549470094373e+01,-7.404840774646968882e+00,-3.162478069388548474e-01,8.156970404940447894e-01,4.843796679630147373e-01,1.825950587417477209e+03
6.976224875963462857e+00,-2.373998286159075022e+01,-6.922403014112459729e+00,-2.849613832628900001e-01,8.534007382512912576e-01,4.364655656537894668e-01,1.831878843509877015e+03
7.051288064241610698e+00,-2.404507515399106765e+01,-6.441084539126100239e+00,-2.523367325345757251e-01,8.870967100839478592e-01,3.865017469203968492e-01,1.837807099602276821e+03
7.152034961468729080e+00,-2.430941264286707337e+01,-5.963807904008755933e+00,-2.185270657443915132e-01,9.166267151381797262e-01,3.347228504788791748e-01,1.843735355694676628e+03
7.278883450550027945e+00,-2.453271885535393793e+01,-5.493495253911746090e+00,-1.836911587572520321e-01,9.418520765105468096e-01,2.813720387099653553e-01,1.849663611787076434e+03
7.432272146729777873e+00,-2.471472104664105984e+01,-5.033068041183120123e+00,-1.479926066983625610e-01,9.626543324369625232e-01,2.266998557644208656e-01,1.855591867879476240e+03
7.612660413900679046e+00,-2.485515067222300445e+01,-4.585446741784784841e+00,-1.115990557134670103e-01,9.789357925589886600e-01,1.709630510122414071e-01,1.861520123971876046e+03
7.820528376713338226e+00,-2.495374386044971615e+01,-4.153550571781048362e+00,-7.468141570987567313e-02,9.906199966573406845e-01,1.144233733588334995e-01,1.867448380064275852e+03
8.056376928483453881e+00,-2.501024188530825754e+01,-3.740297203919530578e+00,-3.741305777375932701e-02,9.976520736999308081e-01,5.734634208780482051e-02,1.873376636156675659e+03
8.320727734894616034e+00,-2.502439163936851330e+01,-3.348602484325348350e+00,3.099996898509767827e-05,9.999989995192798409e-01,0.000000000000000000e+00,1.879304892249075465e+03
8.509520695877675678e+00,-2.500590727565376170e+01,-3.111279768863435713e+00,-5.368513379827833526e-02,9.985028633245248697e-01,1.038933789975943905e-02,1.883129481360949057e+03
8.829203273423104292e+00,-2.493588358374713465e+01,-2.768203901981117987e+00,-1.072404435455144439e-01,9.940156066838430338e-01,2.074755256407161477e-02,1.889057737453348864e+03
9.173951275412003170e+00,-2.482751696182888423e+01,-2.450234388479652026e+00,-1.604744996125903045e-01,9.865506722613408552e-01,3.104361504611871658e-02,1.894985993545748670e+03
9.541140922930134494e+00,-2.468321470805376450e+01,-2.157753267174199685e+00,-2.132278347660800377e-01,9.761304224621124570e-01,4.124668259747391041e-02,1.900914249638148476e+03
9.928092839176160922e+00,-2.450530235053976824e+01,-1.891140087187262120e+00,-2.653424218634521936e-01,9.627860724335244313e-01,5.132619105370321566e-02,1.906842505730548282e+03
1.033207296410055775e+01,-2.429602251790793588e+01,-1.650771871654731715e+00,-3.166621472023066208e-01,9.465575965537791348e-01,6.125194638524517066e-02,1.912770761822948089e+03
1.075029347796589185e+01,-2.405753382485142922e+01,-1.437023081617185394e+00,-3.670332781377397824e-01,9.274936086877367813e-01,7.099421513952018647e-02,1.918699017915347895e+03
1.117991373374514730e+01,-2.379190977287554531e+01,-1.250265580098477880e+00,-4.163049235680841842e-01,9.056512165686095850e-01,8.052381350354244349e-02,1.924627274007747701e+03
1.161804119827422355e+01,-2.350113766634827783e+01,-1.090868596374493737e+00,-4.643294859106011918e-01,8.810958507414694552e-01,8.981219472043387719e-02,1.930555530100147507e+03
1.206173240207384723e+01,-2.318711754399969749e+01,-9.591986904347524767e-01,-5.109631032141448426e-01,8.539010685805581424e-01,9.883153459816018671e-02,1.936483786192547313e+03
1.250799389775431791e+01,-2.285166112600873234e+01,-8.556197176392208448e-01,-5.560660800852742502e-01,8.241483339668934649e-01,1.075548148545071026e-01,1.942412042284947120e+03
1.264870588661231743e+01,-2.273835217646287887e+01,-8.317991135245775824e-01,-5.995033061376978667e-01,7.919267732854483599e-01,1.159559040487770504e-01,1.944290549206751621e+03
1.308863247440193156e+01,-2.235969761532645350e+01,-7.852660512884822586e-01,-6.411446607121824570e-01,7.573329084719917503e-01,1.240096358578906127e-01,1.950218805299151427e+03
1.352425234275287025e+01,-2.196339014644881260e+01,-7.676552423613692833e-01,-6.808654026550391425e-01,7.204703679083384049e-01,1.316918844625042662e-01,1.956147061391551233e+03
1.395216748413233177e+01,-2.155071329598412433e+01,-7.793949377527585876e-01,-7.672548135906965827e-01,6.333922916597890529e-01,1.006591073214974930e-01,1.962075317483951039e+03
1.413622297116235238e+01,-2.135984320983698481e+01,-7.978525628442598716e-01,-8.413613957852456027e-01,5.361743880492283454e-01,6.801490484637523481e-02,1.964706567645363293e+03
1.453470130405516691e+01,-2.091267743969630288e+01,-8.697506794265772445e-01,-9.019988114529992052e-01,4.303729754220216308e-01,3.428186346286429126e-02,1.970634823737763099e+03
1.491565009875109915e+01,-2.045020237888774517e+01,-9.725048523844617154e-01,-9.481963343960251311e-01,3.176817769973940830e-01,0.000000000000000000e+00,1.976563079830162906e+03
1.527492176879575858e+01,-1.997256634291536770e+01,-1.106421823046567665e+00,-8.695153985263810448e-01,4.839543351319641196e-01,9.863657146402546316e-02,1.982491335922562712e+03
1.560850119427872507e+01,-1.947969784946858596e+01,-1.271136711174438716e+00,-7.529526719992817307e-01,6.291427259332842414e-01,1.929759159359659970e-01,1.988419592014962518e+03
1.591333682517956305e+01,-1.897193494540658421e+01,-1.465672834299916127e+00,-7.746973084172714685e-01,5.917683689847326178e-01,2.228279107276655846e-01,1.994347848107362324e+03
1.603530942020489647e+01,-1.873778007811878865e+01,-1.565621739741380303e+00,-7.943031425993221095e-01,5.527602537861107113e-01,2.520647129020636146e-01,1.997003738511859638e+03
1.627472908018591724e+01,-1.820151799266848514e+01,-1.815975011966453501e+00,-8.117160477180137557e-01,5.122260750716073341e-01,2.806056055983011666e-01,2.002931994604259444e+03
1.648359690532002730e+01,-1.765428621400523213e+01,-2.092004226677889100e+00,-8.268879512040434587e-01,4.702777405271562627e-01,3.083717933239142339e-01,2.008860250696659250e+03
1.666137174708230617e+01,-1.709801427069698931e+01,-2.391899071910879027e+00,-8.397769674326538425e-01,4.270310618337734287e-01,3.352866194741818684e-01,2.014788506789059056e+03
1.680744220145833978e+01,-1.653461344353195628e+01,-2.713846904999476006e+00,-8.503475133298564748e-01,3.826054349379607311e-01,3.612757779445943118e-01,2.020716762881458862e+03
1.692112682151084968e+01,-1.596597524338036500e+01,-3.056032928509071933e+00,-8.585704065808241747e-01,3.371235104323607179e-01,3.862675182529723972e-01,2.026645018973858669e+03
1.700167434282683843e+01,-1.539396989263739002e+01,-3.416640366326490597e+00,-8.644229461700635442e-01,2.907108549563903743e-01,4.101928436055238825e-01,2.032573275066258475e+03
1.704826392182482664e+01,-1.482044481045330819e+01,-3.793850639894751353e+00,-8.678889750316810536e-01,2.434956045512407241e-01,4.329857013606134841e-01,2.038501531158658281e+03
1.706000538690094004e+01,-1.424722310195637398e+01,-4.185843544579700648e+00,-8.689589246373518039e-01,1.956081109257161998e-01,4.545831653650111992e-01,2.044429787251058087e+03
1.703593950239119437e+01,-1.367610205167373394e+01,-4.590797426155734051e+00,-8.676298413993597247e-01,1.471805816088481433e-01,4.749256096597981869e-01,2.050358043343457666e+03
1.697503824532639882e+01,-1.310885162135579307e+01,-5.006889357397730222e+00,-8.639053948161596885e-01,9.834671498199737405e-02,4.939568730769082205e-01,2.056286299435857472e+03
1.687620509495470955e+01,-1.254721295240937629e+01,-5.432295314766577121e+00,-8.577958673381923527e-01,4.924133119722365337e-02,5.116244142723824773e-01,2.062214555528257279e+03
1.684479984931324381e+01,-1.242441380379791305e+01,-5.528344676829505921e+00,-8.493181259820130613e-01,0.000000000000000000e+00,5.278794567687582484e-01,2.063528509337038031e+03
1.666039957226790946e+01,-1.187865189684901601e+01,-5.968639283656269612e+00,-8.424840881976247697e-01,8.383747462014663060e-03,5.386541319799887928e-01,2.069456765429437837e+03
1.643899014593534247e+01,-1.134115881784629387e+01,-6.414621218995044671e+00,-8.354536806194945431e-01,1.676553970224339135e-02,5.493032534081119245e-01,2.075385021521837643e+03
1.618297252335980829e+01,-1.081309616783920902e+01,-6.864892785013450016e+00,-8.282285415471912771e-01,2.514342357073045750e-02,5.598243395965349922e-01,2.081313277614237450e+03
1.589469595926432000e+01,-1.029569419249305895e+01,-7.318055850623484737e+00,-8.208103546254863492e-01,3.351544682872713288e-02,5.702149389049447903e-01,2.087241533706637256e+03
1.557645727998187013e+01,-9.790250636364589809e+00,-7.772711986662864447e+00,-8.132008484475352628e-01,4.187965860214649255e-02,5.804726300751866797e-01,2.093169789799037062e+03
1.523050016326530454e+01,-9.298129585346099901e+00,-8.227462601098778805e+00,-8.054017961533996850e-01,5.023410983470343039e-02,5.905950227936828112e-01,2.099098045891436868e+03
1.485901442803936057e+01,-8.820760297436537556e+00,-8.680909074244642198e+00,-7.974150150182958141e-01,5.857685374063743150e-02,6.005797582467169438e-01,2.105026301983836674e+03
1.448150996622408826e+01,-8.380264631108881090e+00,-9.111605769456591730e+00,-7.892423660306610023e-01,6.690594625691630160e-02,6.104245096684622895e-01,2.110690580139510530e+03
1.406474459887257389e+01,-7.937172486791376436e+00,-9.558357692224042523e+00,-7.632663339419341053e-01,6.547286136495203412e-02,6.427564141225280414e-01,2.116618836231910336e+03
1.362824127378090999e+01,-7.513706176179136165e+00,-9.999782900631080551e+00,-7.359758336540328516e-01,6.392702157155866205e-02,6.739813856408840564e-01,2.122547092324310142e+03
1.317361716189905962e+01,-7.111832769477162586e+00,-1.043459384073416452e+01,-7.074178638565601362e-01,6.227108906955515499e-02,7.040456500560966502e-01,2.128475348416709949e+03
1.270242385270546848e+01,-6.733568695162600370e+00,-1.086150357943319023e+01,-6.776416059751178000e-01,6.050791564521892929e-02,7.328974321117246449e-01,2.134403604509109755e+03
1.221614680755043558e+01,-6.380978329571131979e+00,-1.127922592885462905e+01,-6.466983394805245755e-01,5.864053776757844477e-02,7.604870446258158445e-01,2.140331860601509561e+03
1.171620482480270553e+01,-6.056172577630870357e+00,-1.168647557067898646e+01,-6.146413535801373840e-01,5.667217135924793037e-02,7.867669740544933621e-01,2.146260116693909367e+03
1.120394951684713725e+01,-5.761307444932572075e+00,-1.208196818040481979e+01,-5.815258554487940934e-01,5.460620625827255353e-02,8.116919623126086503e-01,2.152188372786309174e+03
1.068066479898097931e+01,-5.498582601326134522e+00,-1.246442055154071760e+01,-5.474088751573547018e-01,5.244620038051828192e-02,8.352190847106353289e-01,2.158116628878708980e+03
1.039264260435231790e+01,-5.376285711032631198e+00,-1.266298256303421788e+01,-5.123491674625072489e-01,5.019587359265603732e-02,8.573078238736676626e-01,2.161311714168448816e+03
9.847918396033682242e+00,-5.186893408696369612e+00,-1.301638248489880034e+01,-4.764071106268866207e-01,4.785910130628689280e-02,8.779201395152859133e-01,2.167239970260848622e+03
9.294844593475431793e+00,-5.035315523702613483e+00,-1.335349042494413574e+01,-4.396446024436755917e-01,4.543990780423512454e-02,8.970205339461894134e-01,2.173168226353248428e+03
8.734461952784402072e+00,-4.923890792467233268e+00,-1.367302844517992000e+01,-4.021249536446513950e-01,4.294245931049583964e-02,9.145761132048260134e-01,2.179096482445648235e+03
8.167741377181268803e+00,-4.854994999523266408e+00,-1.397372028814303313e+01,-3.639127788751537196e-01,4.037105681576549920e-02,9.305566437047775308e-01,2.185024738538048041e+03
7.595713185900109465e+00,-4.830524007702810430e+00,-1.425435880294681290e+01,-3.250738854236287501e-01,3.773012867090363986e-02,9.449346043013666652e-01,2.190952994630447847e+03
7.019615595700850363e+00,-4.851381721918991197e+00,-1.451387336464045852e+01,-2.856751598972716577e-01,3.502422296107367966e-02,9.576852336878292071e-01,2.196881250722847653e+03
6.440793322232488904e+00,-4.918001976612038639e+00,-1.475126267544276359e+01,-2.457844530388279269e-01,3.225799967368807308e-02,9.687865730394258357e-01,2.202809506815247460e+03
5.860576915778104912e+00,-5.030866054843381896e+00,-1.496552755927102929e+01,-2.054704628828128710e-01,2.943622267363811204e-02,9.782195038320339320e-01,2.208737762907647266e+03
5.724027958007356531e+00,-5.069140341803101357e+00,-1.501038835263069871e+01,-1.648026164522756187e-01,2.656375149962049431e-02,9.859677807700654162e-01,2.210132984662540366e+03
5.144466419064709584e+00,-5.281878103120586587e+00,-1.517673465098694763e+01,-1.238509501997473727e-01,2.364553299568131900e-02,9.920180597669577827e-01,2.216061240754940172e+03
4.565844419110399066e+00,-5.542109280303519014e+00,-1.531773215723313619e+01,-8.268598939818433413e-02,2.068659279238159107e-02,9.963599209300039172e-01,2.221989496847339979e+03
3.989442814467890841e+00,-5.850458341889579472e+00,-1.543239009800310235e+01,-4.137862668953307815e-02,1.769202665224851173e-02,9.989858865098684149e-01,2.227917752939739785e+03
3.415808220299064946e+00,-6.206772007614158149e+00,-1.551997490958097003e+01,-0.000000000000000000e+00,1.466699169441012217e-02,9.998914337838089583e-01,2.233846009032139591e+03
2.844065346492627100e+00,-6.609268521434270127e+00,-1.558026498828455964e+01,-0.000000000000000000e+00,1.466699168405987547e-02,9.998914330782027182e-01,2.239774265124539397e+03
2.749799601661513382e+00,-6.683831741053316122e+00,-1.558579004048996453e+01,-0.000000000000000000e+00,1.466699168406105334e-02,9.998914330782827653e-01,2.240756694092241560e+03
2.182817396950987643e+00,-7.179698386174211855e+00,-1.559220171271515198e+01,-0.000000000000000000e+00,1.466699168406105334e-02,9.998914330782827653e-01,2.246684950184641366e+03
1.613901679588235938e+00,-7.716079167894863922e+00,-1.557140043789178208e+01,-0.000000000000000000e+00,1.466699168405987720e-02,9.998914330782027182e-01,2.252613206277041172e+03
1.041680730554962464e+00,-8.290272356453900926e+00,-1.552342865986543252e+01,-0.000000000000000000e+00,1.466699168405752839e-02,9.998914330780426241e-01,2.258541462369440978e+03
4.646245728781642770e-01,-8.899331179022029303e+00,-1.544855650950306014e+01,-0.000000000000000000e+00,3.237864935941205113e-02,9.994746735421065065e-01,2.264469718461840785e+03
-1.191803483529078195e-01,-9.539840425315411210e+00,-1.534750685464702968e+01,-0.000000000000000000e+00,5.008013641925540549e-02,9.987442014465279794e-01,2.270397974554240591e+03
-7.117851861625017484e-01,-1.020812158818936233e+01,-1.522123015368413412e+01,-0.000000000000000000e+00,6.776589822860124013e-02,9.977002470804636758e-01,2.276326230646640397e+03
-1.315140637064153628e+00,-1.090044690289312967e+01,-1.507067928699750681e+01,-0.000000000000000000e+00,8.543038509059698582e-02,9.963431383266769803e-01,2.282254486739040203e+03
-1.899216115187603249e+00,-1.157671774250489882e+01,-1.490574045755999677e+01,-0.000000000000000000e+00,1.030680539928004180e-01,9.946733012570849741e-01,2.287878443392162808e+03
-2.528930645958519463e+00,-1.230639766543871971e+01,-1.470949744466637377e+01,-0.000000000000000000e+00,1.206733703410887565e-01,9.926912599988586550e-01,2.293806699484562614e+03
-3.174577957637516157e+00,-1.304886052802950758e+01,-1.449180328789592487e+01,-0.000000000000000000e+00,1.382408096909258088e-01,9.903976365700714046e-01,2.299734955576962420e+03
-3.837286351751033386e+00,-1.380074176159412325e+01,-1.425379290275094846e+01,4.139721149679288087e-02,1.977531287194942144e-01,9.793763173384012477e-01,2.305663211669362227e+03
-4.517258779592168594e+00,-1.455972826591193758e+01,-1.399694979425968988e+01,8.257182999562946712e-02,2.562021392908647166e-01,9.630889661476853547e-01,2.311591467761762033e+03
-5.214224004973791793e+00,-1.532404606939467584e+01,-1.372293259093906315e+01,1.233024633874491988e-01,3.132735666527572960e-01,9.416231597410736898e-01,2.317519723854161839e+03
-5.927868033012969384e+00,-1.609193181530479322e+01,-1.343340156173429456e+01,1.633701069355185664e-01,3.686605433020053724e-01,9.150943186216939917e-01,2.323447979946561645e+03
-6.657834241881315229e+00,-1.686163364451203606e+01,-1.313001845487114672e+01,2.025593207947996299e-01,4.220652589091437590e-01,8.836450864361108382e-01,2.329376236038961451e+03
-7.403723521632098681e+00,-1.763141207602742000e+01,-1.281444633660255938e+01,2.406593883612027640e-01,4.732005615424287881e-01,8.474445629957856330e-01,2.335304492131361258e+03
-8.165094420091957517e+00,-1.839954088520279285e+01,-1.248834942986063368e+01,2.774654492250683280e-01,5.217915015865155492e-01,8.066873950669981586e-01,2.341232748223761064e+03
-8.941463295804311429e+00,-1.916430797948443399e+01,-1.215339295282478815e+01,3.127796006397389750e-01,5.675768100580030895e-01,7.615927298166322856e-01,2.347161004316160870e+03
-9.732304478010563642e+00,-1.992401627160843347e+01,-1.181124295741753905e+01,3.464119615852059852e-01,6.103103033724158744e-01,7.124030365387478136e-01,2.353089260408560676e+03
-1.053705043365486205e+01,-2.067698455012667580e+01,-1.146356616773858228e+01,3.781816937076540319e-01,6.497622070121152893e-01,6.593828029942502278e-01,2.359017516500960483e+03
-1.135509194139708633e+01,-2.142154834715123712e+01,-1.111202981844967752e+01,4.079179736472037798e-01,6.857203909800150265e-01,6.028171133694600892e-01,2.364945772593360289e+03
-1.218577827261858637e+01,-2.215606080320400650e+01,-1.075830149312437278e+01,4.354609115270591801e-01,7.179915103975208490e-01,5.430101154953974607e-01,2.370874028685760095e+03
-1.224628396114456130e+01,-2.220871640441808381e+01,-1.073268880958072735e+01,4.606624106661998397e-01,7.464020451142887591e-01,4.802833855647298256e-01,2.371302436959920669e+03
