-1.279117795162455773e-01,-1.160528739806081733e+00,5.303655896052821284e+00,3.681947378648311453e-01,7.235948365667191906e-01,-5.838177348305130243e-01,0.000000000000000000e+00
4.147956381547871496e-01,-9.503335412011993943e-01,5.892481272115619895e+00,3.031479984461781241e-01,6.816232097156565972e-01,-6.659512677478750531e-01,5.928256092399785793e+00
9.572474540007074317e-01,-7.482368077947125773e-01,6.479511381643616730e+00,1.675521359472649519e-01,6.094811895822330738e-01,-7.748928708440511182e-01,1.185651218479957159e+01
1.496205558099563238e+00,-5.546950411519480095e-01,7.063209543168556870e+00,2.585481263211442116e-01,4.340125576209492575e-01,-8.630098297256802997e-01,1.778476827719935827e+01
2.028418223656458519e+00,-3.700746999441145157e-01,7.642039384575023853e+00,1.550737697707485208e-01,4.810787618251797793e-01,-8.628530296926821830e-01,2.371302436959914317e+01
2.550621047093416305e+00,-1.946519147309184739e-01,8.214464991433185759e+00,3.904723535039482663e-01,4.512200390179929577e-01,-8.024536232940123748e-01,2.964128046199892808e+01
3.059537890512550096e+00,-2.861221806933522335e-02,8.778951055299446082e+00,3.531310132547704761e-01,3.336312023019721296e-01,-8.740644760703867311e-01,3.556953655439871653e+01
3.551881826447786938e+00,1.279497100149083744e-01,9.333963021974096108e+00,2.505859509960890463e-01,2.895592087487986466e-01,-9.237760257725654567e-01,4.149779264679850144e+01
4.024356084821512525e+00,2.750302811570746742e-01,9.877967239704888769e+00,1.594756428026181672e-01,2.484152243715876673e-01,-9.554357098481852661e-01,4.742604873919828634e+01
4.473655002021653893e+00,4.127172223482467595e-01,1.040943110732507471e+01,8.161880666453209809e-02,2.117168051293749076e-01,-9.739170215292819455e-01,5.335430483159807125e+01
4.896464972014233474e+00,5.411897841620573191e-01,1.092682322231498659e+01,1.684028849615374496e-02,1.799099589923527087e-01,-9.835389221269976723e-01,5.928256092399785615e+01
5.289465399406781287e+00,6.607189334817298310e-01,1.142861352877602421e+01,-3.259690721461971918e-02,1.528174175846100380e-01,-9.877166995261406068e-01,6.521081701639764105e+01
5.649329654376949783e+00,7.716675306961763292e-01,1.191327346530670184e+01,-7.524541681611278399e-02,1.299205421334200528e-01,-9.886651505843259136e-01,7.113907310879743306e+01
5.972726029380847734e+00,8.744904913352495868e-01,1.237927611277048001e+01,-1.088739075987927851e-01,1.106222404108834767e-01,-9.878811629799640892e-01,7.706732920119722507e+01
6.256318697556188191e+00,9.697349321158355018e-01,1.282509634194447123e+01,-9.214443162295588019e-02,1.352209009285103014e-01,-9.865215211402963424e-01,8.299558529359701708e+01
6.496768672734944516e+00,1.058040301371842684e+00,1.324921096103818208e+01,-1.133979549943526371e-01,1.196816905670596426e-01,-9.863149581883614569e-01,8.892384138599680909e+01
6.690734770980036217e+00,1.140138493842392409e+00,1.365009886307144882e+01,-1.283742121183105434e-01,1.063713671038694214e-01,-9.860046622219678092e-01,9.485209747839660110e+01
6.779527857985149453e+00,1.187663590948890846e+00,1.388210804389875719e+01,-1.341798701794738591e-01,9.917535458190304687e-02,-9.859817500756155040e-01,9.850606453122888695e+01
6.870974742924163436e+00,1.260600734524497168e+00,1.423282723415908713e+01,-1.384226141559986856e-01,8.884761409688714251e-02,-9.863798869398695546e-01,1.044343206236286790e+02
6.894183771950065598e+00,1.304495309556502836e+00,1.443888774406604192e+01,-1.379662267353251315e-01,8.302932357802386698e-02,-9.869505822008479701e-01,1.082055345274155371e+02
6.874166794068616859e+00,1.368875613903629773e+00,1.473525586855262937e+01,-1.325360143609226604e-01,7.497118300410594849e-02,-9.883387711793392150e-01,1.141337906198153291e+02
6.797313417282754955e+00,1.426575392197541037e+00,1.500352006852360986e+01,-1.226780586530696049e-01,6.812200258235819039e-02,-9.901057957053293057e-01,1.200620467122151211e+02
6.663680437234918763e+00,1.474520889903440990e+00,1.524356841446621580e+01,-1.085905664587053926e-01,6.260363292972345728e-02,-9.921133372857044996e-01,1.259903028046149132e+02
6.616160472323183939e+00,1.483145589414826215e+00,1.529649058334853073e+01,-1.039924093037408875e-01,6.159315119361660068e-02,-9.926690599254333058e-01,1.274686595940422080e+02
6.369435217193548660e+00,1.502625567784384275e+00,1.548122029696859592e+01,-8.129737112578272473e-02,5.906709807501655390e-02,-9.949380962517383464e-01,1.333969156864419858e+02
6.284581409735198854e+00,1.503306999737517913e+00,1.552560330670228872e+01,-7.374528359525250876e-02,5.881798926498853913e-02,-9.955410977384507865e-01,1.350646288975429172e+02
5.929549179258525093e+00,1.487396931677610556e+00,1.565714088561001205e+01,-4.283470012562128060e-02,5.961459298487055414e-02,-9.973020047951353106e-01,1.409928849899426950e+02
5.524076729804175301e+00,1.453623030105978708e+00,1.576341970166320472e+01,-2.782888686717230331e-02,4.963143405403884489e-02,-9.983798244202823913e-01,1.469211410823424728e+02
5.071527931360127361e+00,1.400550830948963599e+00,1.584602137187584070e+01,-2.461745937079870290e-03,3.519349498239098678e-02,-9.993774850965303491e-01,1.528493971747422506e+02
4.830164616845643799e+00,1.364016238647811408e+00,1.587535615074108364e+01,1.556535228088887918e-02,3.815645239040869885e-02,-9.991505416849605359e-01,1.557302380939941315e+02
4.291862913647145561e+00,1.266408952768900420e+00,1.591410723479380707e+01,6.029406322576287558e-02,4.608085091816852691e-02,-9.971164330801018938e-01,1.616584941863939093e+02
3.714896392257227564e+00,1.148152132428858385e+00,1.593144347656858351e+01,7.600599674476467282e-02,8.804615454134158414e-02,-9.932124461208272637e-01,1.675867502787936871e+02
3.102805254183818917e+00,1.009033090942267785e+00,1.592782407235694642e+01,1.259399147445089129e-01,9.898018477549411220e-02,-9.870876662667581458e-01,1.735150063711934649e+02
2.459105379697150706e+00,8.487353495137310855e-01,1.590371022280262636e+01,1.775923154215015565e-01,1.113406747574182815e-01,-9.777853668611494742e-01,1.794432624635932427e+02
1.787287206696816177e+00,6.668392022218430082e-01,1.585956508796669873e+01,2.303001833778882401e-01,1.250190206869980780e-01,-9.650554750907197610e-01,1.853715185559930205e+02
1.090814614639076696e+00,4.628222992663901247e-01,1.579585374225025696e+01,2.833405177817087672e-01,1.398882560109894202e-01,-9.487620496275117610e-01,1.912997746483927983e+02
3.731238136253106630e-01,2.360602483966507958e-01,1.571304312917776080e+01,3.359620651160267757e-01,1.558068961712025524e-01,-9.288991882375990938e-01,1.972280307407925761e+02
2.713756480888069866e-01,2.008337138398751109e-01,1.569902919568441213e+01,3.432533697851714027e-01,1.582470414947222681e-01,-9.258158553347917152e-01,1.980488613771923383e+02
-4.792195975023657573e-01,-8.043400331706140882e-02,1.557941037216880353e+01,1.476547277712823292e-01,1.735946422337307504e-01,-9.736852579527591756e-01,2.039771174695921161e+02
-1.245626940969201346e+00,-3.811463374753082389e-01,1.544061135336595392e+01,2.067935966269066617e-01,1.962806570726825517e-01,-9.584937725688280619e-01,2.099053735619918939e+02
-2.025831791351246913e+00,-6.974077706100763052e-01,1.528201917708859092e+01,2.656052155966711070e-01,2.192527010161177681e-01,-9.388195367294944749e-01,2.158336296543916717e+02
-2.817717715948608426e+00,-1.025385068314214276e+00,1.510302277338476706e+01,3.233348403264346693e-01,2.419657423238582017e-01,-9.148263007657482238e-01,2.217618857467914495e+02
-3.619067133197286790e+00,-1.361309392666741003e+00,1.490301302446417964e+01,3.792820075976250926e-01,2.639200467801822714e-01,-8.868434854134417122e-01,2.276901418391912273e+02
-4.427562022601999381e+00,-1.701478403645511284e+00,1.468138282448268228e+01,4.328450160290278625e-01,2.846846216209486524e-01,-8.553361083874384541e-01,2.336183979315910051e+02
-5.240784651662633742e+00,-2.042258348812534319e+00,1.443752713918058284e+01,4.835522995880174313e-01,3.039128833075377401e-01,-8.208618232826029315e-01,2.395466540239907829e+02
-6.056218319729432586e+00,-2.380086141001479305e+00,1.417084306537031324e+01,5.310774727038725107e-01,3.213490000206108976e-01,-7.840226643230544523e-01,2.454749101163905607e+02
-6.871248118721019260e+00,-2.711471423737831454e+00,1.388072989026888848e+01,5.752383576098621942e-01,3.368253190065071401e-01,-7.454190341079793836e-01,2.514031662087903385e+02
-7.683161710637179453e+00,-3.032998624123012910e+00,1.356658915067086113e+01,6.159831124232142407e-01,3.502527902913201707e-01,-7.056116411331054827e-01,2.573314223011901163e+02
-8.489150121795127291e+00,-3.341328992915050922e+00,1.322782469195788657e+01,6.533680370720400532e-01,3.616070260452257101e-01,-6.650944044625218821e-01,2.632596783935899225e+02
-9.183626153300387784e+00,-3.596405557202511094e+00,1.291067913403913003e+01,6.833298379707396508e-01,3.698460348174262835e-01,-6.295031716113190789e-01,2.684259551546155080e+02
-9.968925578619664662e+00,-3.870465941106304264e+00,1.252145258270112116e+01,7.148811944871258373e-01,3.774334143225596128e-01,-5.886330737577317729e-01,2.743542112470153143e+02
-1.074081726665438907e+01,-4.122053041907145499e+00,1.210752994282807471e+01,7.436005213024163840e-01,3.830485544459985570e-01,-5.480256104011977936e-01,2.802824673394151205e+02
-1.149724738065518714e+01,-4.347955894096688922e+00,1.166995043120403786e+01,7.630417057939514747e-01,3.827516240620491561e-01,-5.208344741824608715e-01,2.862107234318149267e+02
-1.223606494097142594e+01,-4.545018790389224073e+00,1.120975554128362184e+01,7.874837622200326903e-01,3.849090725993141171e-01,-4.813671468541645404e-01,2.921389795242147329e+02
-1.295502238808855111e+01,-4.710143337509346217e+00,1.072798894273555881e+01,8.097574057443469586e-01,3.852067235048154403e-01,-4.426157746950165617e-01,2.980672356166145391e+02
-1.365177616263722804e+01,-4.840290502704515774e+00,1.022569638082783605e+01,8.300782437561328164e-01,3.836905556156031682e-01,-4.046624108737104097e-01,3.039954917090143454e+02
-1.432388730232298180e+01,-4.932482650711548011e+00,9.703925575661772385e+00,8.486484107304114177e-01,3.803997415773798241e-01,-3.675485159439630944e-01,3.099237478014141516e+02
-1.496882205572361535e+01,-4.983805570906356230e+00,9.163726121262202540e+00,8.656530056130097295e-01,3.753631978773903088e-01,-3.312813661412628563e-01,3.158520038938139578e+02
-1.558395251290134986e+01,-4.991410494367762851e+00,8.606149384530146662e+00,8.812576931518760759e-01,3.685968595465043407e-01,-2.958398779628744202e-01,3.217802599862137640e+02
-1.616655725277319533e+01,-4.952516100587330605e+00,8.032248404066045566e+00,8.956071056837274780e-01,3.601014820835133912e-01,-2.611796983880519951e-01,3.277085160786135702e+02
-1.671382200718132438e+01,-4.864410513557631432e+00,7.443077788872209943e+00,9.088237102101941467e-01,3.498607921323432235e-01,-2.272375186634160993e-01,3.336367721710133765e+02
-1.717519623388530903e+01,-4.738964731585071810e+00,6.897010404089703783e+00,9.199060170049655483e-01,3.390295947894637618e-01,-1.970579958665775178e-01,3.390038640255671680e+02
-1.764609440481197211e+01,-4.550539018923282164e+00,6.281576830061027295e+00,9.312035348854920125e-01,3.253931673703851502e-01,-1.642536551965677327e-01,3.449321201179669742e+02
-1.807786472902911967e+01,-4.313644736489729681e+00,5.655881293380123687e+00,9.414899204434373781e-01,3.101381535255571809e-01,-1.319509584321686135e-01,3.508603762103667805e+02
-1.847010817790438608e+01,-4.030041312032378364e+00,5.021999283192063679e+00,9.507561051661170826e-01,2.933284846505231913e-01,-1.001060866380410197e-01,3.567886323027665867e+02
-1.882245577084527000e+01,-3.701490632308969353e+00,4.382007073005571129e+00,9.589822739560739384e-01,2.750179808085968514e-01,-6.868848862800763788e-02,3.627168883951663929e+02
-1.913456854126663131e+01,-3.329756466910614776e+00,3.737981519861629742e+00,9.661398016718911741e-01,2.552530022083470684e-01,-3.768008079906874641e-02,3.686451444875661991e+02
-1.940613749835866741e+01,-2.916603892738721449e+00,3.091999863459217401e+00,9.721928873693741480e-01,2.340746485687872358e-01,-7.074506752977007505e-03,3.745734005799660054e+02
-1.963688358466027140e+01,-2.463798719202101140e+00,2.446139525253339553e+00,9.773291320604210464e-01,2.115697830038300586e-01,8.123702710975868463e-03,3.805016566723658116e+02
-1.982655762944257916e+01,-1.973106914200249973e+00,1.802477907539926871e+00,9.814807668610550095e-01,1.877535900473769337e-01,3.800123295574641541e-02,3.864299127647656178e+02
-1.997494029790739845e+01,-1.446294030958732879e+00,1.163092192542795500e+00,9.843828876359727031e-01,1.626083855173100501e-01,6.744511464085133079e-02,3.923581688571654240e+02
-2.008207815071520130e+01,-8.855888325975006525e-01,5.296784286429910837e-01,9.859780000482489815e-01,1.361883810187474730e-01,9.643706909869985411e-02,3.982864249495652302e+02
-2.011839751666551734e+01,-5.674038249260033862e-01,1.926685942144236996e-01,9.862911403805453281e-01,1.213419248185979016e-01,1.118298872759930368e-01,4.014750457307378042e+02
-2.014690606372781545e+01,5.219375458383195693e-02,-4.266277614576722277e-01,9.857947229428699609e-01,9.262737720633762439e-02,1.401032947859006950e-01,4.074033018231376104e+02
-2.013593011278761225e+01,6.968039621254190630e-01,-1.038168722506633834e+00,9.857539463711305627e-01,1.538663063455947833e-01,6.792876404959712067e-02,4.133315579155374166e+02
-2.008646978319368515e+01,1.362886094392997460e+00,-1.641402936492321052e+00,9.876498077252792163e-01,1.237775607428766994e-01,9.605713277400255989e-02,4.192598140079372229e+02
-1.999960575394677065e+01,2.046932745691003586e+00,-2.235779858012873156e+00,9.879473031457021159e-01,9.261117786113035044e-02,1.240294156331808451e-01,4.251880701003370291e+02
-1.987649887894449208e+01,2.745471445801285881e+00,-2.820749800924179151e+00,9.865567484988884139e-01,6.049577921113808571e-02,1.518092312375572961e-01,4.311163261927368353e+02
-1.971838978932491671e+01,3.455066291448853466e+00,-3.395763990496809104e+00,9.833992651054648260e-01,2.757658200234873111e-02,1.793471982359899630e-01,4.370445822851366415e+02
-1.952659848294612388e+01,4.172319571160194585e+00,-3.960274615506360174e+00,9.784270786297154521e-01,-1.643761628663040339e-03,2.065859381754452662e-01,4.429728383775364478e+02
-1.930252390103834514e+01,4.893873383310768155e+00,-4.513734880253257309e+00,9.717066688797759699e-01,-3.565961996225797126e-02,2.334834922616941810e-01,4.489010944699362540e+02
-1.904764349206624985e+01,5.616411247158292319e+00,-5.055599056508377487e+00,9.630871112650436494e-01,-6.996194924046642005e-02,2.599394963710358053e-01,4.548293505623360602e+02
-1.876351276284137626e+01,6.336659706657690627e+00,-5.585322535381174625e+00,9.525692126057846432e-01,-1.043499263239838493e-01,2.858723282722108738e-01,4.607576066547358664e+02
-1.845176481692488935e+01,7.051389926855239132e+00,-6.102361879106523723e+00,9.401813320938281482e-01,-1.386151714941581958e-01,3.111991275918359334e-01,4.666858627471356726e+02
-1.811410988036178438e+01,7.757419282660263704e+00,-6.606174872745972593e+00,9.259806149831250055e-01,-1.725458304814022348e-01,3.358390046718173205e-01,4.726141188395354789e+02
-1.775233481478878517e+01,8.451612939793413659e+00,-7.096220575799763175e+00,9.100531048813198520e-01,-2.059310235977163395e-01,3.597162212298275485e-01,4.785423749319352851e+02
-1.736830261795914154e+01,9.130885427710849100e+00,-7.571959373726190101e+00,8.925126941366672284e-01,-2.385653927865704349e-01,3.827631698184887354e-01,4.844706310243350913e+02
-1.724625697477017638e+01,9.332239308410143153e+00,-7.711843840742917067e+00,8.869175195379339627e-01,-2.482508769545437033e-01,3.895495034369552134e-01,4.862690340578279233e+02
-1.682700082883270909e+01,9.978469194700975820e+00,-8.157988810546534353e+00,8.676577096099398201e-01,-2.793819755336901522e-01,4.112369276965847642e-01,4.921972901502277296e+02
-1.639035783992436279e+01,1.060299053992108931e+01,-8.588275487128303354e+00,8.471424227091269854e-01,-3.093876201583413144e-01,4.320058056777349997e-01,4.981255462426275358e+02
-1.593892986276624057e+01,1.120364971159707146e+01,-9.001226462986338106e+00,8.255650603163013912e-01,-3.381393460071585033e-01,4.517788329114068024e-01,5.040538023350273420e+02
-1.547553591702170195e+01,1.177861419104041296e+01,-9.395051645400670282e+00,8.031395178801689072e-01,-3.655382943812248708e-01,4.704770665612456604e-01,5.099820584274271482e+02
-1.500304017085029429e+01,1.232612672978095603e+01,-9.767962784124154751e+00,7.800912618096654816e-01,-3.915061957389071035e-01,4.880374185923171404e-01,5.159103145198268976e+02
-1.452435117746763638e+01,1.284450627856294602e+01,-1.011817364471440328e+01,8.117372620994263155e-01,-2.268809503431293284e-01,5.381520711571459170e-01,5.218385706122267038e+02
-1.404242110425331447e+01,1.333214890387975693e+01,-1.044390018171954004e+01,7.921730569985608872e-01,-2.512922997136316505e-01,5.561600739626939571e-01,5.277668267046265100e+02
-1.363098420110804376e+01,1.372136876660696458e+01,-1.069963392047920259e+01,7.752766791098355537e-01,-2.709780045832864137e-01,5.705409642264837045e-01,5.328277162121719357e+02
-1.315184006106801640e+01,1.414423991122029811e+01,-1.097138489575734610e+01,7.554787321077448548e-01,-2.926307280615401685e-01,5.861903635569654103e-01,5.387559723045717419e+02
-1.267816566165905989e+01,1.453224113244948512e+01,-1.121357427880517399e+01,7.358313383800347829e-01,-3.128036166116956451e-01,6.005881607994699722e-01,5.446842283969715481e+02
-1.221307385866709794e+01,1.488407476263220808e+01,-1.142442826545503820e+01,7.165790891548468045e-01,-3.314622447657257220e-01,6.137158864498102329e-01,5.506124844893713544e+02
-1.175971727413242540e+01,1.519852451699388141e+01,-1.160217607860287536e+01,6.979668903825244630e-01,-3.485857952715787356e-01,6.255638762465670633e-01,5.565407405817711606e+02
-1.132125123515391785e+01,1.547429058720141448e+01,-1.174519926123741165e+01,6.802367856809325986e-01,-3.641563357898076059e-01,6.361352674633075077e-01,5.624689966741709668e+02
-1.090080287340571452e+01,1.570982340805723432e+01,-1.185218095470338717e+01,6.609849573835990810e-01,-2.349092124373668711e-01,7.126826418713014810e-01,5.683972527665707730e+02
-1.050151581492272612e+01,1.590348840370420902e+01,-1.192195690572725297e+01,6.464216740347135115e-01,-2.465475542023566891e-01,7.220480059213475466e-01,5.743255088589705792e+02
-1.012658871267803740e+01,1.605373222090109309e+01,-1.195336645865595315e+01,6.333264256493785771e-01,-2.563794254713760434e-01,7.301830104632325291e-01,5.802537649513703855e+02
-9.779274442303233172e+00,1.615908390507309988e+01,-1.194525266839669619e+01,6.219458940367755817e-01,-2.643325213553011088e-01,7.370967528382859069e-01,5.861820210437701917e+02
-9.462879287968055664e+00,1.621815606324389236e+01,-1.189646241308723340e+01,6.125327246828221606e-01,-2.703256919436938799e-01,7.427837380205635220e-01,5.921102771361699979e+02
-9.180762118490715551e+00,1.622964601369259796e+01,-1.180584650648841816e+01,6.053476563060763427e-01,-2.742637373741838580e-01,7.472172491091764179e-01,5.980385332285698041e+02
-8.936333553751117265e+00,1.619233692218062970e+01,-1.167225981008986935e+01,6.006614956187183996e-01,-2.760316641025856721e-01,7.503414476715528636e-01,6.039667893209696103e+02
-8.842094517408293441e+00,1.615256330724889722e+01,-1.159043555803319769e+01,6.181758675497650568e-01,-2.602784069901227237e-01,7.416965333839569130e-01,6.067012697720513188e+02
-8.679156029576589049e+00,1.601773542922311933e+01,-1.136934373557091860e+01,6.007171948434902875e-01,-2.729982035080806280e-01,7.514059040896131636e-01,6.126295258644511250e+02
-8.557128486482334040e+00,1.583573975522598687e+01,-1.110623264992250903e+01,6.046007735637340952e-01,-2.677805154237299368e-01,7.501676480397804214e-01,6.185577819568509312e+02
-8.473760515524537240e+00,1.560948527846517919e+01,-1.080372346880225187e+01,6.113669477372746242e-01,-2.601319220922426179e-01,7.473699474309920543e-01,6.244860380492507375e+02
-8.426738759932373313e+00,1.534180884530689681e+01,-1.046444117296139176e+01,6.209456435636935279e-01,-2.500024389881225773e-01,7.429167438140430457e-01,6.304142941416505437e+02
-8.413688697795100424e+00,1.503547391234950403e+01,-1.009101430109879693e+01,6.332401517803332158e-01,-2.373206419025954139e-01,7.366721272724798819e-01,6.363425502340503499e+02
-8.432175470743908718e+00,1.469316931698003970e+01,-9.686074694512257111e+00,6.516082802470566371e-01,-3.946374676488623723e-01,6.478178125377277441e-01,6.422708063264501561e+02
-8.479704722210199108e+00,1.431750806156713907e+01,-9.252257241508878849e+00,6.702141115811999228e-01,-3.811214283504212874e-01,6.368355372382710211e-01,6.481990624188499623e+02
-8.553723445184385099e+00,1.391102611144199130e+01,-8.792199621593326242e+00,6.913257011788187523e-01,-3.649629286052341048e-01,6.235950894879669359e-01,6.541273185112497686e+02
-8.651620839398814766e+00,1.347618120681750220e+01,-8.308542049452604772e+00,7.146881933605722104e-01,-3.459957487084452388e-01,6.078714733779533308e-01,6.600555746036495748e+02
-8.770729177857404579e+00,1.301535168879505910e+01,-7.803927018755920209e+00,7.399643841716134762e-01,-3.240619678947225246e-01,5.894374870346512640e-01,6.659838306960493810e+02
-8.908324682633564251e+00,1.253083533960663587e+01,-7.280999045788255408e+00,7.667228856272476634e-01,-2.990300572849780014e-01,5.680818968208450892e-01,6.719120867884491872e+02
-9.061628409857449995e+00,1.202484823723902174e+01,-6.742404412936666702e+00,7.944318867215564017e-01,-2.708164446058463071e-01,5.436326247486227281e-01,6.778403428808489934e+02
-9.227807143813725688e+00,1.149952362458672184e+01,-6.190790912047225092e+00,8.224620612622665083e-01,-2.394090496966911896e-01,5.159839771810275089e-01,6.837685989732487997e+02
-9.403974300069204872e+00,1.095691079327746920e+01,-5.628807587671255774e+00,8.501019867996711943e-01,-2.048899915528243354e-01,4.851254511986926587e-01,6.896968550656486059e+02
-9.587324254528210687e+00,1.039914375615004971e+01,-5.059022437236420977e+00,7.944393496133319577e-01,-4.563553509843461531e-01,4.007566760690334795e-01,6.956251111580484121e+02
-9.762153856643033478e+00,9.867508247602067684e+00,-4.523145676424014994e+00,8.252157014357789366e-01,-4.269411063803270623e-01,3.697841773069766025e-01,7.011479532347022996e+02
-9.951694302736001418e+00,9.286352764437472374e+00,-3.944746410440889584e+00,8.573629564950984161e-01,-3.918796914956766408e-01,3.337050617285227672e-01,7.070762093271021058e+02
-1.014088625092206186e+01,8.697167572650299050e+00,-3.365437649991951385e+00,8.877607512929781564e-01,-3.534074040902767666e-01,2.949305938655718551e-01,7.130044654195019120e+02
-1.032706787980159113e+01,8.102295739892655391e+00,-2.787542893654847198e+00,9.155859088540893032e-01,-3.118651435768669544e-01,2.538554228879330021e-01,7.189327215119017183e+02
-1.050751011975275162e+01,7.504003578282901543e+00,-2.213385494223740757e+00,9.400990179232884270e-01,-2.677459505917321736e-01,2.110117116214124955e-01,7.248609776043015245e+02
-1.067941747287059684e+01,6.904479228768460430e+00,-1.645288433666454386e+00,9.607088079180827744e-01,-2.216680032164552450e-01,1.670385666205443376e-01,7.307892336967013307e+02
-1.083992884454698036e+01,6.305831258945818085e+00,-1.085574098108646135e+00,9.770209854169230601e-01,-1.743288223316079022e-01,1.226354588176651883e-01,7.367174897891011369e+02
-1.098611838661684814e+01,5.710087274522991585e+00,-5.365640528618406124e-01,9.888617350633087666e-01,-1.264479359666334235e-01,7.850725073113073993e-02,7.426457458815009431e+02
-1.111499635199410285e+01,5.119192544610581486e+00,-5.788175116941028046e-04,9.962721426725067442e-01,-7.870817334452988312e-02,3.531063838986486098e-02,7.485740019739007494e+02
-1.122350996072391816e+01,4.535008641021137876e+00,5.200623589174285799e-01,9.994929615681426016e-01,-3.170603924568739934e-02,2.923499802339938822e-03,7.545022580663005556e+02
-1.130854427737482304e+01,3.959312091758230956e+00,1.023041722705217538e+00,9.992953555593283577e-01,6.771666801162846971e-03,-3.691797511090631756e-02,7.604305141587003618e+02
-1.136692309968602110e+01,3.393793048882707275e+00,1.506043240068710931e+00,9.959049093224823235e-01,5.113280158630280348e-02,-7.455768363699376289e-02,7.663587702511001680e+02
-1.139540985839059495e+01,2.840053970934937944e+00,1.966752821669875750e+00,9.968297442346488735e-01,-6.078534301516563126e-02,5.133812504964726381e-02,7.722870263434999742e+02
-1.139070852813804358e+01,2.299608320087725755e+00,2.402858546981976318e+00,9.996844556513637681e-01,-1.837732799272445011e-02,1.712492174826391392e-02,7.782152824358997805e+02
-1.134946454943548666e+01,1.773879274207961210e+00,2.812050888497315881e+00,9.996798242284067326e-01,2.314309404060228142e-02,1.022967393857891587e-02,7.841435385282995867e+02
-1.126826576152496173e+01,1.264198454003486960e+00,3.192022935758946023e+00,9.977677706523275791e-01,6.374154685201241510e-02,-1.991208307528719718e-02,7.900717946206993929e+02
-1.114364334611347296e+01,7.718046654292007869e-01,3.540470619201118385e+00,9.934826076989886623e-01,1.034462442140475918e-01,-4.786630085587489924e-02,7.960000507130991991e+02
-1.107544718250085580e+01,5.857676519726062736e-01,3.664233172436560437e+00,9.912387837883700481e-01,1.186944134322337752e-01,-5.794229658661225607e-02,7.983290721049849026e+02
-1.085035783404998888e+01,1.316658146227752402e-01,3.944233759781832216e+00,9.842688247909217036e-01,1.568595873627335879e-01,-8.130160144235235031e-02,8.042573281973847088e+02
-1.057400529501011377e+01,-3.029433650580178328e-01,4.188131548407276306e+00,9.754698814915566674e-01,1.948110779948757643e-01,-1.025044106042401759e-01,8.101855842897845150e+02
-1.024531319952965980e+01,-7.168074842749525555e-01,4.396397194540836217e+00,9.648790851743447305e-01,2.328032722221219930e-01,-1.217004003107315241e-01,8.161138403821843212e+02
-9.864002851249619397e+00,-1.108589688915783578e+00,4.570425651148187995e+00,9.524441845461074641e-01,2.711119550403252587e-01,-1.390984656943164977e-01,8.220420964745841275e+02
-9.430678012419901890e+00,-1.477496198297893804e+00,4.711650534757198194e+00,9.380119226938716803e-01,3.100720458114096800e-01,-1.548836960124371498e-01,8.279703525669839337e+02
-8.969607709376687055e+00,-1.807866585506882284e+00,4.816560848776910930e+00,9.221396457207894359e-01,3.482163655055232065e-01,-1.685343780481034226e-01,8.336286074248376963e+02
-8.440090923340989093e+00,-2.131940855828197812e+00,4.896679535907614955e+00,9.029380629293235483e-01,3.895925992496662160e-01,-1.814399656176389208e-01,8.395568635172375025e+02
-7.867605888201724795e+00,-2.434727174336569266e+00,4.948526224929140405e+00,8.805830416514074388e-01,4.328124682818176305e-01,-1.929944922938380547e-01,8.454851196096373087e+02
-7.255527361882838200e+00,-2.716742803047405452e+00,4.973652339937285838e+00,8.544120976387099553e-01,4.782225221547743432e-01,-2.031826437286065878e-01,8.514133757020371149e+02
-6.607223099787297826e+00,-2.978405612123711244e+00,4.973611897268042981e+00,8.356275606973513348e-01,5.037379123656758884e-01,-2.190312659153139940e-01,8.573416317944369212e+02
-5.926052778529944831e+00,-3.220034294511604500e+00,4.949961353999031033e+00,8.009444080756126239e-01,5.540946067425823740e-01,-2.268638841931204242e-01,8.632698878868367274e+02
-5.215366921993303428e+00,-3.441848598129809478e+00,4.904259456273841522e+00,7.595363150001286368e-01,6.073067605727339169e-01,-2.329873060033040844e-01,8.691981439792365336e+02
-4.478505829802668536e+00,-3.643969575574366182e+00,4.838067087460373727e+00,7.099518967831293104e-01,6.631500938249235144e-01,-2.370659345288392006e-01,8.751264000716363398e+02
-3.718798508320025675e+00,-3.826419851298328734e+00,4.752947116153051432e+00,6.505797019044190499e-01,7.209680559929745325e-01,-2.386443246919320860e-01,8.810546561640361460e+02
-2.939561604251438975e+00,-3.989123906224802507e+00,4.650464244029231864e+00,5.797921914830329593e-01,7.794878025585325609e-01,-2.371492786364149674e-01,8.869829122564359523e+02
-2.144098340961658078e+00,-4.131908379750301563e+00,4.532184853571477490e+00,4.962246117114090804e-01,8.366433080505829567e-01,-2.319247934698630831e-01,8.929111683488357585e+02
-1.335697457593252757e+00,-4.254502389093655523e+00,4.399676855669210518e+00,3.992125735668092257e-01,8.894956164163355661e-01,-2.223215452498662759e-01,8.988394244412355647e+02
-5.176321510833097328e-01,-4.356537865945122157e+00,4.254509537110489958e+00,5.005900820339072022e-01,8.426078972284526403e-01,-1.985484860116831785e-01,9.047676805336353709e+02
7.614117287186225602e-02,-4.413766980544693297e+00,4.141953853498951510e+00,4.267340018836037197e-01,8.844944676091891500e-01,-1.885938185761703856e-01,9.090349369814099418e+02
9.051045966522281994e-01,-4.470478556481682020e+00,3.975636021633128347e+00,3.102493994302011338e-01,9.353219432349088036e-01,-1.700534405899318813e-01,9.149631930738097481e+02
1.734981954633254109e+00,-4.505725614391851153e+00,3.800646748033111866e+00,1.794532277437038137e-01,9.728718571542730453e-01,-1.460030431517168326e-01,9.208914491662095543e+02
2.562519332846790565e+00,-4.519105682082087405e+00,3.618392839184078724e+00,3.927092308666393916e-02,9.923541789766497923e-01,-1.170084529745631652e-01,9.268197052586093605e+02
3.384474277732264280e+00,-4.510119635831806306e+00,3.430281800540457837e+00,-8.219986239903800951e-02,9.930175791563055077e-01,-8.461247016917733399e-02,9.327479613510091667e+02
4.197616848734841533e+00,-4.478171945892710504e+00,3.237721699789900320e+00,-2.203488475747338582e-01,9.741135398947136093e-01,-5.048957086643440784e-02,9.386762174434089729e+02
4.998730668910364550e+00,-4.422570939164583770e+00,3.042121030076282207e+00,-3.475180008652323238e-01,9.375278842013025082e-01,-1.651379482921807446e-02,9.446044735358087792e+02
5.784613973441627088e+00,-4.342529079014994409e+00,2.844888573190655467e+00,-8.788360745144689623e-02,9.961221800998231179e-01,-4.132052092543303523e-03,9.505327296282085854e+02
6.552080655967363221e+00,-4.237163262210610348e+00,2.647433262742081350e+00,-2.116025794946157224e-01,9.772289349655977064e-01,1.574665098452784559e-02,9.564609857206083916e+02
7.297961312629802855e+00,-4.105495132924377621e+00,2.451164047319665862e+00,-3.277116562452192516e-01,9.436171768704254559e-01,4.681553028753723811e-02,9.623892418130081978e+02
8.019104283748951900e+00,-3.946451413781359108e+00,2.257489753654478459e+00,-4.329440865092478163e-01,8.982131412034866091e-01,7.597743695360154037e-02,9.683174979054080040e+02
8.420380988895228569e+00,-3.836672549852820691e+00,2.147568225569312705e+00,-4.880925378538521486e-01,8.679591646834402541e-01,9.172002471331268392e-02,9.717508864333935890e+02
9.082584171715302190e+00,-3.615567931417165592e+00,1.962761659950843729e+00,-5.734157348991886227e-01,8.109009414697521123e-01,1.167649694621337858e-01,9.776791425257933952e+02
9.712238206181073252e+00,-3.363697030811621858e+00,1.784181957154026499e+00,-6.470229847637459786e-01,7.496856729934285868e-01,1.390418961888945648e-01,9.836073986181932014e+02
1.030626408640551261e+01,-3.079652989956525033e+00,1.613236294004790849e+00,-7.098736151345214074e-01,6.862364882959384182e-01,1.586156759816122197e-01,9.895356547105930076e+02
1.086172019071104167e+01,-2.762104766460192540e+00,1.450941447351402402e+00,-7.632269303642867930e-01,6.217768393554143902e-01,1.757219815728794654e-01,9.954639108029928138e+02
1.137591193978724924e+01,-2.409970796270167526e+00,1.297534043579925189e+00,-8.083542817998046193e-01,5.569440606903034441e-01,1.907266849649457419e-01,1.001392166895392620e+03
1.184626842637204547e+01,-2.022256644898247302e+00,1.152860187741539644e+00,-8.333115239905740657e-01,5.208252249996564442e-01,1.852916322680657202e-01,1.007320422987792426e+03
1.187190703036126393e+01,-1.996255318531135803e+00,1.144578498841098080e+00,-8.355863498985556248e-01,5.168673793749091194e-01,1.861278163019227105e-01,1.007681338591883559e+03
1.224357257163867452e+01,-1.529675542390665610e+00,1.017089043769580980e+00,-8.702315873077760555e-01,4.504479790830857033e-01,1.994833391332531958e-01,1.013609594684283365e+03
1.257038311145998577e+01,-1.027448526225186454e+00,8.979475763050152048e-01,-8.995638380197301665e-01,3.820504605623887273e-01,2.117128879196525093e-01,1.019537850776683172e+03
1.285341720263413556e+01,-4.913616269326115393e-01,7.869319298260085693e-01,-9.237174476986554916e-01,3.115760807283102785e-01,2.228596480636794441e-01,1.025466106869082978e+03
1.309368052175633146e+01,7.677592203262872950e-02,6.838191437112863813e-01,-9.426694757728020235e-01,2.389994568652052398e-01,2.329238482087384321e-01,1.031394362961482784e+03
1.329210569737148084e+01,6.751346069979335951e-01,5.883854853309196109e-01,-9.562795761038220821e-01,1.644024904689503908e-01,2.418701995994987641e-01,1.037322619053882590e+03
1.344955215178086405e+01,1.301866233044444598e+00,5.004064720939203070e-01,-9.643327020110972203e-01,8.800023530087293377e-02,2.496365326208632995e-01,1.043250875146282397e+03
1.356680595650670540e+01,1.955105525391994226e+00,4.196568935507363207e-01,-9.665852918197641586e-01,1.015723878819726859e-02,2.561439129432922512e-01,1.049179131238682203e+03
1.364457970142659526e+01,2.632971732978001356e+00,3.459108335490962416e-01,-9.647599887269914243e-01,-2.607195792888479177e-02,2.618366230328556532e-01,1.055107387331082009e+03
1.368351237758787597e+01,3.333570234012380951e+00,2.789416924414603871e-01,-9.579684038991174155e-01,-1.062490201681606239e-01,2.664726680999071617e-01,1.061035643423481815e+03
1.368416927371184677e+01,4.054994143289478714e+00,2.185222093424117606e-01,-9.447363360098753882e-01,-1.864958337790124099e-01,2.696155770828287945e-01,1.066963899515881621e+03
1.364704188639644755e+01,4.795325921037211003e+00,1.644244844344551482e-01,-9.250601365829387301e-01,-2.659133036265617922e-01,2.712081463738922893e-01,1.072892155608281428e+03
1.357861609125165536e+01,5.485814057267635491e+00,1.206616432784530096e-01,-9.015927899016501490e-01,-3.369242404577285077e-01,2.713162313414766991e-01,1.078297202480309807e+03
1.346598248251095242e+01,6.258314053951847811e+00,7.854213461171866140e-02,-8.700742665674023879e-01,-4.124128893807542662e-01,2.699747753583924825e-01,1.084225458572709613e+03
1.331659370370248752e+01,7.044153783972207705e+00,4.207733061928058127e-02,-8.330674849889124767e-01,-4.843877700508863460e-01,2.671461279513103748e-01,1.090153714665109419e+03
1.313106549312646898e+01,7.841483550708827188e+00,1.122394004002895407e-02,-7.912631069356284019e-01,-5.520644030659412893e-01,2.629212628716480205e-01,1.096081970757509225e+03
1.291076967335754588e+01,8.648624127525948779e+00,-1.368803826056447411e-02,-9.914635700741768476e-01,-5.652858352412109405e-02,1.174925889600038076e-01,1.102010226849909031e+03
1.265742596334202474e+01,9.463950864211188474e+00,-3.214226590825166457e-02,-9.564425033617391936e-01,4.030574097690158702e-02,2.891248605835068930e-01,1.107938482942308838e+03
1.237269003689860547e+01,1.028579309781301809e+01,-4.362303381092425686e-02,-9.550420853456448311e-01,1.412797282684262988e-02,2.961334422223298457e-01,1.113866739034708644e+03
1.205815305467400655e+01,1.111243555609563316e+01,-4.761531237120329024e-02,-9.514010510303919643e-01,-1.429143483726838179e-02,3.076228128545697715e-01,1.119794995127108450e+03
1.171534120808313517e+01,1.194211976851303625e+01,-4.360480164940144093e-02,-9.421834472534517113e-01,-1.091998959030078403e-01,3.168055151924828450e-01,1.125723251219508256e+03
1.134571527527364054e+01,1.277304548451115096e+01,-3.107798147326641322e-02,-9.268414345259449183e-01,-1.755551625549893469e-01,3.318815152221946674e-01,1.131651507311908063e+03
1.095067018915365331e+01,1.360337209896624699e+01,-9.522161490840281087e-03,-8.995551444781691997e-01,-2.785800426697872534e-01,3.364427170692800839e-01,1.137579763404307869e+03
1.053153461752217623e+01,1.443122008456459326e+01,2.157446883733058970e-02,-8.603599444267379104e-01,-3.823792663456101470e-01,3.369968289094328329e-01,1.143508019496707675e+03
1.008957055534034275e+01,1.525467243092818670e+01,6.272279031033939356e-02,-8.094323033410393275e-01,-4.836109224222281400e-01,3.330763006008406468e-01,1.149436275589107481e+03
9.625972929180555582e+00,1.607177609029210430e+01,1.144327041270459255e-01,-7.480172746319329047e-01,-5.788945557843983014e-01,3.245785731304512423e-01,1.155364531681507287e+03
9.141869213888504930e+00,1.688054342953902420e+01,1.772130820978532195e-01,-6.782997768720998577e-01,-6.653490243257370595e-01,3.118013606834476592e-01,1.161292787773907094e+03
8.924240459742534881e+00,1.722235315649806964e+01,2.090831582260395116e-01,-6.463972640085365873e-01,-6.993243715396167959e-01,3.051491446047293055e-01,1.163836026567264980e+03
8.394436824043973289e+00,1.800574220442311457e+01,2.952428599483168936e-01,-5.688123323408051935e-01,-7.706605910337527288e-01,2.872886771255010463e-01,1.169764282659664786e+03
7.846442201570778430e+00,1.877608724209212809e+01,3.937040900203810367e-01,-4.892752253853404620e-01,-8.303020433293936131e-01,2.668487786503024872e-01,1.175692538752064593e+03
7.281150927261543337e+00,1.953129510577578998e+01,5.049714880766407177e-01,-4.102253855059392884e-01,-8.785435601751050427e-01,2.446964363478860427e-01,1.181620794844464399e+03
6.699388341011707659e+00,2.026924453629703748e+01,6.295484448415821221e-01,-3.335178098097875687e-01,-9.163298941280079157e-01,2.215973728793645681e-01,1.187549050936864205e+03
6.102606738337395420e+00,2.098839580130684723e+01,7.679596506777802700e-01,-2.604312216466769803e-01,-9.449423638407972170e-01,1.981401216578455582e-01,1.193477307029264011e+03
5.493604025952725678e+00,2.168837426915236222e+01,9.207736420266425803e-01,-1.918114674257928032e-01,-9.657532618537832958e-01,1.747254937973906908e-01,1.199405563121663818e+03
4.875860856207162364e+00,2.236932411607521942e+01,1.088580147806810228e+00,-1.547124584619909704e-01,-9.786759285174376766e-01,1.351202506553988159e-01,1.205333819214063624e+03
4.252854695997413614e+00,2.303128741284952596e+01,1.271967433713360629e+00,-9.501283874324645273e-02,-9.889976799914390604e-01,1.133849612845582167e-01,1.211262075306463430e+03
3.628058723512171735e+00,2.367420422304152439e+01,1.471522244492692755e+00,-4.039177482993010215e-02,-9.949303659364814312e-01,9.209816210754467880e-02,1.217190331398863236e+03
3.004940726013666907e+00,2.429791271927140883e+01,1.687829746329115865e+00,9.256914693887934725e-03,-9.974117599389139555e-01,7.130280966349245020e-02,1.223118587491263042e+03
2.419144086959633899e+00,2.487020959017932498e+01,1.909199346939629560e+00,1.012947483807155949e-02,-9.985529311620421344e-01,5.281512479582877589e-02,1.228735542240778159e+03
1.809092907170752440e+00,2.545417993899334164e+01,2.160735195007523757e+00,5.271336204597822789e-02,-9.980682481716439680e-01,3.287968146736400948e-02,1.234663798333177965e+03
1.210878343299948812e+00,2.601787553905638717e+01,2.430738703766010200e+00,9.104092482943709763e-02,-9.957585418756229600e-01,1.328443781022800065e-02,1.240592054425577771e+03
6.279361694184915077e-01,2.656073412182164617e+01,2.719788202483134576e+00,1.062041269673005689e-01,-9.943222400087833313e-01,6.630719344756604537e-03,1.246520310517977578e+03
6.350515965438420507e-02,2.708250114451404400e+01,3.027571037152744005e+00,1.376590187445381197e-01,-9.904717824789865954e-01,-3.955081691948436097e-03,1.252448566610377384e+03
-4.796321979123321366e-01,2.758350216455765036e+01,3.352141589079435047e+00,1.656426926956547918e-01,-9.859074072382502107e-01,-2.343251393435461308e-02,1.258376822702777190e+03
-9.990342904484782460e-01,2.806410399604556716e+01,3.690957695477652845e+00,1.904019938091116859e-01,-9.807887691469341362e-01,-4.243195810656414518e-02,1.264305078795176996e+03
-1.045095787670677234e+00,2.810648639679364891e+01,3.723529595096345624e+00,1.925099057861252849e-01,-9.802990580245697361e-01,-4.420059966061763712e-02,1.264854752328270479e+03
-1.518063184147640854e+00,2.854007019522435940e+01,4.085985548951184931e+00,2.133482996447916002e-01,-9.749222970044503223e-01,-6.331680536984241048e-02,1.270783008420670285e+03
-1.962659074557176808e+00,2.895324249754437673e+01,4.457670084573297054e+00,2.315504619352303783e-01,-9.693725048073357220e-01,-8.186165464448846851e-02,1.276711264513070091e+03
-2.376480977461863819e+00,2.934600889825899017e+01,4.836184057765607669e+00,2.472801024973219630e-01,-9.637902228557536644e-01,-9.980459526780589841e-02,1.282639520605469897e+03
-2.757113046488037789e+00,2.971830286818360989e+01,5.219127648214406889e+00,2.606807672908863505e-01,-9.582938572004098265e-01,-1.171256625022692871e-01,1.288567776697869704e+03
-3.102126860833231969e+00,3.006998544459745304e+01,5.604100592455968588e+00,2.718763689272823414e-01,-9.529833628043596905e-01,-1.338131168346745892e-01,1.294496032790269510e+03
-3.409082218616946491e+00,3.040084493433516855e+01,5.988702416876122037e+00,2.809716847864542899e-01,-9.479432768110985785e-01,-1.498614570091266751e-01,1.300424288882669316e+03
-3.675527933003349013e+00,3.071059662986171190e+01,6.370532670725581603e+00,2.880527534436479464e-01,-9.432452110569560233e-01,-1.652697281768542303e-01,1.306352544975069122e+03
-3.899002631024133247e+00,3.099888253837470131e+01,6.747191159133894445e+00,2.931871193918730856e-01,-9.389498872098075433e-01,-1.800400575743773268e-01,1.312280801067468929e+03
-4.077035555029559610e+00,3.126527112397749519e+01,7.116278176105041986e+00,2.964238868878565913e-01,-9.351087748894313378e-01,-1.941763590324064037e-01,1.318209057159868735e+03
-4.207147366695375368e+00,3.150925706296493800e+01,7.475394737477615514e+00,2.977935491261939904e-01,-9.317653727737374991e-01,-2.076831533818837006e-01,1.324137313252268541e+03
-4.286850953513128282e+00,3.173026101226292894e+01,7.822142813832536845e+00,2.973075608498468303e-01,-9.289561537146007186e-01,-2.205644548364258384e-01,1.330065569344668347e+03
-4.313652237691211866e+00,3.192762939106149034e+01,8.154125563331428239e+00,2.949576223881925641e-01,-9.267111758908768149e-01,-2.328226738830496967e-01,1.335993825437068153e+03
-4.288996346209223098e+00,3.207791360959260629e+01,8.427663346881704598e+00,2.912770653820649924e-01,-9.252753249414625847e-01,-2.429469988225476107e-01,1.341142963488977102e+03
-4.204553091697866840e+00,3.222587801130731577e+01,8.723495434826309847e+00,2.851631783521501595e-01,-9.242105780786527003e-01,-2.540015139317522430e-01,1.347071219581376909e+03
-4.065892042775854698e+00,3.234812376922135257e+01,8.998483336997843196e+00,2.772714070768658723e-01,-9.236851553920347735e-01,-2.644358155129662991e-01,1.352999475673776715e+03
-3.876319027333225975e+00,3.244414934115250304e+01,9.251024850463890559e+00,2.677308956525141781e-01,-9.236407843133288553e-01,-2.742405314065758382e-01,1.358927731766176521e+03
-3.639127984917881253e+00,3.251354055082752836e+01,9.479519938361169906e+00,2.566491215918965674e-01,-9.240224321743982783e-01,-2.833968475911779472e-01,1.364855987858576327e+03
-3.357600086910654813e+00,3.255597026345849088e+01,9.682370885221612156e+00,2.669253178885800382e-01,-9.251759813573895430e-01,-2.698152667835377883e-01,1.370784243950976133e+03
-3.035002859998008340e+00,3.257119804705369148e+01,9.857982452129729012e+00,2.531432102403657902e-01,-9.267123201295092150e-01,-2.777099040894728255e-01,1.376712500043375940e+03
-2.674589313020073522e+00,3.255906981951758894e+01,1.000476203169994527e+01,2.380696063826909792e-01,-9.285474446023510575e-01,-2.848201285710583730e-01,1.382640756135775746e+03
-2.279597067271053490e+00,3.251951748159559230e+01,1.012111980286171331e+01,2.217520072495931804e-01,-9.306411479280719545e-01,-2.910895069628873233e-01,1.388569012228175552e+03
-1.853247490328964409e+00,3.245255853572025018e+01,1.020546888544117792e+01,2.042289266678469772e-01,-9.329562524364968246e-01,-2.964509682084827125e-01,1.394497268320575358e+03
-1.398744833491762263e+00,3.235829569081599288e+01,1.025622549452845078e+01,1.855311743358369903e-01,-9.354581169380826733e-01,-3.008260208230357224e-01,1.400425524412975165e+03
-9.192753728960141313e-01,3.223691645312128173e+01,1.027180909461924152e+01,1.656829427581677783e-01,-9.381140199033850546e-01,-3.041237382048712634e-01,1.406353780505374971e+03
-6.190800263672536774e-01,3.214907144253095339e+01,1.025930581194451108e+01,1.531712339614869078e-01,-9.398249664399768166e-01,-3.053974550365670115e-01,1.409899001129073667e+03
-9.713961741751558909e-02,3.197689019992458626e+01,1.020064895502189373e+01,1.311792509483032387e-01,-9.428655403046517502e-01,-3.062622683692186043e-01,1.415827257221473474e+03
4.414679314870556537e-01,3.177834614174152250e+01,1.010273004585268275e+01,1.080420446566059817e-01,-9.459688342917536019e-01,-3.057284434512444471e-01,1.421755513313873280e+03
9.936276250791187259e-01,3.155392984138541834e+01,9.963982230822717057e+00,8.376354415013023691e-02,-9.490972948121488839e-01,-3.036412252176407534e-01,1.427683769406273086e+03
1.556023312492995858e+00,3.130359580152016719e+01,9.783042586925947859e+00,5.835769106599646844e-02,-9.522024793997351244e-01,-2.998413215659957443e-01,1.433612025498672892e+03
2.124892434266334451e+00,3.102615159071930862e+01,9.558952230671263095e+00,3.186046489124880893e-02,-9.552186647080892490e-01,-2.941805795259235246e-01,1.439540281591072699e+03
2.696215422203715573e+00,3.071988939059568580e+01,9.290956436197705059e+00,4.317202102626814184e-03,-9.580693719377458839e-01,-2.865038225239202596e-01,1.445468537683472505e+03
3.265928278462205014e+00,3.038320978669802130e+01,8.978304733596685239e+00,-1.825499130563261810e-02,-9.607934910044771959e-01,-2.766633747641001895e-01,1.451396793775872311e+03
3.830615470655632127e+00,3.001497103153339552e+01,8.621126281615802966e+00,-4.767627890534893026e-02,-9.632182996149719623e-01,-2.644569524829727403e-01,1.457325049868272117e+03
3.923693415549842634e+00,2.994898757514899046e+01,8.554589326806743443e+00,-5.266576331445705500e-02,-9.636115246186477412e-01,-2.620670658374126272e-01,1.458310625596646105e+03
4.477845116573964113e+00,2.952345363230003983e+01,8.112933611039592208e+00,-8.333765353614226712e-02,-9.658268612891022231e-01,-2.454247532657031494e-01,1.464238881689045911e+03
5.023022120087021314e+00,2.906607440785519714e+01,7.631860395448426537e+00,-1.152410211949470298e-01,-9.672943344315192427e-01,-2.259672047236715442e-01,1.470167137781445717e+03
5.557844060663471808e+00,2.857692667625623884e+01,7.114139378104762379e+00,-1.484584310787596118e-01,-9.677508978696808262e-01,-2.035148493699168448e-01,1.476095393873845524e+03
6.080928996656083996e+00,2.805612068741520915e+01,6.562543810341956885e+00,-1.715188767239218537e-01,-9.656514409032337376e-01,-1.951885488671725177e-01,1.482023649966245330e+03
6.590893725380092327e+00,2.750380020527241243e+01,5.979850227727256495e+00,-1.883755185682559896e-01,-9.657485926211132332e-01,-1.784497684349287405e-01,1.487951906058645136e+03
7.086354098680041069e+00,2.692014254125906447e+01,5.368838180794205606e+00,-2.253668138303321911e-01,-9.631213002300482717e-01,-1.469937422720622722e-01,1.493880162151044942e+03
7.565925338851772430e+00,2.630535858265822569e+01,4.732289965555078304e+00,-2.639159713433998911e-01,-9.580638834976534790e-01,-1.116331277321590959e-01,1.499808418243444748e+03
8.028222354892312396e+00,2.565969281585833528e+01,4.072990353812890874e+00,-3.039507746603021254e-01,-9.499537990886514072e-01,-7.212285477184278426e-02,1.505736674335844555e+03
8.471860059050145608e+00,2.498342334449457880e+01,3.393726323292536318e+00,-3.453044547876728543e-01,-9.380651746850831030e-01,-2.825883130691209458e-02,1.511664930428244361e+03
8.895453683647758680e+00,2.427686190247347753e+01,2.697286787611012038e+00,-3.877515765405546433e-01,-9.217321883446409903e-01,7.647735593872113068e-03,1.517593186520644167e+03
9.297619098148746986e+00,2.354035386187625889e+01,1.986462326106464671e+00,-4.310092811034333393e-01,-9.003446424873930987e-01,6.008763888646195123e-02,1.523521442613043973e+03
9.676973126442248940e+00,2.277427823573684407e+01,1.264044913545582238e+00,-4.743097958408875603e-01,-8.725596839958924544e-01,1.169179859318650455e-01,1.529449698705443780e+03
1.003213386431723997e+01,2.197904767569077222e+01,5.328276497292241398e-01,-5.168138922960658910e-01,-8.374430439887062816e-01,1.777429289865570805e-01,1.535377954797843586e+03
1.036206039402207502e+01,2.115524531680194187e+01,-2.043564700694899816e-01,-5.574832775791486172e-01,-7.941784930905174678e-01,2.418530883244719709e-01,1.541306210890243392e+03
1.054500217597742662e+01,2.064728191680582370e+01,-6.465409961058354860e-01,-5.804014160105825937e-01,-7.641756407460259526e-01,2.813712607629135776e-01,1.544846043158940574e+03
1.082778608174707280e+01,1.977050964473663797e+01,-1.388081789603239136e+00,-6.156288109146832443e-01,-7.066813370936299021e-01,3.487157222944393120e-01,1.550774299251340381e+03
1.108485827904906884e+01,1.886775294824841609e+01,-2.127964625499834117e+00,-6.457826343219966736e-01,-6.403083580432237243e-01,4.158966167548528992e-01,1.556702555343740187e+03
1.131624596224036949e+01,1.794002222002409752e+01,-2.863238580749162931e+00,-6.696790614284394705e-01,-5.658027498683204648e-01,4.810376315069032627e-01,1.562630811436139993e+03
1.152199357997501217e+01,1.698832248317056681e+01,-3.590953176394666713e+00,-6.864368048485521845e-01,-4.845430169372429985e-01,5.422384878323055490e-01,1.568559067528539799e+03
1.170216274721929572e+01,1.601365305418068630e+01,-4.308158663352330997e+00,-6.956192086336441260e-01,-3.984254525451511042e-01,5.978052152198859437e-01,1.574487323620939605e+03
1.185683215474358754e+01,1.501700720738360673e+01,-5.011906308140264166e+00,-7.114278916237274375e-01,-3.339852607033486076e-01,6.183237021599077288e-01,1.580415579713339412e+03
1.198609747609975962e+01,1.399937184092278564e+01,-5.699248678534103441e+00,-7.081836383975710358e-01,-2.449102202192720845e-01,6.621894882419426809e-01,1.586343835805739218e+03
1.209007127209351928e+01,1.296172714430121076e+01,-6.367239929127531894e+00,-7.058097295983914998e-01,-3.854282415858865662e-01,5.943716818559384718e-01,1.592272091898139024e+03
1.216888289276100821e+01,1.190504626753329021e+01,-7.012936086777228795e+00,-7.068590260765773570e-01,-2.995678494133128811e-01,6.407881247744493525e-01,1.598200347990538830e+03
1.222281328700705672e+01,1.083063729981483903e+01,-7.633952259946214625e+00,-7.015231437095327260e-01,-2.122271300681232153e-01,6.803123724458803867e-01,1.604128604082938637e+03
1.225244256338285531e+01,9.740480153088277859e+00,-8.229019793616966894e+00,-6.903507775809891722e-01,-1.252549646185716348e-01,7.125496458014163315e-01,1.610056860175338443e+03
1.225853403705870548e+01,8.636875964443005316e+00,-8.797429467414911386e+00,-6.741224887005339284e-01,-4.032329180194900442e-02,7.375180691796326959e-01,1.615985116267738249e+03
1.225808915486083173e+01,8.588671063143284101e+00,-8.820829735479888356e+00,-6.733342645880131538e-01,-3.670454265432532975e-02,7.384265330283414919e-01,1.616241338049316255e+03
1.223180247776448404e+01,7.462811012666566768e+00,-9.334890533703514848e+00,-6.535600798046088400e-01,3.803879593358170524e-02,7.559181649422883620e-01,1.622169594141716061e+03
1.218355732688400650e+01,6.328250215027788173e+00,-9.820853750881504141e+00,-6.306263980900367327e-01,1.163259308180884105e-01,7.673191147438540582e-01,1.628097850234115867e+03
1.211428217706380828e+01,5.187213372522752941e+00,-1.027801947907667923e+01,-4.678007620786207021e-01,-1.990786978722498823e-01,8.611214310723843690e-01,1.634026106326515674e+03
1.202495904806096050e+01,4.041897132178362995e+00,-1.070569059340162710e+01,-4.570898452797548805e-01,-1.199103053845770872e-01,8.813003982778557788e-01,1.639954362418915480e+03
1.191662319670178682e+01,2.894468981173245581e+00,-1.110317281886984730e+01,-4.434627453645362261e-01,-4.199726242231675843e-02,8.953083398599498421e-01,1.645882618511315286e+03
1.179036280018321214e+01,1.747066147351997722e+00,-1.146977479703881997e+01,-4.274639957927998113e-01,2.877227465744273960e-02,9.035743956708213176e-01,1.651810874603715092e+03
1.164731863054702465e+01,6.017945049739338303e-01,-1.180480815244064452e+01,-4.096158613399618620e-01,1.014168649237958270e-01,9.066032570246753686e-01,1.657739130696114898e+03
1.148868372035568619e+01,-5.392725141622879415e-01,-1.210758755879515292e+01,-3.903298853182519679e-01,1.703873536813323708e-01,9.047710927814353044e-01,1.663667386788514705e+03
1.131570301959956204e+01,-1.674095004078087978e+00,-1.237743080500060699e+01,-3.700834972230639952e-01,2.352878360917868283e-01,8.987089847500084883e-01,1.669595642880914511e+03
1.112967304386621770e+01,-2.800667662319056284e+00,-1.261365886089728860e+01,-3.493024271488995303e-01,2.959197707954132617e-01,8.890552871673830237e-01,1.675523898973314317e+03
1.093194151380269119e+01,-3.917020861864409564e+00,-1.281559594279969794e+01,-3.283503839906062871e-01,3.522477035584257732e-01,8.764174694008768363e-01,1.681452155065714123e+03
1.072390698590302982e+01,-5.021221717103706794e+00,-1.298256957879259232e+01,-3.075267370584566784e-01,4.043615485074577021e-01,8.613472262002297430e-01,1.687380411158113930e+03
1.050701847465456851e+01,-6.111375143743335236e+00,-1.311391067378536945e+01,-2.870698281321826806e-01,4.524406532366120892e-01,8.443271694520949611e-01,1.693308667250513736e+03
1.028277506607622094e+01,-7.185624912504826156e+00,-1.320895357432018713e+01,-2.671636473471612483e-01,4.967226611722895258e-01,8.257664218252523947e-01,1.699236923342913542e+03
1.005272552268276343e+01,-8.242154696476999831e+00,-1.326703613312939645e+01,-2.479460553987368754e-01,5.374783878515494440e-01,8.060023177415224227e-01,1.705165179435313348e+03
9.818467879910310003e+00,-9.279189111985317595e+00,-1.328749977343733590e+01,-2.295172780543875135e-01,5.749927157157946889e-01,7.853057977299545689e-01,1.711093435527713154e+03
9.581649034038184354e+00,-1.029499475284320731e+01,-1.326968955300146646e+01,-2.119478903584586793e-01,6.095508343478249769e-01,7.638886516492238155e-01,1.717021691620112961e+03
9.343964321643372983e+00,-1.128788121784995724e+01,-1.321295422788834451e+01,-1.952858865368141683e-01,6.414288702689304733e-01,7.419113335871437842e-01,1.722949947712512767e+03
9.107094257224140676e+00,-1.225625481032007613e+01,-1.311727494343309708e+01,-1.795557996379682497e-01,6.708755193816249296e-01,7.195038236943599452e-01,1.728878203804912573e+03
8.872639296545751009e+00,-1.319866987991450458e+01,-1.298389386366427090e+01,-1.647601097395662295e-01,6.980965959261036247e-01,6.967892428812261230e-01,1.734806459897312379e+03
8.642179306661878613e+00,-1.411377357508105490e+01,-1.281468542302758173e+01,-1.509752724937800661e-01,7.071845711146251823e-01,6.907216874203766510e-01,1.740734715989712186e+03
8.417335028265528152e+00,-1.500025288010592206e+01,-1.261152751658368665e+01,-1.381288452581616033e-01,7.313663624993357315e-01,6.678500325014119499e-01,1.746662972082111992e+03
8.293557944962214989e+00,-1.549291858930578947e+01,-1.247632254055422862e+01,-1.312757578761434840e-01,7.444556419966203986e-01,6.546391926041733589e-01,1.750069447492868903e+03
8.088971419329068269e+00,-1.632028038291108984e+01,-1.221037060906963312e+01,-2.188085052334896863e-01,7.407733150829708402e-01,6.351202513685669793e-01,1.755997703585268710e+03
7.894519757562589390e+00,-1.711593993319545248e+01,-1.191531954227330736e+01,-2.073275206734211951e-01,7.623937301120777832e-01,6.130017124423099428e-01,1.761925959677668516e+03
7.711966194682779552e+00,-1.787873593748740930e+01,-1.159305875172147005e+01,-1.967981399713730761e-01,7.824599667966120053e-01,5.907849798906983363e-01,1.767854215770068322e+03
7.543113002678618173e+00,-1.860755085153844846e+01,-1.124548027232114933e+01,-1.872422366304395402e-01,8.010646395279475973e-01,5.685382908121403567e-01,1.773782471862468128e+03
7.389801070801429006e+00,-1.930131172973548459e+01,-1.087447857871220336e+01,-1.786835406965864015e-01,8.182940162743375101e-01,5.463214211558480304e-01,1.779710727954867934e+03
7.253909478781705999e+00,-1.995899105847121291e+01,-1.048195040147060375e+01,-1.711480980761827253e-01,8.342281747928489422e-01,5.241866851673141481e-01,1.785638984047267741e+03
7.137355063006307176e+00,-2.057960758255748601e+01,-1.006979454314850031e+01,-1.646647080852363665e-01,8.489410920529192328e-01,5.021798045871626037e-01,1.791567240139667547e+03
7.042091975694374284e+00,-2.116222712456895039e+01,-9.639911694165039791e+00,-1.592653501103166169e-01,8.625006585795645941e-01,4.803406730686625159e-01,1.797495496232067353e+03
6.969674498930412021e+00,-2.170610212332245936e+01,-9.194458089469852879e+00,-1.549679238889005439e-01,8.749682228489022995e-01,4.587107493510452771e-01,1.803423752324467159e+03
6.920814654187992687e+00,-2.221079487540094277e+01,-8.736099140345272573e+00,-1.517600152758002974e-01,8.863980131540442065e-01,4.373413541389055137e-01,1.809352008416866965e+03
6.901269260858844845e+00,-2.258298790624304431e+01,-8.361383591223439993e+00,-1.500671291816038644e-01,8.948011534653252941e-01,4.204887067405202461e-01,1.814094075232677596e+03
6.901581629094025061e+00,-2.300865556707636372e+01,-7.885475140903305480e+00,-1.490261976736814709e-01,9.044212128241887472e-01,3.997667597494173330e-01,1.820022331325077403e+03
6.926448225561448346e+00,-2.339441549470094373e+01,-7.404840774646968882e+00,-1.490252259748678088e-01,9.131312180861719252e-01,3.794507353789206561e-01,1.825950587417477209e+03
6.976224875963462857e+00,-2.373998286159075022e+01,-6.922403014112459729e+00,-1.500589922637962370e-01,9.209629540521080404e-01,3.595963516283066652e-01,1.831878843509877015e+03
7.051288064241610698e+00,-2.404507515399106765e+01,-6.441084539126100239e+00,-1.521280135276450451e-01,9.279441201550047147e-01,3.402598674100235088e-01,1.837807099602276821e+03
7.152034961468729080e+00,-2.430941264286707337e+01,-5.963807904008755933e+00,-1.552384252501153583e-01,9.340983959865661879e-01,3.214983949278573117e-01,1.843735355694676628e+03
7.278883450550027945e+00,-2.453271885535393793e+01,-5.493495253911746090e+00,-1.594019119575230681e-01,9.394453378191934823e-01,3.033702156014456697e-01,1.849663611787076434e+03
7.432272146729777873e+00,-2.471472104664105984e+01,-5.033068041183120123e+00,-1.646356769823892341e-01,9.440001077769087923e-01,2.859351156848968234e-01,1.855591867879476240e+03
7.612660413900679046e+00,-2.485515067222300445e+01,-4.585446741784784841e+00,-1.709624367570292403e-01,9.477730333029272813e-01,2.692547540190646793e-01,1.861520123971876046e+03
7.820528376713338226e+00,-2.495374386044971615e+01,-4.153550571781048362e+00,-1.784104208895274657e-01,9.507689905618307291e-01,2.533930707498909807e-01,1.867448380064275852e+03
8.056376928483453881e+00,-2.501024188530825754e+01,-3.740297203919530578e+00,-1.870133537897470943e-01,9.529866014980660216e-01,2.384167420075135602e-01,1.873376636156675659e+03
8.320727734894616034e+00,-2.502439163936851330e+01,-3.348602484325348350e+00,-1.968103862219996170e-01,9.544172306629903346e-01,2.243956810830720905e-01,1.879304892249075465e+03
8.509520695877675678e+00,-2.500590727565376170e+01,-3.111279768863435713e+00,-2.039168194104585552e-01,9.548591397545501680e-01,2.160137819416229343e-01,1.883129481360949057e+03
8.829203273423104292e+00,-2.493588358374713465e+01,-2.768203901981117987e+00,-2.161258106137030621e-01,9.548050558763898632e-01,2.040513152602891345e-01,1.889057737453348864e+03
9.173951275412003170e+00,-2.482751696182888423e+01,-2.450234388479652026e+00,-2.294677751472472549e-01,9.539746459480413776e-01,1.930723052570763876e-01,1.894985993545748670e+03
9.541140922930134494e+00,-2.468321470805376450e+01,-2.157753267174199685e+00,-2.438652679493344411e-01,9.523744083071276068e-01,1.830647904148905991e-01,1.900914249638148476e+03
9.928092839176160922e+00,-2.450530235053976824e+01,-1.891140087187262120e+00,-2.592373363172373324e-01,9.500062576240548839e-01,1.740233143411574757e-01,1.906842505730548282e+03
1.033207296410055775e+01,-2.429602251790793588e+01,-1.650771871654731715e+00,-2.754987124240494967e-01,9.468693472341102035e-01,1.659484821296682566e-01,1.912770761822948089e+03
1.075029347796589185e+01,-2.405753382485142922e+01,-1.437023081617185394e+00,-2.056950271533236341e-01,9.660787757546122068e-01,1.561453004123508903e-01,1.918699017915347895e+03
1.117991373374514730e+01,-2.379190977287554531e+01,-1.250265580098477880e+00,-2.233427297338136941e-01,9.630898158722248636e-01,1.502532250510877077e-01,1.924627274007747701e+03
1.161804119827422355e+01,-2.350113766634827783e+01,-1.090868596374493737e+00,-2.416484968799604283e-01,9.594148592060198766e-01,1.453586319774255176e-01,1.930555530100147507e+03
1.206173240207384723e+01,-2.318711754399969749e+01,-9.591986904347524767e-01,-2.605163798319496404e-01,9.550462237559400602e-01,1.414847211849188380e-01,1.936483786192547313e+03
1.250799389775431791e+01,-2.285166112600873234e+01,-8.556197176392208448e-01,-2.798436849267506021e-01,9.499795620347265546e-01,1.386590917427591163e-01,1.942412042284947120e+03
1.264870588661231743e+01,-2.273835217646287887e+01,-8.317991135245775824e-01,-2.860448743507284508e-01,9.482095352807832223e-01,1.381195390242705989e-01,1.944290549206751621e+03
1.308863247440193156e+01,-2.235969761532645350e+01,-7.852660512884822586e-01,-3.057977974696037271e-01,9.421057140472979263e-01,1.375664589286583195e-01,1.950218805299151427e+03
1.352425234275287025e+01,-2.196339014644881260e+01,-7.676552423613692833e-01,-3.257804951668871740e-01,9.352967958407693017e-01,1.381556103052216378e-01,1.956147061391551233e+03
1.395216748413233177e+01,-2.155071329598412433e+01,-7.793949377527585876e-01,-3.458635983402634784e-01,9.277914736602576040e-01,1.399333868183444685e-01,1.962075317483951039e+03
1.413622297116235238e+01,-2.135984320983698481e+01,-7.978525628442598716e-01,-3.547161674366656747e-01,9.242380524045462620e-01,1.412815028462481581e-01,1.964706567645363293e+03
1.453470130405516691e+01,-2.091267743969630288e+01,-8.697506794265772445e-01,-3.744266531095780670e-01,9.157484873561430039e-01,1.456344373631992817e-01,1.970634823737763099e+03
1.491565009875109915e+01,-2.045020237888774517e+01,-9.725048523844617154e-01,-3.938981015149715104e-01,9.066062072127341054e-01,1.513587482316167965e-01,1.976563079830162906e+03
1.527492176879575858e+01,-1.997256634291536770e+01,-1.106421823046567665e+00,-4.129824486661092253e-01,8.968368455619556423e-01,1.585218266871333548e-01,1.982491335922562712e+03
1.560850119427872507e+01,-1.947969784946858596e+01,-1.271136711174438716e+00,-4.315405056224510538e-01,8.864685012060994351e-01,1.671717331863580014e-01,1.988419592014962518e+03
1.591333682517956305e+01,-1.897193494540658421e+01,-1.465672834299916127e+00,-4.494600643084085689e-01,8.755219143147080496e-01,1.773330994106578073e-01,1.994347848107362324e+03
1.603530942020489647e+01,-1.873778007811878865e+01,-1.565621739741380303e+00,-4.571217709183492683e-01,8.704682131990558736e-01,1.825507501012125500e-01,1.997003738511859638e+03
1.627472908018591724e+01,-1.820151799266848514e+01,-1.815975011966453501e+00,-4.733752095381063008e-01,8.588510163429661226e-01,1.956804607553035147e-01,2.002931994604259444e+03
1.648359690532002730e+01,-1.765428621400523213e+01,-2.092004226677889100e+00,-4.888415999686543945e-01,8.466395857910350431e-01,2.103219006943186364e-01,2.008860250696659250e+03
1.666137174708230617e+01,-1.709801427069698931e+01,-2.391899071910879027e+00,-5.034398593368473174e-01,8.338273835805242173e-01,2.264513246200001995e-01,2.014788506789059056e+03
1.680744220145833978e+01,-1.653461344353195628e+01,-2.713846904999476006e+00,-5.170772553212896749e-01,8.204115076077342916e-01,2.440411240225845158e-01,2.020716762881458862e+03
1.692112682151084968e+01,-1.596597524338036500e+01,-3.056032928509071933e+00,-5.296497701858060569e-01,8.063939044071973816e-01,2.630589133198845131e-01,2.026645018973858669e+03
1.700167434282683843e+01,-1.539396989263739002e+01,-3.416640366326490597e+00,-5.410425928887592217e-01,7.917825071340964804e-01,2.834667071750279210e-01,2.032573275066258475e+03
1.704826392182482664e+01,-1.482044481045330819e+01,-3.793850639894751353e+00,-5.511307269023388855e-01,7.765922637970230635e-01,3.052202117729337361e-01,2.038501531158658281e+03
1.706000538690094004e+01,-1.424722310195637398e+01,-4.185843544579700648e+00,-5.597796890566184569e-01,7.608460150680576017e-01,3.282682456082718914e-01,2.044429787251058087e+03
1.703593950239119437e+01,-1.367610205167373394e+01,-4.590797426155734051e+00,-5.668462617482437071e-01,7.445751778778465502e-01,3.525522940362389446e-01,2.050358043343457666e+03
1.697503824532639882e+01,-1.310885162135579307e+01,-5.006889357397730222e+00,-5.721792487475962918e-01,7.278201911181126915e-01,3.780061860650301142e-01,2.056286299435857472e+03
1.687620509495470955e+01,-1.254721295240937629e+01,-5.432295314766577121e+00,-5.756201755466949788e-01,7.106306835163208602e-01,4.045558615923375290e-01,2.062214555528257279e+03
1.684479984931324381e+01,-1.242441380379791305e+01,-5.528344676829505921e+00,-5.759461149729491192e-01,7.068623351475149530e-01,4.106479170741871298e-01,2.063528509337038031e+03
1.666039957226790946e+01,-1.187865189684901601e+01,-5.968639283656269612e+00,-5.753715162247367010e-01,6.900613922704624814e-01,4.390477117751536706e-01,2.069456765429437837e+03
1.643899014593534247e+01,-1.134115881784629387e+01,-6.414621218995044671e+00,-5.726142796496000997e-01,6.728480227696225224e-01,4.683891811265274985e-01,2.075385021521837643e+03
1.618297252335980829e+01,-1.081309616783920902e+01,-6.864892785013450016e+00,-5.676208506490076910e-01,6.551925994328612335e-01,4.985270579987683415e-01,2.081313277614237450e+03
1.589469595926432000e+01,-1.029569419249305895e+01,-7.318055850623484737e+00,-5.603430612270245970e-01,6.370799139838239089e-01,5.292871025569112486e-01,2.087241533706637256e+03
1.557645727998187013e+01,-9.790250636364589809e+00,-7.772711986662864447e+00,-5.507441498254815881e-01,6.185130789602557577e-01,5.604662814015768380e-01,2.093169789799037062e+03
1.523050016326530454e+01,-9.298129585346099901e+00,-8.227462601098778805e+00,-5.333937127391565891e-01,6.118122908719723085e-01,5.841034736656915971e-01,2.099098045891436868e+03
1.485901442803936057e+01,-8.820760297436537556e+00,-8.680909074244642198e+00,-5.192659655267377605e-01,5.928095301488693902e-01,6.155807973046767412e-01,2.105026301983836674e+03
1.448150996622408826e+01,-8.380264631108881090e+00,-9.111605769456591730e+00,-5.094463273089856470e-01,5.826545957667442766e-01,6.332282855521204068e-01,2.110690580139510530e+03
1.406474459887257389e+01,-7.937172486791376436e+00,-9.558357692224042523e+00,-4.911455670170012944e-01,5.635922122407007739e-01,6.641835968323677175e-01,2.116618836231910336e+03
1.362824127378090999e+01,-7.513706176179136165e+00,-9.999782900631080551e+00,-4.706399045209525012e-01,5.444064936552508449e-01,6.943483635312349689e-01,2.122547092324310142e+03
1.317361716189905962e+01,-7.111832769477162586e+00,-1.043459384073416452e+01,-4.480343565381760262e-01,5.252619267146741988e-01,7.234397858187030517e-01,2.128475348416709949e+03
1.270242385270546848e+01,-6.733568695162600370e+00,-1.086150357943319023e+01,-4.234705600624362187e-01,5.063480995316788080e-01,7.511885827547324368e-01,2.134403604509109755e+03
1.221614680755043558e+01,-6.380978329571131979e+00,-1.127922592885462905e+01,-3.971237375123108371e-01,4.878750367835850144e-01,7.773484968710423493e-01,2.140331860601509561e+03
1.171620482480270553e+01,-6.056172577630870357e+00,-1.168647557067898646e+01,-3.691974184621035215e-01,4.700673026240047014e-01,8.017044325714500763e-01,2.146260116693909367e+03
1.120394951684713725e+01,-5.761307444932572075e+00,-1.208196818040481979e+01,-3.399163522145981498e-01,4.531573318055309718e-01,8.240784587210207013e-01,2.152188372786309174e+03
1.068066479898097931e+01,-5.498582601326134522e+00,-1.246442055154071760e+01,-3.095182618582539846e-01,4.373785354845084461e-01,8.443331464970872391e-01,2.158116628878708980e+03
1.039264260435231790e+01,-5.376285711032631198e+00,-1.266298256303421788e+01,-2.926478830937265241e-01,4.297129407060025774e-01,8.542271390622988569e-01,2.161311714168448816e+03
9.847918396033682242e+00,-5.186893408696369612e+00,-1.301638248489880034e+01,-2.606081734643596604e-01,4.172016361907384119e-01,8.706469862598393838e-01,2.167239970260848622e+03
9.294844593475431793e+00,-5.035315523702613483e+00,-1.335349042494413574e+01,-2.280509076215661568e-01,4.063652468679093688e-01,8.847938006512947595e-01,2.173168226353248428e+03
8.734461952784402072e+00,-4.923890792467233268e+00,-1.367302844517992000e+01,-1.951927854489279301e-01,3.973850624775425167e-01,8.966520443451899691e-01,2.179096482445648235e+03
8.167741377181268803e+00,-4.854994999523266408e+00,-1.397372028814303313e+01,-3.604502780818145125e-01,4.791505909960450671e-01,8.003063839423520953e-01,2.185024738538048041e+03
7.595713185900109465e+00,-4.830524007702810430e+00,-1.425435880294681290e+01,-3.283613765052665334e-01,4.773158149618901280e-01,8.150757137878869019e-01,2.190952994630447847e+03
7.019615595700850363e+00,-4.851381721918991197e+00,-1.451387336464045852e+01,-2.956949568960063890e-01,4.773251608192634055e-01,8.274812283762895682e-01,2.196881250722847653e+03
6.440793322232488904e+00,-4.918001976612038639e+00,-1.475126267544276359e+01,-2.626783125332192714e-01,4.792110007485170242e-01,8.374705492650503791e-01,2.202809506815247460e+03
5.860576915778104912e+00,-5.030866054843381896e+00,-1.496552755927102929e+01,-2.295303772026131284e-01,4.829892659670570465e-01,8.450072040532138340e-01,2.208737762907647266e+03
5.724027958007356531e+00,-5.069140341803101357e+00,-1.501038835263069871e+01,-2.217286669623431961e-01,4.844073837324779919e-01,8.462776641460875160e-01,2.210132984662540366e+03
5.144466419064709584e+00,-5.281878103120586587e+00,-1.517673465098694763e+01,-1.886806430659992428e-01,4.926575880983418698e-01,8.495222868302665375e-01,2.216061240754940172e+03
4.565844419110399066e+00,-5.542109280303519014e+00,-1.531773215723313619e+01,-1.559347340821858607e-01,5.027201544719908100e-01,8.502686663604485107e-01,2.221989496847339979e+03
3.989442814467890841e+00,-5.850458341889579472e+00,-1.543239009800310235e+01,-1.236735368667644386e-01,5.145360223322210658e-01,8.485031160823165441e-01,2.227917752939739785e+03
3.415808220299064946e+00,-6.206772007614158149e+00,-1.551997490958097003e+01,-9.203373283370959446e-02,5.279936746227987809e-01,8.442466888173191242e-01,2.233846009032139591e+03
2.844065346492627100e+00,-6.609268521434270127e+00,-1.558026498828455964e+01,-6.107085002182538469e-02,5.428947928135637868e-01,8.375772174632792888e-01,2.239774265124539397e+03
2.749799601661513382e+00,-6.683831741053316122e+00,-1.558579004048996453e+01,-5.602613816772714084e-02,5.456609096744663434e-01,8.361311162103971517e-01,2.240756694092241560e+03
2.182817396950987643e+00,-7.179698386174211855e+00,-1.559220171271515198e+01,-2.609399395751202735e-02,5.639631254706337637e-01,8.253876038496940071e-01,2.246684950184641366e+03
1.613901679588235938e+00,-7.716079167894863922e+00,-1.557140043789178208e+01,-1.510582860233694938e-03,5.830504740532110874e-01,8.124345283441295473e-01,2.252613206277041172e+03
1.041680730554962464e+00,-8.290272356453900926e+00,-1.552342865986543252e+01,2.709938122878117334e-02,6.027279268990606287e-01,7.974864698996328993e-01,2.258541462369440978e+03
4.646245728781642770e-01,-8.899331179022029303e+00,-1.544855650950306014e+01,5.499915309852919376e-02,6.226443754479402681e-01,7.805697117371956928e-01,2.264469718461840785e+03
-1.191803483529078195e-01,-9.539840425315411210e+00,-1.534750685464702968e+01,8.219660927972648190e-02,6.425133705046383037e-01,7.618531919902187255e-01,2.270397974554240591e+03
-7.117851861625017484e-01,-1.020812158818936233e+01,-1.522123015368413412e+01,1.087075962849824856e-01,6.620564334233671744e-01,7.415281096982581088e-01,2.276326230646640397e+03
-1.315140637064153628e+00,-1.090044690289312967e+01,-1.507067928699750681e+01,1.345458648432569237e-01,6.810208679236519069e-01,7.197971851195974491e-01,2.282254486739040203e+03
-1.899216115187603249e+00,-1.157671774250489882e+01,-1.490574045755999677e+01,1.584509489113745673e-01,6.983019506724358338e-01,6.980456163290161831e-01,2.287878443392162808e+03
-2.528930645958519463e+00,-1.230639766543871971e+01,-1.470949744466637377e+01,1.830251807374753958e-01,7.155799211164738383e-01,6.741269611215348068e-01,2.293806699484562614e+03
-3.174577957637516157e+00,-1.304886052802950758e+01,-1.449180328789592487e+01,2.069727710007061849e-01,7.317099471006511813e-01,6.494326950333276782e-01,2.299734955576962420e+03
-3.837286351751033386e+00,-1.380074176159412325e+01,-1.425379290275094846e+01,2.302946403046089163e-01,7.465765510639862379e-01,6.241697141390104564e-01,2.305663211669362227e+03
-4.517258779592168594e+00,-1.455972826591193758e+01,-1.399694979425968988e+01,2.574780483097647288e-01,6.834568459265654150e-01,6.830752479739735650e-01,2.311591467761762033e+03
-5.214224004973791793e+00,-1.532404606939467584e+01,-1.372293259093906315e+01,2.801995619992609377e-01,6.997054237191614456e-01,6.571913918132304966e-01,2.317519723854161839e+03
-5.927868033012969384e+00,-1.609193181530479322e+01,-1.343340156173429456e+01,3.022382129189644662e-01,7.145002508819843223e-01,6.309845118076450321e-01,2.323447979946561645e+03
-6.657834241881315229e+00,-1.686163364451203606e+01,-1.313001845487114672e+01,3.125587964827070131e-01,7.254466926638732938e-01,6.132161893201527603e-01,2.329376236038961451e+03
-7.403723521632098681e+00,-1.763141207602742000e+01,-1.281444633660255938e+01,3.335238813626763554e-01,7.377027645525479072e-01,5.869893114293507352e-01,2.335304492131361258e+03
-8.165094420091957517e+00,-1.839954088520279285e+01,-1.248834942986063368e+01,3.537083313649979632e-01,7.484948162910899372e-01,5.609330854106900910e-01,2.341232748223761064e+03
-8.941463295804311429e+00,-1.916430797948443399e+01,-1.215339295282478815e+01,3.730988334358750769e-01,7.578607273979485193e-01,5.352049872307259593e-01,2.347161004316160870e+03
-9.732304478010563642e+00,-1.992401627160843347e+01,-1.181124295741753905e+01,3.916937420269719916e-01,7.658530344185034977e-01,5.099462149372994135e-01,2.353089260408560676e+03
-1.053705043365486205e+01,-2.067698455012667580e+01,-1.146356616773858228e+01,4.095017094049482331e-01,7.725354908455775993e-01,4.852806047828492342e-01,2.359017516500960483e+03
-1.135509194139708633e+01,-2.142154834715123712e+01,-1.111202981844967752e+01,4.265401482058293059e-01,7.779798113127035508e-01,4.613143344384598721e-01,2.364945772593360289e+03
-1.218577827261858637e+01,-2.215606080320400650e+01,-1.075830149312437278e+01,4.428336381790031751e-01,7.822627218024530427e-01,4.381362835641046116e-01,2.370874028685760095e+03
-1.224628396114456130e+01,-2.220871640441808381e+01,-1.073268880958072735e+01,4.439830821610995515e-01,7.825295197907975453e-01,4.364934975583417143e-01,2.371302436959920669e+03
