4.608632767971603261e-01,-4.131291132966418367e+00,6.700626788890094332e+00,3.358343233552370521e-01,7.703591186537638302e-01,-5.419982800374243403e-01,0.000000000000000000e+00
1.510267146812460659e+00,-4.068438057812779007e+00,6.535137686856104189e+00,1.964188979926542455e-01,8.105955559859036041e-01,-5.516832978505467056e-01,8.003875834066088046e+00
2.554607624377339459e+00,-4.022702413917487618e+00,6.364652010852207553e+00,3.750140236150689005e-02,8.363387261235594172e-01,-5.469288619253352968e-01,1.600775166813217609e+01
3.587422763779567259e+00,-3.991201198758331348e+00,6.184769161947822447e+00,-1.097064582793371851e-01,8.435123042244024871e-01,-5.257865399892269753e-01,2.401162750219826592e+01
4.602353264188511872e+00,-3.970809567229661496e+00,5.991090160348715443e+00,-2.708697961543650723e-01,8.296529353771263660e-01,-4.881655050814328600e-01,3.201550333626435219e+01
5.593145874504253712e+00,-3.958163729140389719e+00,5.779218428230641358e+00,-4.141351035083795651e-01,7.979361525838850611e-01,-4.379383660308041604e-01,4.001937917033043846e+01
6.553656766735902472e+00,-3.949663921258462995e+00,5.544760572254791242e+00,-5.332840307302817440e-01,7.553248988683846088e-01,-3.809100152497022496e-01,4.802325500439652473e+01
7.477854877358860897e+00,-3.941477453219726979e+00,5.283327165661236613e+00,-6.280884160592743459e-01,7.084469271329314477e-01,-3.218817998086544452e-01,5.602713083846261100e+01
8.359825216103805801e+00,-3.929541826607808819e+00,4.990533529836558735e+00,-7.017237041230952599e-01,6.618499032844752383e-01,-2.637016279701233090e-01,6.403100667252870437e+01
9.193772141639959372e+00,-3.909567926502615087e+00,4.662000515251301103e+00,-7.583651049729177585e-01,6.179196915303739601e-01,-2.075033069096076099e-01,7.203488250659479775e+01
9.974022603616900184e+00,-3.877043284782153432e+00,4.293355281664242185e+00,-8.018679404181520143e-01,5.774962608096129157e-01,-1.533162577173952934e-01,8.003875834066089112e+01
1.069502935053186299e+01,-3.827235414447851980e+00,3.880232077488987130e+00,-8.353037355902808159e-01,5.405095805933313180e-01,-1.005836099756979574e-01,8.804263417472698450e+01
1.135261285747605875e+01,-3.756866273148721458e+00,3.420063071372026808e+00,-8.608740821493230388e-01,5.064859887946308037e-01,-4.865961198248237168e-02,9.604651000879307787e+01
1.194511940064009714e+01,-3.665848403715201265e+00,2.913868864744908915e+00,-8.800203831628428119e-01,4.749274895734006963e-01,2.829287088758966531e-03,1.040503858428591712e+02
1.244384825274276096e+01,-3.561287855368331368e+00,2.393728836569011698e+00,-8.935452137326534983e-01,4.471971394305350733e-01,3.989573286221615583e-02,1.116275555781125490e+02
1.290439368964685585e+01,-3.432838638747738980e+00,1.803810097254979317e+00,-9.030875948321296365e-01,4.195359320907647849e-01,9.177362227270013939e-02,1.196314314121786424e+02
1.329811237276113367e+01,-3.288074192342125279e+00,1.176194079539910176e+00,-9.081442611568134593e-01,3.932369362751875208e-01,1.436618003397197307e-01,1.276353072462447358e+02
1.362417243497343833e+01,-3.128420906284400171e+00,5.137209037138774637e-01,-9.089834814471461355e-01,3.680747781458265644e-01,1.956271661838568099e-01,1.356391830803108292e+02
1.388162718288926989e+01,-2.955264546457562425e+00,-1.807631272895812713e-01,-8.991361213142178288e-01,3.655884407762614585e-01,2.406227905224397612e-01,1.436430589143769225e+02
1.406941575870662398e+01,-2.769946772573312899e+00,-9.044060282783191740e-01,-8.928095667697486526e-01,3.419141552238921244e-01,2.932333336132612045e-01,1.516469347484430159e+02
1.418744629430131532e+01,-2.573204632111817158e+00,-1.653745134382465176e+00,-8.824411771118901848e-01,3.188625173886738828e-01,3.458674080365760628e-01,1.596508105825091093e+02
1.423770725340054000e+01,-2.364664700483110948e+00,-2.424102211884352265e+00,-8.681444330355775341e-01,2.961860012794285679e-01,3.982450201012412982e-01,1.676546864165752027e+02
1.422511534661197885e+01,-2.182661431740629432e+00,-3.071094646127815242e+00,-8.534215574205453736e-01,2.776544366613398207e-01,4.411118442437980125e-01,1.742401787284384795e+02
1.414699663497931503e+01,-1.948026153418942252e+00,-3.868603219370047697e+00,-8.320377694172782501e-01,2.550832336287749413e-01,4.925907979089821920e-01,1.822440545625045729e+02
1.400962367959257371e+01,-1.699243316982414820e+00,-4.672197436380783664e+00,-8.071483889909348841e-01,2.323037948082142257e-01,5.427213143658921046e-01,1.902479303965706663e+02
1.381593828814935243e+01,-1.435771297791420764e+00,-5.476584061313092278e+00,-7.789920257538507364e-01,2.092415557382434066e-01,5.910916977628355440e-01,1.982518062306367597e+02
1.356884838793096471e+01,-1.157174352248075744e+00,-6.276469680712768451e+00,-7.478514740699642172e-01,1.858623909029526733e-01,6.373173027458298723e-01,2.062556820647028530e+02
1.327122657810330253e+01,-8.631214339243973299e-01,-7.066561637479064295e+00,-7.099547427333970928e-01,1.941870931422287894e-01,6.769458147646140178e-01,2.142595578987689464e+02
1.298677801768042883e+01,-6.085204468547812384e-01,-7.704580319689024570e+00,-7.620262694590280717e-01,3.213052487321033102e-01,5.622089485160814970e-01,2.208445829030425500e+02
1.259716966097097668e+01,-2.826910138534446948e-01,-8.461270651419491529e+00,-7.324822091605024399e-01,2.977365006169975792e-01,6.122277268008161633e-01,2.288484587371086434e+02
1.216963150079564215e+01,6.122980206522308372e-02,-9.194943102674665525e+00,-7.000741217845939390e-01,2.729113200428806008e-01,6.598603150667433637e-01,2.368523345711747368e+02
1.170950522782056780e+01,4.241930818667702940e-01,-9.901250713901145417e+00,-6.652111832317817441e-01,2.468101201471754880e-01,7.046835078929475360e-01,2.448562104052408301e+02
1.122213309204004261e+01,8.069530484264378911e-01,-1.057585131403746814e+01,-6.283583864489086235e-01,2.194557471507034840e-01,7.463276178876475653e-01,2.528600862393069235e+02
1.071285516413174577e+01,1.210067214782841960e+00,-1.121440828627635611e+01,-5.900213616143342721e-01,1.909042890972802164e-01,7.844936871913177345e-01,2.608639620733729885e+02
1.018700660024150828e+01,1.633896592509412882e+00,-1.181259133308660836e+01,-5.507277648530357617e-01,1.612340316594440826e-01,8.189642947374572435e-01,2.688678379074390818e+02
9.649914910639115107e+00,2.078605960121771457e+00,-1.236607724039606282e+01,-5.110076463544223069e-01,1.305335312371208589e-01,8.496070754119702251e-01,2.768717137415051752e+02
9.106897232687781951e+00,2.544164191431011801e+00,-1.287055064083514822e+01,-4.713751461719468683e-01,9.888982284206482287e-02,8.763710826525717978e-01,2.848755895755712686e+02
8.563257608570355117e+00,3.030344643744152133e+00,-1.332170477593794011e+01,-4.323134270588553374e-01,6.637763641495178502e-02,8.992769930163855285e-01,2.928794654096373620e+02
8.024284268213323301e+00,3.536725605803222816e+00,-1.371524225719971035e+01,-3.942640796554807703e-01,3.305021766374637016e-02,9.184026995854246422e-01,3.008833412437034553e+02
7.565419117917561387e+00,3.991530069370638589e+00,-1.400255574377636414e+01,-3.625187622510077645e-01,3.522893547300485345e-03,9.319698150890143307e-01,3.078128525742819761e+02
7.049279071368733440e+00,4.535050757147370604e+00,-1.426874797989687416e+01,-3.275916356051417067e-01,-2.553914505800401052e-02,9.444741777048508702e-01,3.158167284083480695e+02
6.552871732899343549e+00,5.096486450732794715e+00,-1.446506802140223691e+01,-2.946510472245398304e-01,-6.136813103350418491e-02,9.536323782584862352e-01,3.238206042424141629e+02
6.080177106549902177e+00,5.674025699521336286e+00,-1.458867639266086869e+01,-2.638622493862089469e-01,-9.811658902987577258e-02,9.595571104973338317e-01,3.318244800764802562e+02
5.987216078662172869e+00,5.794752148689080506e+00,-1.459917899649100903e+01,-2.579574727946924995e-01,-1.058373804480355201e-01,9.603418095289162348e-01,3.334685849853738659e+02
5.554928927821733531e+00,6.390286162456388475e+00,-1.457868835643721717e+01,-2.311050007691259067e-01,-1.443354023703980193e-01,9.621630684255542132e-01,3.414724608194399593e+02
5.148042394709261949e+00,6.993810680347714026e+00,-1.448721491083047752e+01,-2.060662786381713685e-01,-1.839177085876621265e-01,9.610988322103399817e-01,3.494763366535060527e+02
4.766543685444425194e+00,7.601423354743965355e+00,-1.432620634498781698e+01,-1.936471464324123481e-01,-2.178872966507375830e-01,9.565698660509943663e-01,3.574802124875721461e+02
4.410292063680959274e+00,8.209224204698184479e+00,-1.409712258197249213e+01,-1.790198142459648312e-01,-2.488466366541103036e-01,9.518546409685028076e-01,3.654840883216382394e+02
4.077544216311911107e+00,8.812824968548644833e+00,-1.380233028810668827e+01,-1.590288856924672589e-01,-2.916641293430876081e-01,9.432082745448912009e-01,3.734879641557043328e+02
3.763454614400115528e+00,9.406932776350320324e+00,-1.344599721794905278e+01,-1.400351801486871828e-01,-3.353370006797568026e-01,9.316325693618860981e-01,3.814918399897704262e+02
3.461514084409851755e+00,9.985960242507905704e+00,-1.303319671270044822e+01,-1.215239680725814370e-01,-3.796410206687652056e-01,9.171175609535956452e-01,3.894957158238365196e+02
3.165014933760297300e+00,1.054456221710490205e+01,-1.256901203822904733e+01,-1.029569488595155902e-01,-4.243238768567740293e-01,8.996383241118489638e-01,3.974995916579026130e+02
2.867054340852739358e+00,1.107764135122781290e+01,-1.205853548535180053e+01,-8.376410337062122069e-02,-4.691005307075818975e-01,8.791633904322796456e-01,4.055034674919687063e+02
2.560537806017571860e+00,1.158035358720039909e+01,-1.150686746891916279e+01,-6.333590852242390601e-02,-5.136478278247211815e-01,8.556602548106256867e-01,4.135073433260347997e+02
2.238182662821470714e+00,1.204811357242317804e+01,-1.091911562582184558e+01,-4.101653459794821904e-02,-5.575969546944427035e-01,8.290978711859408046e-01,4.215112191601008931e+02
1.892521649166581055e+00,1.247659999552411314e+01,-1.030039391203897026e+01,-1.609907254934253573e-02,-6.005219267551125117e-01,7.994462054130835327e-01,4.295150949941669865e+02
1.515906537606841020e+00,1.286176084353273374e+01,-9.655821698851152490e+00,9.162147729076176861e-02,-3.926287915824392405e-01,9.151219246196498069e-01,4.375189708282330798e+02
1.280168422054352995e+00,1.305408851228139078e+01,-9.276549033465506966e+00,1.116199469847285464e-01,-4.149371565303436871e-01,9.029773771062259424e-01,4.420746015192186178e+02
8.294454934360286913e-01,1.334587420400195334e+01,-8.589861398043979079e+00,1.515614122185901524e-01,-4.525028268232557660e-01,8.787891271762919843e-01,4.500784773532847112e+02
3.487476182852475848e-01,1.359643718534506185e+01,-7.882943398346650810e+00,1.965498081717047263e-01,-4.886422386082929226e-01,8.500570190025736883e-01,4.580823531873508045e+02
-1.559366064854337264e-01,1.380904442484048289e+01,-7.156115963475619957e+00,2.462683441723254596e-01,-5.230222082141076090e-01,8.159654847929902477e-01,4.660862290214168979e+02
-6.785224947215959812e-01,1.398671934591395249e+01,-6.409703497070693423e+00,3.001610703660682611e-01,-5.551545978041767526e-01,7.756975598605290179e-01,4.740901048554829913e+02
-1.212764389342301019e+00,1.413245268546746658e+01,-5.644036931567185889e+00,3.573681095290202614e-01,-5.844215152429145244e-01,7.285187209762217231e-01,4.820939806895490847e+02
-1.752180070355665364e+00,1.424940990639102623e+01,-4.859456781458026953e+00,4.166793152452246685e-01,-6.101283816823014350e-01,6.738855289383403058e-01,4.900978565236151780e+02
-2.290106861800123017e+00,1.434070967681975439e+01,-4.056309982693439231e+00,4.765501655985328044e-01,-6.315622468156057989e-01,6.115791592796755438e-01,4.981017323576812714e+02
-2.819768577239385010e+00,1.440920551848728159e+01,-3.234946731074534121e+00,5.351869947608105527e-01,-6.480789519676437571e-01,5.418196680219469208e-01,5.061056081917473648e+02
-3.334279397241274978e+00,1.445748263755580254e+01,-2.395720426379792212e+00,5.556992126976079138e-01,-6.613355150898425627e-01,5.038191356906873697e-01,5.141094840258134582e+02
-3.826647781402261028e+00,1.448785484233848209e+01,-1.538987616107299061e+00,6.092877882342911944e-01,-6.702460842892810078e-01,4.237199282585743521e-01,5.221133598598795515e+02
-4.290990569226665663e+00,1.450212992407848134e+01,-6.659062179269286119e-01,6.570366161075308353e-01,-6.735983852660275550e-01,3.384790990016449674e-01,5.301172356939456449e+02
-4.724051749590125304e+00,1.450069478471971429e+01,2.206105519985942509e-01,6.977376763544455018e-01,-6.713514591553056965e-01,2.498986860420457923e-01,5.381211115280117383e+02
-4.932380149518085233e+00,1.449016357956690548e+01,6.873689640665185951e-01,7.158676148846742082e-01,-6.680370582383458045e-01,2.031256920716447423e-01,5.422886040904016909e+02
-5.298718356776814353e+00,1.444934639342375426e+01,1.590546644092639239e+00,7.447407999190425176e-01,-6.576879504548429622e-01,1.131711127560942609e-01,5.502924799244677843e+02
-5.630775598567839602e+00,1.438764354500766274e+01,2.496772079118859011e+00,7.660037827327408344e-01,-6.423689465831209366e-01,2.450186329289206350e-02,5.582963557585338776e+02
-5.927476841287014686e+00,1.430274064700237702e+01,3.401860685042492172e+00,7.809971128641384208e-01,-6.234301823956288624e-01,-3.712569697706804422e-02,5.663002315925999710e+02
-6.187803065378152390e+00,1.419227401629689034e+01,4.301628060028851230e+00,7.900754298603462900e-01,-6.012015583395116103e-01,-1.197393059155261036e-01,5.743041074266660644e+02
-6.410792047525195159e+00,1.405383214077789233e+01,5.191890720676472171e+00,7.933259379660686506e-01,-5.757519196885322321e-01,-1.978476260287883037e-01,5.823079832607321578e+02
-6.595539128266375783e+00,1.388495716331330421e+01,6.068466838064789037e+00,7.916019272760650427e-01,-5.476719650642384307e-01,-2.709645870136812018e-01,5.903118590947982511e+02
-6.741197964893249406e+00,1.368314638262369165e+01,6.927176973580303709e+00,7.857393180988901937e-01,-5.174447194907970671e-01,-3.389169312155729807e-01,5.983157349288643445e+02
-6.846981269506489554e+00,1.344585377072566601e+01,7.763844814423887186e+00,7.764972890029395725e-01,-4.854235082096992060e-01,-4.017660735409017136e-01,6.063196107629304379e+02
-6.912161532106538608e+00,1.317049150662565005e+01,8.574297908704906490e+00,7.645252372376989403e-01,-4.518278937351102309e-01,-4.597311345444576314e-01,6.143234865969965313e+02
-6.919481886100809831e+00,1.306345345263191149e+01,8.838892870946486013e+00,7.599843957706137187e-01,-4.400072156347108465e-01,-4.783485845850954932e-01,6.170350872386934498e+02
-6.897272769365083711e+00,1.270492541434631129e+01,9.587681487180805817e+00,7.453184679278775926e-01,-4.036354875867633196e-01,-5.306399669514509920e-01,6.250389630727595431e+02
-6.835817355431319520e+00,1.230183046148605897e+01,1.030074557446339334e+01,7.288661712538958559e-01,-3.653607513798491357e-01,-5.790212653718674884e-01,6.330428389068256365e+02
-6.741468283070398471e+00,1.185250072151942113e+01,1.097461481486038437e+01,7.195570062078250340e-01,-3.459852940303641544e-01,-6.021062125007135002e-01,6.410467147408917299e+02
-6.622896916563068892e+00,1.135582876693089993e+01,1.160605316712713098e+01,7.021072822954077530e-01,-3.035109263390473600e-01,-6.441478725731926147e-01,6.490505905749578233e+02
-6.488786141966416565e+00,1.081101801531524309e+01,1.219183204075979532e+01,6.841511502248160959e-01,-2.584198375652684287e-01,-6.820237467997734004e-01,6.570544664090239166e+02
-6.347826125805205777e+00,1.021758290062288133e+01,1.272873086453152425e+01,6.661440924241888162e-01,-2.106410190213626743e-01,-7.154595790357382024e-01,6.650583422430900100e+02
-6.208710073410301788e+00,9.575348951373257478e+00,1.321353765396715829e+01,6.485355432506451079e-01,-1.601805954190273773e-01,-7.441396548980551140e-01,6.730622180771561034e+02
-6.173102092895371484e+00,9.393838344946205510e+00,1.332678863818194515e+01,6.442281089424473084e-01,-1.461888740493063055e-01,-7.507322803454200555e-01,6.751676299021933119e+02
-6.047184900424822374e+00,8.656179793625287999e+00,1.370103370675486332e+01,6.292602906992005307e-01,-9.018053922873674189e-02,-7.719449183028358474e-01,6.831715057362594052e+02
-5.942883196501146159e+00,7.870575526747769501e+00,1.401578351292050506e+01,6.154566454331911185e-01,-3.158006335413182653e-02,-7.875378195303843754e-01,6.911753815703254986e+02
-5.867269573179552111e+00,7.038219219869627175e+00,1.426734245356681541e+01,6.031465380709684077e-01,2.924788863926314209e-02,-7.970939810481265653e-01,6.991792574043915920e+02
-5.825125080260830757e+00,6.161798618683762108e+00,1.445326794373061574e+01,5.948947475639697613e-01,2.589936465849922154e-02,-8.033862472255091092e-01,7.071831332384576854e+02
-5.818284051053414174e+00,5.575446429960853933e+00,1.453057883610165035e+01,5.917809515513104968e-01,3.483736277334708448e-02,-8.053456795289980485e-01,7.123073271816559782e+02
-5.838611706745749252e+00,4.625239844491390251e+00,1.458766628465755311e+01,5.907341756943531585e-01,3.685820601942568775e-02,-8.060239489715815830e-01,7.203112030157220715e+02
-5.892656800571749898e+00,3.646350739991840229e+00,1.458252162740898683e+01,6.103628755652346083e-01,8.489526177841096727e-03,-7.920764408041774951e-01,7.283150788497881649e+02
-5.979394949377802249e+00,2.644934070183065700e+00,1.451699032076239604e+01,6.169800626158080670e-01,1.432643831462649363e-02,-7.868483688105419871e-01,7.363189546838542583e+02
-6.097594315704757406e+00,1.627093900525423686e+00,1.439292843301893576e+01,6.258174823725408675e-01,5.375209505998770898e-02,-7.781151528106599047e-01,7.443228305179203517e+02
-6.245816437481357397e+00,5.988776104796081912e-01,1.421220231518601373e+01,6.369736655661464297e-01,9.993206344013305653e-02,-7.643808815452046712e-01,7.523267063519864450e+02
-6.422417120690141701e+00,-4.337298852017316686e-01,1.397668827042333639e+01,6.459516800880158449e-01,1.717396996653575147e-01,-7.438090497905510690e-01,7.603305821860525384e+02
-6.625547394858928740e+00,-1.464811894797036107e+00,1.368827222216926387e+01,6.540093640676177822e-01,2.416917503460695726e-01,-7.168380915705606649e-01,7.683344580201186318e+02
-6.853154531221187007e+00,-2.488525686203471032e+00,1.334884938099207652e+01,6.609150313124452225e-01,3.085871993848075534e-01,-6.840798650458225216e-01,7.763383338541847252e+02
-7.102983123377184072e+00,-3.499108200439836391e+00,1.296032391020776586e+01,6.621260734889269362e-01,3.355465112933415095e-01,-6.700728330301144453e-01,7.843422096882508185e+02
-7.372576230280002640e+00,-4.490881740720784165e+00,1.252460859030874296e+01,6.686307348352843460e-01,3.955959529894382265e-01,-6.296322596659146287e-01,7.923460855223169119e+02
-7.659276581361835312e+00,-5.458259635764157736e+00,1.204362448224965121e+01,6.794844179787448146e-01,4.336267166229839098e-01,-5.918351090927749247e-01,8.003499613563830053e+02
-7.960227843605895082e+00,-6.395751875996169566e+00,1.151930058963524672e+01,6.840440693703654373e-01,4.839724249366232356e-01,-5.457603897867590037e-01,8.083538371904490987e+02
-8.272375950359753816e+00,-7.297970721322855958e+00,1.095357351985392391e+01,6.874545688910436159e-01,5.287310074719570041e-01,-4.978450938279079252e-01,8.163577130245151920e+02
-8.592470491678165345e+00,-8.159636279139556692e+00,1.034838714420061123e+01,6.899039218345611735e-01,5.679220637946111871e-01,-4.488842925438150111e-01,8.243615888585812854e+02
-8.917066165973084324e+00,-8.975582051253740090e+00,9.705692257035899217e+00,6.915892018913606387e-01,6.017281659581746878e-01,-3.995342164569665733e-01,8.323654646926473788e+02
-9.235597182147452955e+00,-9.722335865400356880e+00,9.044979829782244352e+00,6.927079547241205004e-01,6.297541892333803348e-01,-3.515186347904384334e-01,8.401724681973482802e+02
-9.564276838143721093e+00,-1.043354209854197556e+01,8.337508985098905256e+00,6.935411744286482660e-01,6.536641813264186807e-01,-3.028593360340636198e-01,8.481763440314143736e+02
-9.896615019426796778e+00,-1.108651870462466071e+01,7.605448795464733180e+00,6.942777439810576823e-01,6.729522660196189943e-01,-2.551737875872693295e-01,8.561802198654804670e+02
-1.023381827028401680e+01,-1.167739942951719456e+01,6.854355293877038235e+00,6.951430002568187438e-01,6.878845845946236492e-01,-2.087845958662434831e-01,8.641840956995465604e+02
-1.057694666868151145e+01,-1.220225491063425416e+01,6.089787834397302646e+00,6.963466440274216351e-01,6.987298763562859172e-01,-1.639448420624353697e-01,8.721879715336126537e+02
-1.092691276507144060e+01,-1.265709684973081295e+01,5.317308110528491838e+00,6.980813196645514473e-01,7.057471732082262195e-01,-1.208445226065145012e-01,8.801918473676787471e+02
-1.128448056737586569e+01,-1.303788220884554683e+01,4.542479173285500771e+00,7.005222767374789106e-01,7.091751490637869804e-01,-7.961876502995061944e-02,8.881957232017448405e+02
-1.165026457232829671e+01,-1.334051742839653087e+01,3.770864449079626812e+00,7.038278704531591989e-01,7.092232653731703751e-01,-4.035701459211974568e-02,8.961995990358109339e+02
-1.202472884333823444e+01,-1.356086266642582316e+01,3.008026757549151053e+00,7.081405953721158220e-01,7.060645928173965302e-01,-3.112548092711123638e-03,9.042034748698770272e+02
-1.240818613502368706e+01,-1.369473605799290183e+01,2.259527329477480251e+00,7.137091835293919440e-01,6.999485539689662694e-01,2.629112288514655338e-02,9.122073507039431206e+02
-1.280079706456456101e+01,-1.373791799371220534e+01,1.530924824929008832e+00,7.205420240700848300e-01,6.908495515763772854e-01,5.954904395289412761e-02,9.202112265380092140e+02
-1.320256933002983146e+01,-1.368615541642341782e+01,8.277743517280531371e-01,7.287168127649543692e-01,6.787751651616565907e-01,9.075286195736186057e-02,9.282151023720753074e+02
-1.329270391768302062e+01,-1.365388038110049962e+01,6.796941776138781810e-01,7.308974815868298780e-01,6.755238134600988209e-01,9.724427416745586028e-02,9.299751986704784485e+02
-1.370872200872442193e+01,-1.341212690368818805e+01,3.826254802847621483e-02,7.424930864058630897e-01,6.580562706718698918e-01,1.251637378353903096e-01,9.379790745045445419e+02
-1.412746384768948360e+01,-1.307490565305376684e+01,-5.694506506252188238e-01,7.552490035114158839e-01,6.377374410822225226e-01,1.512940809711732226e-01,9.459829503386106353e+02
-1.454497141627282808e+01,-1.264549923817413557e+01,-1.141225974916951103e+00,7.689851615805171070e-01,6.146471164584176305e-01,1.757007213939043022e-01,9.539868261726767287e+02
-1.495741247850680722e+01,-1.212730646159622161e+01,-1.674850360811447336e+00,7.835211187653779996e-01,5.888325028973113717e-01,1.984211177781697311e-01,9.619907020067428221e+02
-1.536108191486961339e+01,-1.152383874405461128e+01,-2.168117512279591708e+00,7.986740466668371674e-01,5.603165395658145087e-01,2.194655842491251563e-01,9.699945778408089154e+02
-1.575240301698110201e+01,-1.083871652061592172e+01,-2.618828289008746868e+00,8.142564680336260574e-01,5.291051471895302782e-01,2.388182310523001839e-01,9.779984536748750088e+02
-1.612792874267816146e+01,-1.007566560920909993e+01,-3.024791093160097422e+00,7.681164530101346477e-01,6.218640430605428815e-01,1.525851452911612116e-01,9.860023295089411022e+02
-1.648434293127485972e+01,-9.238513552397302320e+00,-3.383822255121625489e+00,7.897822924945966383e-01,5.894513291585891102e-01,1.696792887041671805e-01,9.940062053430071956e+02
-1.681846147882243869e+01,-8.331185933246358033e+00,-3.693746418205782867e+00,8.116806652029890934e-01,5.540153921331709697e-01,1.850444352450560381e-01,1.002010081177073289e+03
-1.696150408999860559e+01,-7.886397177637349820e+00,-3.812233457292845351e+00,8.218893457843794437e-01,5.365887455683188145e-01,1.912339442032787162e-01,1.005671229717381607e+03
-1.725046488177385839e+01,-6.851951771649283707e+00,-4.018803632113455926e+00,8.444788010495358765e-01,4.956976884648415238e-01,2.028283910811091162e-01,1.013675105551447700e+03
-1.750846935327109577e+01,-5.757712770522362078e+00,-4.172553081588220358e+00,8.666896523449579837e-01,4.513755040006468544e-01,2.123892673991268354e-01,1.021678981385513794e+03
-1.773041320206116467e+01,-4.608567511280216245e+00,-4.276114143517734334e+00,8.881267069649334545e-01,4.035581918507738508e-01,2.199357591792595601e-01,1.029682857219579773e+03
-1.791055592067628055e+01,-3.409784483240402508e+00,-4.333719307800147469e+00,9.083288450441888706e-01,3.522282359968892385e-01,2.255526081144030581e-01,1.037686733053645867e+03
-1.804436851295047362e+01,-2.167080020448500566e+00,-4.348663227321113212e+00,9.268127252710572916e-01,2.974134968193510309e-01,2.292670586571943503e-01,1.045690608887711960e+03
-1.812959052289953732e+01,-8.868123618337805381e-01,-4.322356165504844583e+00,9.430903599986539820e-01,2.392108705635159760e-01,2.309950914670139965e-01,1.053694484721778053e+03
-1.816395918181177649e+01,3.616999992178570600e-01,-4.258481207625953502e+00,9.560970856566337606e-01,1.807958701676335156e-01,2.306322096525538490e-01,1.061315597997590430e+03
-1.815013298258254437e+01,1.697335979391954464e+00,-4.151089421190031992e+00,9.666531803488712660e-01,1.165880449673004499e-01,2.280106503918516714e-01,1.069319473831656524e+03
-1.808531569686251927e+01,3.050768756329050202e+00,-4.003859821805856534e+00,9.735380428355455695e-01,4.988813677489914444e-02,2.230131228449671044e-01,1.077323349665722617e+03
-1.796912366589069876e+01,4.415280547991914162e+00,-3.817285210405134244e+00,9.763877484869721846e-01,-1.407530963055632182e-02,2.155663477060955069e-01,1.085327225499788710e+03
-1.780138653374716995e+01,5.784147520196210479e+00,-3.591865345458435055e+00,9.750129548985866368e-01,-8.400206313442308559e-02,2.056535707666831692e-01,1.093331101333854804e+03
-1.758214725978613657e+01,7.150645697861370387e+00,-3.328106855671102426e+00,9.689136206617520175e-01,-1.545151679373427955e-01,1.932135051527960334e-01,1.101334977167920897e+03
-1.731166206758188508e+01,8.508056875801775831e+00,-3.026523151765497577e+00,9.783019857779462480e-01,-2.028547618920243517e-02,2.061885643742264462e-01,1.109338853001986990e+03
-1.699040033039569764e+01,9.849674527695931658e+00,-2.687634337361020531e+00,9.773678298357738603e-01,-8.802568852149887657e-02,1.923632068832962227e-01,1.117342728836053084e+03
-1.661904439318222870e+01,1.116880971186929017e+01,-2.311967118963408119e+00,9.719023163100649620e-01,-1.564449712537020754e-01,1.758717104043702462e-01,1.125346604670119177e+03
-1.619886311816357605e+01,1.245889588345552745e+01,-1.900184337827221626e+00,9.617198407359140999e-01,-2.247962780377414926e-01,1.567213492644399797e-01,1.133350480504185271e+03
-1.573208044727456922e+01,1.371361245033670251e+01,-1.453214477926106918e+00,9.467575425490745156e-01,-2.922861987396398464e-01,1.349775301773191993e-01,1.141354356338251364e+03
-1.565769805212286947e+01,1.389377056979022917e+01,-1.382051346985514018e+00,9.441768198632701781e-01,-3.020764610799722139e-01,1.314532026779175744e-01,1.142537868273054755e+03
-1.512024983021193947e+01,1.507224361678060909e+01,-8.671012474669232972e-01,9.243188709704632799e-01,-3.667356009162751063e-01,1.055444161880050857e-01,1.150541744107120849e+03
-1.454297647827058704e+01,1.620189555761856326e+01,-3.192603398564050066e-01,8.997412459368303583e-01,-4.274736919927270562e-01,8.793141085043139349e-02,1.158545619941186942e+03
-1.392909597005035494e+01,1.727681134577890631e+01,2.603917019420447510e-01,8.716037178174982358e-01,-4.868237071470757904e-01,5.752944677548252339e-02,1.166549495775253035e+03
-1.328201923727954004e+01,1.829118443415602968e+01,8.707695557170551659e-01,8.397158936296320597e-01,-5.424443733288905056e-01,2.512607867566201900e-02,1.174553371609319129e+03
-1.260534876188837217e+01,1.923932213528646429e+01,1.510782439171965974e+00,8.111426937096207768e-01,-5.847697763709684970e-01,9.583271077657506271e-03,1.182557247443385222e+03
-1.190287711036005547e+01,2.011565095024896621e+01,2.179334298873272679e+00,7.743162117866247973e-01,-6.322561252803485798e-01,-2.620298093521140209e-02,1.190561123277451316e+03
-1.117858541043827003e+01,2.091472186500095631e+01,2.875323999901284733e+00,7.352714009305341136e-01,-6.747968089609462927e-01,-6.344472862085480391e-02,1.198564999111517409e+03
-1.043678232068475964e+01,2.163216459884705500e+01,3.597023089616048441e+00,6.945678069412871691e-01,-7.121705034794290068e-01,-1.019251467235985920e-01,1.206568874945583502e+03
-9.682195265286850372e+00,2.226564850816091834e+01,4.341453672642039407e+00,6.527170557854873323e-01,-7.442926349663319119e-01,-1.413821722198371489e-01,1.214572750779649596e+03
-9.647844640124155546e+00,2.229076985702521796e+01,4.376038219145899077e+00,6.508421874709173771e-01,-7.455825972854823736e-01,-1.432167505325592782e-01,1.214934784745257957e+03
-8.886581587999327070e+00,2.276749393654181119e+01,5.158929603789035312e+00,6.207960137280967849e-01,-7.825450715771190557e-01,-4.728128900174294325e-02,1.222938660579324051e+03
-8.123939487045566565e+00,2.315796090811358710e+01,5.957175325935659238e+00,5.828788922138613549e-01,-8.075054905782319548e-01,-9.048248282154353062e-02,1.230942536413390144e+03
-7.364927039902994466e+00,2.346129726521914804e+01,6.767163009092578285e+00,5.475358865651364093e-01,-8.309608975994818847e-01,-9.853141419868713391e-02,1.238946412247456237e+03
-6.614587213178881875e+00,2.367679184045777419e+01,7.585278143980551668e+00,5.130538110900050297e-01,-8.512359911704928672e-01,-1.103316557566769857e-01,1.246950288081522331e+03
-5.877995192657173185e+00,2.380389677518634173e+01,8.407904724215386594e+00,4.766791721574715202e-01,-8.650466636237261753e-01,-1.564328500818397139e-01,1.254954163915588424e+03
-5.160256327633896412e+00,2.384222844447667455e+01,9.231425882190958276e+00,4.408116156798770335e-01,-8.742614543206150834e-01,-2.033519829529567835e-01,1.262958039749654517e+03
-4.466504064703286758e+00,2.379156833716134045e+01,1.005222452508006015e+01,4.057786490838619087e-01,-8.788450171718891202e-01,-2.509484483710107128e-01,1.270961915583720611e+03
-3.801897871323112188e+00,2.365186389074134610e+01,1.086668397086789817e+01,3.719062428687496813e-01,-8.787646552141833434e-01,-2.990960167931830949e-01,1.278965791417786704e+03
-3.170623492400360455e+00,2.342447773394605548e+01,1.167075002060611233e+01,3.394510405476505177e-01,-8.740229556967947788e-01,-3.476447381827548200e-01,1.286969667251852798e+03
-3.095246134083920797e+00,2.338579696019730747e+01,1.177028790038214012e+01,3.356259643281306881e-01,-8.730300578627154806e-01,-3.537989968004940367e-01,1.287977668574702420e+03
-2.530474510498266660e+00,2.300201444987845179e+01,1.254394202772507505e+01,3.073282784297363124e-01,-8.620630153706132504e-01,-4.029847227967090495e-01,1.295981544408768514e+03
-2.003496366753577895e+00,2.254096489461170094e+01,1.329623340261835551e+01,2.805928569010265883e-01,-8.465563906742153977e-01,-4.523382871974968578e-01,1.303985420242834607e+03
-1.515135028089180658e+00,2.200794590088546698e+01,1.402180175456545541e+01,2.554818990623863306e-01,-8.265467604761345122e-01,-5.015470586075490012e-01,1.311989296076900700e+03
-1.066045655276525173e+00,2.140825992315940240e+01,1.471529145518870152e+01,2.320673065788603773e-01,-8.020882410759631043e-01,-5.502719498074571947e-01,1.319993171910966794e+03
-6.567154179281947668e-01,2.074720961567838984e+01,1.537135246386412213e+01,2.104292947056556062e-01,-7.732604608494586529e-01,-5.981536354621305174e-01,1.327997047745032887e+03
-2.874637175879901640e-01,2.003009318896069146e+01,1.598464127261640400e+01,1.906542411325840847e-01,-7.401737431804947809e-01,-6.448207427218309862e-01,1.336000923579098981e+03
4.155753944056795463e-02,1.926219977203137645e+01,1.654982185014720741e+01,1.728321258939673755e-01,-7.029708279928448267e-01,-6.898993196474584311e-01,1.344004799413165074e+03
3.303636195789139141e-01,1.844880478146872704e+01,1.706156658487230260e+01,1.570539582599174422e-01,-6.618246560188844052e-01,-7.330226319018924297e-01,1.352008675247231167e+03
5.791365898307087035e-01,1.759516529832976062e+01,1.751455722684267258e+01,1.434096103665017108e-01,-6.169320155819324469e-01,-7.738401461571648987e-01,1.360012551081297261e+03
7.882248960779415503e-01,1.670651545402048299e+01,1.790348582842467451e+01,1.319864710562153320e-01,-5.685031651925173124e-01,-8.120244593755879814e-01,1.368016426915363354e+03
9.581428918874724809e-01,1.578806182617212173e+01,1.822305568361749550e+01,1.228692930292443752e-01,-5.167478389833747299e-01,-8.472749304307934937e-01,1.376020302749429447e+03
1.089570317908297392e+00,1.484497884558648373e+01,1.846798226588208891e+01,1.161415365890900303e-01,-4.618582577934228772e-01,-8.793168332215351990e-01,1.384024178583495541e+03
1.183351731950109231e+00,1.388240421531669710e+01,1.863299416435045686e+01,1.118884250239045447e-01,-4.039898663875678420e-01,-9.078949103292874856e-01,1.392028054417561634e+03
1.240495889839434041e+00,1.290543434294247227e+01,1.871283401829120052e+01,1.102018315387307268e-01,-3.432404920994784336e-01,-9.327601625867268931e-01,1.400031930251627728e+03
1.262175077155774261e+00,1.191911978709586251e+01,1.870225944970917809e+01,1.111870180622540338e-01,-2.796285181755397975e-01,-9.536484356603200929e-01,1.408035806085693821e+03
1.260279111070502944e+00,1.162610013220026950e+01,1.867154827207738421e+01,1.122064447883149019e-01,-2.604094246325550088e-01,-9.589560184442811330e-01,1.410401198203851209e+03
1.225869922306364268e+00,1.063251407008291949e+01,1.847517912446104305e+01,1.182868312452465126e-01,-1.935605984934702650e-01,-9.739314761649344732e-01,1.418405074037917302e+03
1.156590701287456557e+00,9.640802013506936774e+00,1.819034239873452563e+01,1.276293854730381205e-01,-1.227238002193051652e-01,-9.841999841615050038e-01,1.426408949871983395e+03
1.052080356900811697e+00,8.655610738458433318e+00,1.782259369756533474e+01,1.405197503992645924e-01,-4.754828452279187545e-02,-9.889354682620438153e-01,1.434412825706049489e+03
9.121268233891659527e-01,7.681599705547325740e+00,1.737750320838245344e+01,1.572427329032962950e-01,2.839573596664331234e-02,-9.871516626780381110e-01,1.442416701540115582e+03
7.366672350707914596e-01,6.723436916469758273e+00,1.686065471680860739e+01,1.780250821905877134e-01,1.123099730461075835e-01,-9.775957958509319257e-01,1.450420577374181676e+03
5.257880563985690703e-01,5.785794767067440780e+00,1.627764461828482823e+01,2.029186988251618917e-01,1.999890487149273421e-01,-9.585553620220387261e-01,1.458424453208247769e+03
2.797251673355358181e-01,4.873345897944677318e+00,1.563408092801842741e+01,2.317910036701618381e-01,2.902006752655484911e-01,-9.284699772706701548e-01,1.466428329042313862e+03
-1.136095971648822976e-03,3.990759043608797629e+00,1.493558228939119559e+01,2.642236340488988700e-01,3.809927459749415379e-01,-8.860194121600650785e-01,1.474432204876379956e+03
-3.162609452298881241e-01,3.142694881094785675e+00,1.418777698096006645e+01,2.994687034626983824e-01,4.697157315034616865e-01,-8.304731345591730429e-01,1.482436080710446049e+03
-6.649651887476077938e-01,2.333801879032937343e+00,1.339630192217994242e+01,3.364734251530461240e-01,5.532374088543183799e-01,-7.620459327428610319e-01,1.490439956544512143e+03
-1.046415324889447440e+00,1.568712148120228411e+00,1.256680167798114311e+01,3.739948700663929815e-01,6.283595647248844118e-01,-6.821232253653116695e-01,1.498443832378578236e+03
-1.459628680227033071e+00,8.520372939550119318e-01,1.170492746233320069e+01,4.107890127533521119e-01,6.923438429028991870e-01,-5.932220412253510489e-01,1.506447708212644329e+03
-1.903473592368777778e+00,1.883642731969469852e-01,1.081633614092693207e+01,4.458155549144848240e-01,7.433695360223355753e-01,-4.986483970797735421e-01,1.514451584046710423e+03
-2.376669637444490668e+00,-4.177487459848833184e-01,9.906689233108830095e+00,4.783852257372244732e-01,7.807553366282552476e-01,-4.019560674039449610e-01,1.522455459880776516e+03
-2.877787902211365267e+00,-9.617765182163940940e-01,8.981651913199895532e+00,5.082048530553660015e-01,8.048881217392626075e-01,-3.064032291181275069e-01,1.530459335714842609e+03
-3.279035239226451459e+00,-1.326855510484702405e+00,8.268824066088861002e+00,5.294057153309017494e-01,8.148940274585261268e-01,-2.359604047025669615e-01,1.536561334239258713e+03
-3.828062151003739366e+00,-1.737666799697263009e+00,7.328917834377318918e+00,5.553040074263458914e-01,8.183418243332495345e-01,-1.481692204311328143e-01,1.544565210073324806e+03
-4.396551998663414729e+00,-2.078223229708025421e+00,6.389569232746009853e+00,5.773426415082753005e-01,8.116183683299716956e-01,-8.916893228945643735e-02,1.552569085907390900e+03
-4.979169553239763957e+00,-2.348462970090104296e+00,5.456736039728269816e+00,5.961967822236338144e-01,7.975958459194487649e-01,-9.159838119870856998e-02,1.560572961741456993e+03
-5.570591329491483279e+00,-2.548503016066935523e+00,4.536374826147602235e+00,6.190331105719655280e-01,7.840969293259990591e-01,-4.460956665487494921e-02,1.568576837575523086e+03
-6.165507903508776977e+00,-2.678638801241144840e+00,3.634439904375247998e+00,6.336325107522652322e-01,7.606196854408521224e-01,-1.413065300601478169e-01,1.576580713409589180e+03
-6.758626225595480541e+00,-2.739343759733541717e+00,2.756882277888740074e+00,6.606599856657460190e-01,7.468594128231653695e-01,-7.569280558661298230e-02,1.584584589243655273e+03
-7.344671928059597121e+00,-2.731268837840218566e+00,1.909648591272135487e+00,6.852072773027095831e-01,7.281893148984616149e-01,-1.520883950591900985e-02,1.592588465077721366e+03
-7.918391627548160727e+00,-2.655241955322471092e+00,1.098680080792830971e+00,7.078596051366846664e-01,7.061624921479748851e-01,1.641079215327660365e-02,1.600592340911787460e+03
-8.474555221555977624e+00,-2.512267416450892465e+00,3.299115256938706664e-01,7.290518321033110372e-01,6.811852496953462177e-01,6.685866962701508820e-02,1.608596216745853553e+03
-9.007958178733050048e+00,-2.303525270932216706e+00,-3.907297996518472871e-01,7.484997340935013455e-01,6.535881345453892211e-01,1.121191261267945188e-01,1.616600092579919647e+03
-9.032610627088637045e+00,-2.290472239808690080e+00,-4.231686082050883924e-01,7.494351088193963450e-01,6.521687363842347818e-01,1.141181709976544917e-01,1.616988761600147200e+03
-9.511520912058236021e+00,-1.962520216829464648e+00,-1.035465005058122667e+00,7.686680307077619068e-01,6.214715571965023777e-01,1.514019886382133584e-01,1.624992637434213293e+03
-9.956121270021785818e+00,-1.572245511555280917e+00,-1.587524324328874581e+00,7.868460551527542979e-01,5.890218870347442293e-01,1.841914821173272487e-01,1.632996513268279386e+03
-1.036130150182534315e+01,-1.121377874865654656e+00,-2.073453201825584458e+00,7.984027244283946612e-01,5.678846924278159181e-01,2.001501079976778785e-01,1.641000389102345480e+03
-1.072180144090647680e+01,-6.124282133934388916e-01,-2.488068138587158806e+00,8.158285451520852494e-01,5.329005618408881872e-01,2.245902404484612647e-01,1.649004264936411573e+03
-1.103205894073441407e+01,-4.930529964140361460e-02,-2.827594548401587193e+00,8.326850341003628753e-01,4.966399927248002499e-01,2.449170300562777125e-01,1.657008140770477667e+03
-1.128644294761364542e+01,5.632811775077518623e-01,-3.088969294477958982e+00,8.490543753122293813e-01,4.591858889995730775e-01,2.612565541892326593e-01,1.665012016604543760e+03
-1.144536278311280597e+01,1.101304413776453384e+00,-3.236652588202569625e+00,8.622421155482652422e-01,4.276193549547576689e-01,2.714410091399773184e-01,1.671566654257867413e+03
-1.157416341144353389e+01,1.798009562245164839e+00,-3.333190472009121219e+00,8.781527482448392430e-01,3.879091835705337776e-01,2.799539534489158821e-01,1.679570530091933506e+03
-1.163181423129396208e+01,2.529682865087987675e+00,-3.343020136241916074e+00,8.937892037817696256e-01,3.467845191473091226e-01,2.843964776204512268e-01,1.687574405925999599e+03
-1.161354137201941050e+01,3.290902814824252953e+00,-3.266080612202749922e+00,9.091371252922914037e-01,3.040138140359024965e-01,2.846845417134764578e-01,1.695578281760065693e+03
-1.151537743414998438e+01,4.076105698276223599e+00,-3.108216352541334437e+00,9.240467450806806315e-01,2.592428833669461197e-01,2.809461520102944920e-01,1.703582157594131786e+03
-1.133383111618556427e+01,4.879604188131231091e+00,-2.878231176513390110e+00,9.382491011269000758e-01,2.120280725780812614e-01,2.733728601624307863e-01,1.711586033428197879e+03
-1.106677632211367346e+01,5.694980675379685664e+00,-2.584775607383306806e+00,9.513854841624809211e-01,1.618821995255119439e-01,2.620301776546054007e-01,1.719589909262263973e+03
-1.071470392953501083e+01,6.514544084330831097e+00,-2.236179254786344384e+00,9.629862721356804434e-01,1.083184920260396866e-01,2.468289771550943035e-01,1.727593785096330066e+03
-1.071268400528880527e+01,6.518486093454380459e+00,-2.234270908786057053e+00,9.630387379977094486e-01,1.080527519971788142e-01,2.467407382286417039e-01,1.727632210915535779e+03
-1.022428623329404651e+01,7.336750140423086819e+00,-1.791976106189054008e+00,9.730511163464437008e-01,5.059558874322556132e-02,2.249702455363060405e-01,1.735636086749601873e+03
-9.654933809797135780e+00,8.141725996026114132e+00,-1.310938888029635541e+00,9.801284351237701253e-01,-3.526958710280766671e-03,1.983325773141814408e-01,1.743639962583667966e+03
-9.007045438565254969e+00,8.925316873701170550e+00,-7.993519180127696133e-01,9.835058635357399881e-01,-7.096228578712369950e-02,1.663747889155235415e-01,1.751643838417734059e+03
-8.283276921693730088e+00,9.679517101224972109e+00,-2.654132762614248020e-01,9.811467699620216587e-01,-1.444586807133382833e-01,1.283849888408038764e-01,1.759647714251800153e+03
-7.486519880243061031e+00,1.039641857858412166e+01,2.826749929294248287e-01,9.708951057134043161e-01,-2.244004820761021368e-01,8.370852612351049882e-02,1.767651590085866246e+03
-6.619900406839988705e+00,1.106821720706970424e+01,8.367083338681950977e-01,9.499439592964633583e-01,-3.079146040736937540e-01,5.286842908863138846e-02,1.775655465919932340e+03
-5.686777650460253852e+00,1.168721928813974209e+01,1.388481132578676558e+00,9.161859526840153700e-01,-4.007185441793818526e-01,-5.286629856528481108e-03,1.783659341753998433e+03
-4.690742333622076821e+00,1.224584789059582235e+01,1.929788170055599439e+00,8.661121271943335032e-01,-4.990020553391896763e-01,-2.909865794450173029e-02,1.791663217588064526e+03
-3.635615202220899622e+00,1.273664918463222762e+01,2.452426075471423772e+00,8.093823051278042913e-01,-5.787703037820246532e-01,-9.962539639100481681e-02,1.799667093422130620e+03
-2.525445408262495306e+00,1.315229874131050636e+01,2.948194779147529587e+00,7.125835806283417062e-01,-6.790637117208176976e-01,-1.763437439855405076e-01,1.807670969256196713e+03
-1.366008806183526936e+00,1.348623168805019823e+01,3.411405232386776287e+00,6.152637498707863584e-01,-7.574904281324156274e-01,-2.183088852582687756e-01,1.815674845090262806e+03
-1.219298774485100267e+00,1.351779868771492588e+01,3.463944120275010530e+00,5.981271864733672672e-01,-7.682970460135979396e-01,-2.279550786629531145e-01,1.816653591133128202e+03
1.500160677844288200e-02,1.370146939091981508e+01,3.860434137125946741e+00,4.358525431000326300e-01,-8.999239102730970385e-01,1.301984608253662495e-02,1.824657466967194296e+03
1.278850708972485650e+00,1.380499547559255724e+01,4.223471403694556869e+00,2.435447989873663621e-01,-9.686725417884847200e-01,-4.857404318398424875e-02,1.832661342801260389e+03
2.564330181282778565e+00,1.383051403587717765e+01,4.552827811499915889e+00,2.490424286469249127e-02,-9.985031254390208666e-01,-4.869586405274519553e-02,1.840665218635326482e+03
3.863847572096524186e+00,1.377823255393712465e+01,4.848264532962022422e+00,-1.635196524356803960e-01,-9.814718488748032099e-01,-9.987158321359376756e-02,1.848669094469392576e+03
5.169835596540258038e+00,1.364862312521886523e+01,5.109548730004751071e+00,-3.785203209864969054e-01,-9.218426938793602421e-01,-8.323709714738561360e-02,1.856672970303458669e+03
6.474755673411319634e+00,1.344242166222348267e+01,5.336453593079040658e+00,-5.543912947010726233e-01,-8.246057729245847012e-01,-1.125860187550684066e-01,1.864676846137524763e+03
7.771101452636479223e+00,1.316062702091735126e+01,5.528758379386482957e+00,-6.931279441258112461e-01,-7.160779442378650828e-01,-8.249867179536514439e-02,1.872680721971590856e+03
9.051402332692600083e+00,1.280450004998835745e+01,5.686248450298132084e+00,-7.922008059152960691e-01,-6.028292545222465604e-01,-9.494615842311909804e-02,1.880684597805656949e+03
1.030822696742244560e+01,1.237556256317092007e+01,5.808715307963016272e+00,-8.627766539304561055e-01,-4.955703661747651312e-01,-1.001322006248504815e-01,1.888688473639723043e+03
1.153418676168112000e+01,1.187559623487315896e+01,5.895956631100427892e+00,-9.123250534609744777e-01,-3.970482562544047633e-01,-1.000783644588909144e-01,1.896692349473789136e+03
1.184630892402763180e+01,1.172867332155414033e+01,5.909589488789514178e+00,-9.227374403053005825e-01,-3.724713924520212660e-01,-9.909933432508054307e-02,1.898788793137455286e+03
1.299880099908608067e+01,1.110830535422920029e+01,5.926324349403743419e+00,-9.546809608626618537e-01,-2.829156623365616241e-01,-9.242830178581243339e-02,1.906792668971521380e+03
1.410413687544808070e+01,1.042244641915628023e+01,5.908036626361926835e+00,-9.759996400756604240e-01,-2.010889435164445738e-01,-8.359389551648668815e-02,1.914796544805587473e+03
1.453116790456029506e+01,1.012244947342964174e+01,5.887041763095644420e+00,-9.823069045129990684e-01,-1.696701125692147150e-01,-7.927924221913115743e-02,1.918029671460766167e+03
1.553801707038481439e+01,9.325973730888621915e+00,5.802174202992811836e+00,-9.931744330261784715e-01,-9.539193635141285377e-02,-6.711873108348416495e-02,1.926033547294832260e+03
1.648944424260287889e+01,8.473941100899407886e+00,5.684645168009598848e+00,-9.965813719088939537e-01,-2.504658458225696507e-02,-7.872888774109837451e-02,1.934037423128898354e+03
1.738329999591561759e+01,7.571129937103433960e+00,5.534914688002965377e+00,-9.976232761315410036e-01,2.644240619775527906e-02,-6.362859479073991464e-02,1.942041298962964447e+03
1.821756838750849283e+01,6.622383703309304259e+00,5.353448468156854823e+00,-9.939021555005235209e-01,8.516926754061227012e-02,-7.003357164966557413e-02,1.950045174797030541e+03
1.899036773229951081e+01,5.632607353243297865e+00,5.140717807436293363e+00,-9.885014660818886023e-01,1.415394608695575429e-01,-5.321120719089038331e-02,1.958049050631096634e+03
1.969995134039391260e+01,4.606763693843412888e+00,4.897199516297771282e+00,-9.802555722282007000e-01,1.943735798617181043e-01,-3.630323081081528180e-02,1.966052926465162727e+03
2.034470821662864282e+01,3.549869732908076614e+00,4.623375833667629387e+00,-9.573413601480207369e-01,2.473881751668932372e-01,-1.493204973790670798e-01,1.974056802299228821e+03
2.092316372209478104e+01,2.466993011915332712e+00,4.319734343199577609e+00,-9.471863391187759218e-01,2.945878584791027932e-01,-1.267124012220881557e-01,1.982060678133294914e+03
2.143398019753333017e+01,1.363247924828383084e+00,3.986767888821950656e+00,-9.986601374639718642e-01,4.934570988897123145e-02,-1.558623610736611063e-02,1.990064553967361007e+03
2.187595754850754659e+01,2.437920237021878322e-01,3.624974489585471193e+00,-9.932970547373091152e-01,1.153911229801849875e-01,6.771247119931130334e-03,1.998068429801427101e+03
2.224803379225821232e+01,-8.861776880895509967e-01,3.234857253822723155e+00,-9.838806963556495644e-01,1.783338724366122507e-01,1.325915836259122620e-02,2.006072305635493194e+03
2.254928556615121948e+01,-2.021428474182215940e+00,2.816924292631011628e+00,-9.707600953667355759e-01,2.372516794780978877e-01,3.655786958219157945e-02,2.014076181469559288e+03
2.277892859763580446e+01,-3.156695594279742778e+00,2.371688632690066800e+00,-9.543470962786068101e-01,2.926193756206191265e-01,5.996266201554693170e-02,2.022080057303625381e+03
2.293631813563871802e+01,-4.286686043122594825e+00,1.899668128426291069e+00,-9.403144699764607317e-01,3.382498884839831854e-01,3.735920895121595114e-02,2.030083933137691474e+03
2.302094934332362186e+01,-5.406082298537834063e+00,1.401385373534790091e+00,-9.197561017364432878e-01,3.875153408515178421e-01,6.229425273099731958e-02,2.038087808971757568e+03
2.303245765215109842e+01,-6.509546077742792924e+00,8.773676118704117899e-01,-8.968779412153614627e-01,4.335815235853128780e-01,8.727554621274762059e-02,2.046091684805823661e+03
2.302521713232593825e+01,-6.650948872050629568e+00,8.056777186473993435e-01,-8.937186705039182888e-01,4.393786565156415636e-01,9.062744722885424098e-02,2.047136279865358347e+03
2.290278644069959668e+01,-7.711085045084079326e+00,2.313882857091438539e-01,-8.681927985692859950e-01,4.822248232190635697e-01,1.170490682738397487e-01,2.055140155699424213e+03
2.270818907623237948e+01,-8.744090001442138771e+00,-3.659010787845108914e-01,-8.459758560452512732e-01,5.114916373251676696e-01,1.506690277891356289e-01,2.063144031533490306e+03
2.244418737313143097e+01,-9.748190919012914790e+00,-9.808636512634419935e-01,-8.168108088201879724e-01,5.491123143901459613e-01,1.769061015895374012e-01,2.071147907367556400e+03
2.211444922019730086e+01,-1.072290617762181064e+01,-1.606574948933588987e+00,-7.859629950647172292e-01,5.841026425190422033e-01,2.026974923159415021e-01,2.079151783201622493e+03
2.172260322146953015e+01,-1.166788274770893530e+01,-2.236108571893750341e+00,-7.536184536421972613e-01,6.165902212777060187e-01,2.277624318333751618e-01,2.087155659035688586e+03
2.127223697106741440e+01,-1.258289487239605897e+01,-2.862537428583009191e+00,-7.199683955327145224e-01,6.467013610302458915e-01,2.518389546429945502e-01,2.095159534869754680e+03
2.076729839260764976e+01,-1.346760867767619452e+01,-3.479862489322619101e+00,-6.852133561231946723e-01,6.745449417555977600e-01,2.747212735525318417e-01,2.103163410703820773e+03
2.047941474735407397e+01,-1.391351456958282995e+01,-3.794698545523942368e+00,-6.666954223439799376e-01,6.882236595585200511e-01,2.861213173628638362e-01,2.107331732485573866e+03
1.988272744879214571e+01,-1.474056216866551239e+01,-4.384012845331158204e+00,-6.304553675647966982e-01,7.129482288896094033e-01,3.069704422772756014e-01,2.115335608319639960e+03
1.924414277160353492e+01,-1.553530055163061263e+01,-4.955197238644958091e+00,-5.936066399107541303e-01,7.355809065663712065e-01,3.264228652359689731e-01,2.123339484153706053e+03
1.856874846598470086e+01,-1.629729615040682589e+01,-5.505044406794780798e+00,-5.563753586371082971e-01,7.561941366194430136e-01,3.444080255217700226e-01,2.131343359987772146e+03
1.786161502078050489e+01,-1.702629854816878563e+01,-6.030350782300730295e+00,-5.189842276963088086e-01,7.748754868834850651e-01,3.608647270509375282e-01,2.139347235821838240e+03
1.712779315675215841e+01,-1.772223986450585898e+01,-6.527917113608523003e+00,-4.816491139542846689e-01,7.917274872467631175e-01,3.757415560794136744e-01,2.147351111655904333e+03
1.637231132795557187e+01,-1.838523408567777295e+01,-6.994549029251044381e+00,-4.445759880818219711e-01,8.068666529062628046e-01,3.889966519764868069e-01,2.155354987489970426e+03
1.560017323163203251e+01,-1.901557634013958520e+01,-7.427057601363028283e+00,-4.079584081427686248e-01,8.204218818188039331e-01,4.005968959671438734e-01,2.163358863324036520e+03
1.481635532701256963e+01,-1.961374211952537649e+01,-7.822259908473999879e+00,-3.719756612529527828e-01,8.325324166119661973e-01,4.105166046893451992e-01,2.171362739158102613e+03
1.402580436344005577e+01,-2.018038644528646941e+01,-8.176979597501711439e+00,-3.367916172624084714e-01,8.433455480732799936e-01,4.187358273264306652e-01,2.179366614992168707e+03
1.323343491821168527e+01,-2.071634298118776840e+01,-8.488047444871565261e+00,-3.025542950883234328e-01,8.530142123409846233e-01,4.252383473628609245e-01,2.187370490826234800e+03
1.244412694453987100e+01,-2.122262309187591001e+01,-8.752301916689452455e+00,-2.693961003446063152e-01,8.616946004857783947e-01,4.300094843288616575e-01,2.195374366660300893e+03
1.166272333002690686e+01,-2.170041484774301566e+01,-8.966589727893602202e+00,-2.374346636550044853e-01,8.695438609520245166e-01,4.330337797166418090e-01,2.203378242494366987e+03
1.089402746604791439e+01,-2.215108197631756326e+01,-9.127766400309599959e+00,-2.067741921487168399e-01,8.767179355679415309e-01,4.342926374171363069e-01,2.211382118328433080e+03
1.014280082843573894e+01,-2.257616276042068293e+01,-9.232696819534375265e+00,-1.775072404162809925e-01,8.833695309836779863e-01,4.337619754306194508e-01,2.219385994162499173e+03
9.413760569860182059e+00,-2.297736888333361094e+01,-9.278255790576322326e+00,-1.497168090552867536e-01,8.896461909563824211e-01,4.314099349842361875e-01,2.227389869996565267e+03
8.711577124291657981e+00,-2.335658422123062650e+01,-9.261328592177603625e+00,-1.234786857980522401e-01,8.956884015201516114e-01,4.271946880941543401e-01,2.235393745830631360e+03
8.626370922695898003e+00,-2.340296101199768941e+01,-9.250961205061164705e+00,-1.203324648063133495e-01,8.964853996477392117e-01,4.264200114113674833e-01,2.236412113772757039e+03
7.991811835939439668e+00,-2.375416992625673984e+01,-9.103177720834011666e+00,-9.713833229344755182e-02,9.030437750292079624e-01,4.184209420909102972e-01,2.244415989606823132e+03
7.393988981784750614e+00,-2.408856308258557632e+01,-8.886325044382399341e+00,-7.559406803882438852e-02,9.096546174674891017e-01,4.084287132382072305e-01,2.252419865440889225e+03
6.837408538986556650e+00,-2.440855653253508351e+01,-8.597329805211467502e+00,-5.577706483099925672e-02,9.164072762794142069e-01,3.963415484414723466e-01,2.260423741274955319e+03
6.324434902501309352e+00,-2.471543806856275438e+01,-8.234942283564848253e+00,-3.769740943673444145e-02,9.233466451085826643e-01,3.821123896034833156e-01,2.268427617109021412e+03
5.853267844472723525e+00,-2.500796657925144828e+01,-7.801547540356034816e+00,-3.267937575679351336e-02,9.303644279481837476e-01,3.651767922647811693e-01,2.276431492943087505e+03
5.638614824645038048e+00,-2.514620449558438153e+01,-7.552947617364185184e+00,-2.520497051701913252e-02,9.340902856087607287e-01,3.561461045590418872e-01,2.280408773675207158e+03
5.242117576863460471e+00,-2.540862521442098299e+01,-6.990003361890010147e+00,-1.145014166303650986e-02,9.417462414956538908e-01,3.361293067923500910e-01,2.288412649509273251e+03
4.875308184264059541e+00,-2.565165447190742753e+01,-6.369808866153918281e+00,1.238164470542874778e-03,9.492933199206583517e-01,3.143893441304247971e-01,2.296416525343339345e+03
4.532692806273929342e+00,-2.587316916342530959e+01,-5.698756202920503888e+00,-8.534353367547087982e-04,9.566873087232615758e-01,2.911162396294113552e-01,2.304420401177405438e+03
4.208883941091050573e+00,-2.607083520572759028e+01,-4.983246428995590449e+00,-3.595735574938218639e-03,9.638336199242631963e-01,2.664804379112394872e-01,2.312424277011471531e+03
3.898603445852538485e+00,-2.624211066556100391e+01,-4.229688453456033059e+00,-6.811201426494689626e-03,9.705902221498989846e-01,2.406412853234815574e-01,2.320428152845537625e+03
3.596685521160350785e+00,-2.638424895441241702e+01,-3.444497904835730040e+00,3.638571426741220652e-03,9.768756055510375846e-01,2.137774826244943915e-01,2.328432028679603718e+03
3.298079659475957381e+00,-2.649430208860495739e+01,-2.634095997417585266e+00,1.400818227161170805e-02,9.824432338139467147e-01,1.860351127143481664e-01,2.336435904513669811e+03
2.997853556901437511e+00,-2.656912401395939227e+01,-1.804908396781568225e+00,2.448105535713940642e-02,9.871990692265760758e-01,1.576029049439848229e-01,2.344439780347735905e+03
2.691195987869334783e+00,-2.660537399422572236e+01,-9.633640847611384395e-01,2.626394975539365559e-02,9.912533709888524669e-01,1.293327469996771173e-01,2.352443656181801998e+03
2.679507276879830702e+00,-2.660529434683109784e+01,-9.320386658499866250e-01,2.667514562934214864e-02,9.913821227437632500e-01,1.282572544136336146e-01,2.352738983735501733e+03
2.350415858676091929e+00,-2.656277611661011306e+01,-7.896162121759206509e-02,-1.114065063382852980e-02,9.953817825749181614e-01,9.534669801012045365e-02,2.360742859569567827e+03
2.006138690383843404e+00,-2.647409582676854711e+01,7.733709230315074512e-01,9.321051562214687251e-04,9.978299256092341141e-01,6.583745695763319750e-02,2.368746735403633920e+03
1.644134240035474148e+00,-2.633623757756654626e+01,1.619429085818996583e+00,1.620573537430828725e-03,9.993412245413458850e-01,3.625590536192985908e-02,2.376750611237700014e+03
1.265716845929963252e+00,-2.614786388683092611e+01,2.455489494540729734e+00,1.515377082944111171e-02,9.998630921805171656e-01,6.645308485198903568e-03,2.384754487071766107e+03
8.741077365089581219e-01,-2.590857719352161581e+01,3.278733239795614818e+00,2.938682891095637309e-02,9.994846315975706164e-01,-1.291841657583287818e-02,2.392758362905832200e+03
4.725282621716118125e-01,-2.561808522450644787e+01,4.086343669528487155e+00,4.425769593751079090e-02,9.981199787863642703e-01,-4.240005068169820646e-02,2.400762238739898294e+03
6.419855974369016727e-02,-2.527620092830561660e+01,4.875506882878818615e+00,5.969961161700706315e-02,9.956301604887294321e-01,-7.180905164368481253e-02,2.408766114573964387e+03
-3.476637815806833953e-01,-2.488284237972316149e+01,5.643412223663711202e+00,7.564933910247721716e-02,9.919947624855606216e-01,-1.011116644832557032e-01,2.416769990408030480e+03
-6.514536894824737301e-01,-2.455672758347504470e+01,6.190199836364836727e+00,7.702302598976491776e-02,9.892579508837772151e-01,-1.242423441529107164e-01,2.422651536278851381e+03
-1.063559864040345859e+00,-2.406257907217199588e+01,6.908055214064050098e+00,9.369914711204312130e-02,9.837495337690830288e-01,-1.531578422399168804e-01,2.430655412112917475e+03
-1.470204439281025399e+00,-2.351723737699615668e+01,7.596987359733272882e+00,1.107241828325255806e-01,9.770594700707985192e-01,-1.819201673290780086e-01,2.438659287946983568e+03
-1.868190970937712470e+00,-2.292101598592006795e+01,8.254202669401749404e+00,1.280440151722720132e-01,9.691706082039887038e-01,-2.105066801127070675e-01,2.446663163781049661e+03
-2.254331871897580442e+00,-2.227433266993151406e+01,8.876913113265137767e+00,1.456072324205351654e-01,9.600655366058138407e-01,-2.388989311165352625e-01,2.454667039615115755e+03
-2.625465730789779961e+00,-2.157830454626970251e+01,9.463064025692766279e+00,1.633610460841842249e-01,9.497200839741443135e-01,-2.671047186375138383e-01,2.462670915449181848e+03
-2.978504551546528045e+00,-2.083534207377045533e+01,1.001206176523465707e+01,1.812438879316241591e-01,9.380946271365487865e-01,-2.951764279629527366e-01,2.470674791283247941e+03
-3.310463937436529669e+00,-2.004855083925732018e+01,1.052404651551896642e+01,1.991849930957760306e-01,9.251359817801527718e-01,-3.231853241425239887e-01,2.478678667117314035e+03
-3.618463311609885658e+00,-1.922113313305327509e+01,1.099916495608809619e+01,2.171063925114352089e-01,9.107820190555249162e-01,-3.511992712062658728e-01,2.486682542951380128e+03
-3.899727137904462460e+00,-1.835638503661626686e+01,1.143757023230612901e+01,2.349211210977375230e-01,8.949617798276691127e-01,-3.792828489529587732e-01,2.494686418785446222e+03
-4.027069423620271316e+00,-1.790990308247958396e+01,1.163751902625977408e+01,2.436911022557496087e-01,8.865761431397397585e-01,-3.931887448755895242e-01,2.498666572844796974e+03
-4.255938289941366470e+00,-1.698154363087626706e+01,1.200341443463340418e+01,2.610832979088177352e-01,8.686280659729469500e-01,-4.210947572187918042e-01,2.506670448678863067e+03
-4.451340282685953831e+00,-1.602461742148858548e+01,1.233300913487880024e+01,2.781252988190064390e-01,8.490026465333090355e-01,-4.492669855846026516e-01,2.514674324512929161e+03
-4.610877047120689021e+00,-1.504273028906452936e+01,1.262648022055529751e+01,2.946825079206386033e-01,8.275888349572820823e-01,-4.777645233581614415e-01,2.522678200346995254e+03
-4.732260389661791855e+00,-1.403956843335127225e+01,1.288401110484923784e+01,3.105989620258313710e-01,8.042640597662611412e-01,-5.066434712465642809e-01,2.530682076181061348e+03
-4.813313322568445685e+00,-1.301889537013886233e+01,1.310579148568156960e+01,3.256930885580689994e-01,7.788933805508690966e-01,-5.359562610881085654e-01,2.538685952015127441e+03
-4.854537567871966885e+00,-1.198479428038504757e+01,1.329176956749321903e+01,3.398750592902320955e-01,7.513044289174227730e-01,-5.657089350200564803e-01,2.546689827849193534e+03
-4.861693718184452173e+00,-1.094178123369141353e+01,1.344140432620846504e+01,3.532874740597082841e-01,7.212577032741156469e-01,-5.957980246192992047e-01,2.554693703683259628e+03
-4.843252418274074600e+00,-9.894362580700263976e+00,1.355391334636411038e+01,3.662163436497664626e-01,6.884659832244355293e-01,-6.260193124709551027e-01,2.562697579517325721e+03
-4.807830282362814955e+00,-8.846720979425862552e+00,1.362852070140533378e+01,3.789845972502386418e-01,6.526219888141617798e-01,-6.560908586189283520e-01,2.570701455351391814e+03
-4.764185281006247052e+00,-7.802711358321948509e+00,1.366445709063240699e+01,3.923402175769765132e-01,6.320031228747651220e-01,-6.683122072416418646e-01,2.578705331185457908e+03
-4.756577585472880898e+00,-7.591872457766719151e+00,1.366387551212156737e+01,3.952701602751171328e-01,6.239828178253691293e-01,-6.740971320624318253e-01,2.580331318504142928e+03
-4.730757006331839598e+00,-6.562028537001849848e+00,1.362175804343964458e+01,4.110478216514353855e-01,5.826253490116880540e-01,-7.011329339038485653e-01,2.588335194338209021e+03
-4.716583368159932732e+00,-5.542832930149448778e+00,1.353930175957550119e+01,4.283489347825415461e-01,5.372334024622915649e-01,-7.265655244707468485e-01,2.596339070172275115e+03
-4.723234445293178041e+00,-4.537062967021673110e+00,1.341576220517976736e+01,4.477413349673325382e-01,4.874581380949501996e-01,-7.496080713057158285e-01,2.604342946006341208e+03
-4.758892533010826931e+00,-3.547049117462556023e+00,1.325126808630663966e+01,4.697293335517524482e-01,4.329882888953762166e-01,-7.693344493004851126e-01,2.612346821840407301e+03
-4.829617300365588228e+00,-2.574624366276896392e+00,1.304768721878424209e+01,4.946004309559727252e-01,3.735940275922447484e-01,-7.847279249813727819e-01,2.620350697674473395e+03
-4.934774778119750849e+00,-1.673336597995143116e+00,1.282084360038866322e+01,5.209436397481774783e-01,3.129017121181505989e-01,-7.941726781748734698e-01,2.627917929885181820e+03
-5.091501596507908900e+00,-7.404515433549102577e-01,1.254723021362407565e+01,5.516887718467483603e-01,2.441484494447090370e-01,-7.975155381884234673e-01,2.635921805719247914e+03
-5.298435300194240583e+00,1.709606451726138066e-01,1.224262044921408865e+01,5.848821008688488421e-01,1.713216986423737043e-01,-7.928188971370025984e-01,2.643925681553314007e+03
-5.558207707583378898e+00,1.060525933091362338e+00,1.190941355755333220e+01,6.196890652993564119e-01,9.557468088023872432e-02,-7.790063816959720278e-01,2.651929557387380100e+03
-5.868147997105934266e+00,1.929115422793954204e+00,1.154929605377136959e+01,6.547674598736176188e-01,1.848257465107666989e-02,-7.556043726216238321e-01,2.659933433221446194e+03
-6.222916526704505458e+00,2.778050937307342760e+00,1.116360028009065175e+01,6.891450449037060944e-01,-4.140226431584834166e-02,-7.234396723944502838e-01,2.667937309055512287e+03
-6.300235955659788445e+00,2.937558107738299729e+00,1.108459783039983115e+01,6.958519436236124678e-01,-5.579123594843575507e-02,-7.160149513429079349e-01,2.669480296999758139e+03
-6.744567382114444065e+00,3.744334029568150868e+00,1.065147493746512808e+01,7.300150901830301242e-01,-1.276106720325501376e-01,-6.714115611817117468e-01,2.677484172833824232e+03
-7.221589099129587908e+00,4.534536227258405994e+00,1.019506215234993185e+01,7.599132415009727248e-01,-1.951026455672008886e-01,-6.200538872422005632e-01,2.685488048667890325e+03
-7.723523871684474074e+00,5.309086303453252498e+00,9.714756278988126326e+00,7.848415878660846001e-01,-2.570185383278389413e-01,-5.638839888768472086e-01,2.693491924501956419e+03
-8.241778968448180365e+00,6.068695437884690236e+00,9.209308049783476946e+00,7.976450054129318179e-01,-3.046006872657420206e-01,-5.205582260007436401e-01,2.701495800336022512e+03
-8.767758903211259280e+00,6.813742937350466100e+00,8.677472586752369210e+00,8.137574991653073742e-01,-3.546811029787865777e-01,-4.604346291733237284e-01,2.709499676170088605e+03
-9.292870199992368185e+00,7.544276296062598419e+00,8.118009626646767174e+00,9.022147497202787081e-01,1.490157806671772167e-01,-4.047256385495323072e-01,2.717503552004154699e+03
-9.808526156201205382e+00,8.260011360879301989e+00,7.529683745464180511e+00,9.306078746160150184e-01,9.196376172388642800e-02,-3.542762343599350494e-01,2.725507427838220792e+03
-1.030615160307930545e+01,8.960332601372265060e+00,6.911264582312039551e+00,9.522952125533794554e-01,6.768319918752072062e-02,-2.975782463414558543e-01,2.733511303672286886e+03
-1.077718766264046479e+01,9.644293484656719428e+00,6.261527062599552274e+00,9.690393873856943951e-01,5.758377450518468998e-02,-2.400974273266872905e-01,2.741515179506352979e+03
-1.090631447308784807e+01,9.838610515621279973e+00,6.061842683161150269e+00,9.736265366394974974e-01,4.289897168085623352e-02,-2.240782126403684515e-01,2.743859125371373921e+03
-1.131266946036886267e+01,1.048206899250612523e+01,5.348869195096821905e+00,9.857393635687227151e-01,-4.664105973820118281e-03,-1.682146046768660808e-01,2.751863001205440014e+03
-1.167685029776797734e+01,1.111105614437953548e+01,4.609026490626395578e+00,9.935284436329649971e-01,-9.140213761054684014e-03,-1.132152294731603864e-01,2.759866877039506107e+03
-1.199381036293562452e+01,1.172931044552582591e+01,3.848343789696458739e+00,9.969586349970136485e-01,-5.225472868799029003e-02,-5.781801998197327874e-02,2.767870752873572201e+03
-1.225832618932291496e+01,1.234037125241003707e+01,3.072853977860530161e+00,9.972707688798388981e-01,-7.345445456222195191e-02,-7.446921698350552309e-03,2.775874628707638294e+03
-1.246500036215835827e+01,1.294757369905412503e+01,2.288592540613399340e+00,9.929386253215244373e-01,-1.130510038573661613e-01,3.594936538303888235e-02,2.783878504541704388e+03
-1.260945318166149676e+01,1.355238094049602893e+01,1.501144425983019337e+00,9.846485919299546863e-01,-1.510653727617461695e-01,8.744371654219718071e-02,2.791882380375770481e+03
-1.268959811754468348e+01,1.415277686971715987e+01,7.151909872250673539e-01,9.726594812323644534e-01,-1.874866230487169660e-01,1.370485306253808322e-01,2.799886256209836574e+03
-1.270458068413389441e+01,1.474501736017038489e+01,-6.503877114864192732e-02,9.573451252833647951e-01,-2.222353164707112638e-01,1.846666597124163867e-01,2.807890132043902668e+03
-1.267937240589781922e+01,1.504386811741029639e+01,-4.616455728886214027e-01,9.482745191770729498e-01,-2.394692854416371475e-01,2.083984107654440476e-01,2.812008479671528221e+03
-1.256591227744031691e+01,1.561020188640947559e+01,-1.219808630727315046e+00,9.284963750950866457e-01,-2.717339940781404728e-01,2.530911256793196840e-01,2.820012355505594314e+03
-1.238563754585517707e+01,1.615828875382748109e+01,-1.961620754305737790e+00,9.060999945826838653e-01,-3.023501030748135809e-01,2.959175814106185798e-01,2.828016231339660408e+03
-1.213800066035478231e+01,1.668427816102465400e+01,-2.682860298129520427e+00,8.813105173070939768e-01,-3.313296713592819298e-01,3.369160443802773908e-01,2.836020107173726501e+03
-1.182254171393787523e+01,1.718429378168681509e+01,-3.379309255678956792e+00,8.543068681957124433e-01,-3.587025082064992376e-01,3.761546032683901752e-01,2.844023983007792594e+03
-1.143888886034387298e+01,1.765443579608947289e+01,-4.046754002994478405e+00,8.252170987688935977e-01,-3.845105374440013768e-01,4.137250131355066918e-01,2.852027858841858688e+03
-1.098675870860082071e+01,1.809078317440080497e+01,-4.680986041678099951e+00,7.941141626526327935e-01,-4.088023303596949320e-01,4.497369802084218993e-01,2.860031734675924781e+03
-1.046763127190735965e+01,1.849055518814734000e+01,-5.278595189839450974e+00,7.610134155663448308e-01,-4.316413428866748281e-01,4.842977724902662318e-01,2.868035610509990875e+03
-9.886366861732595268e+00,1.885335664625586460e+01,-5.837762631493975896e+00,7.258951890842925136e-01,-4.531038106335600890e-01,5.174679808970078509e-01,2.876039486344056968e+03
-9.249443297093108640e+00,1.918014459043029518e+01,-6.357468786311912368e+00,6.887387532876027008e-01,-4.732531186853323191e-01,5.492453143855170472e-01,2.884043362178123061e+03
-8.563249510581806945e+00,1.947210886703645372e+01,-6.836701037695681826e+00,6.495367940449446875e-01,-4.921299621692170612e-01,5.795774784419595038e-01,2.892047238012189155e+03
-8.253915372499699643e+00,1.958330880168549726e+01,-7.022533699066654478e+00,6.322740363785780415e-01,-4.998300970951064515e-01,5.919454509998678393e-01,2.895442534093102950e+03
-7.486194910301858130e+00,1.981661188712279298e+01,-7.418737665022515415e+00,6.199676113363828955e-01,-5.176625559844983959e-01,5.896317825774451959e-01,2.903446409927169043e+03
-6.684518810284448165e+00,2.001850868968133668e+01,-7.772045456331578173e+00,5.769982393761532435e-01,-5.351004794457759894e-01,6.170417397986298624e-01,2.911450285761235136e+03
-5.854949678111541544e+00,2.019096923142738476e+01,-8.081471727699408802e+00,5.318138147538574723e-01,-5.514394074025705805e-01,6.427197261640967829e-01,2.919454161595301230e+03
-5.003447377607347590e+00,2.033618379855675329e+01,-8.346038867503343894e+00,4.845025866773114975e-01,-5.666741386742908393e-01,6.664365416607533898e-01,2.927458037429367323e+03
-4.135865993960325504e+00,2.045655991411535979e+01,-8.564777169012526059e+00,4.352012419040998670e-01,-5.808082813320024629e-01,6.879401277591636887e-01,2.935461913263433416e+03
-3.257950831455536100e+00,2.055471924439881093e+01,-8.736725000557944654e+00,3.840981912315138969e-01,-5.938610799887555913e-01,7.069636462840703794e-01,2.943465789097499510e+03
-2.375335446224186686e+00,2.063349443978182407e+01,-8.860928974628681232e+00,3.314344446283946644e-01,-6.058741408326400180e-01,7.232342182060924607e-01,2.951469664931565603e+03
-1.493538714490958874e+00,2.069592591073839927e+01,-8.936444115872292926e+00,2.775017640109238015e-01,-6.169176558403900446e-01,7.364817559744597508e-01,2.959473540765631697e+03
-6.179619367952166042e-01,2.074525853982120438e+01,-8.962334027978892337e+00,2.226380473777508640e-01,-6.270956623130233831e-01,7.464471382274922018e-01,2.967477416599697790e+03
2.461140213433677393e-01,2.078493833038179162e+01,-8.937671059425184694e+00,1.672202425574765561e-01,-6.365498628118186897e-01,7.528888780114058044e-01,2.975481292433763883e+03
1.093531551848880623e+00,2.081860899282453303e+01,-8.861536468053863302e+00,1.116554641579092372e-01,-6.454615768663708453e-01,7.555874602670823448e-01,2.983485168267829977e+03
1.919259089143359187e+00,2.085010846919026761e+01,-8.733020584469086245e+00,5.637132987776394960e-02,-6.540514866200785038e-01,7.543466882129713502e-01,2.991489044101896070e+03
2.718393857377292555e+00,2.088346539687693237e+01,-8.551222974227604468e+00,1.806778335609109500e-03,-6.625769443658868774e-01,7.489916744175534324e-01,2.999492919935962163e+03
3.486164579386279883e+00,2.092289551231720779e+01,-8.315252598802494788e+00,-3.808283144328895864e-02,-6.717343978073275768e-01,7.398125416290866063e-01,3.007496795770028257e+03
4.217934146931778372e+00,2.097279799544034873e+01,-8.024227975297973714e+00,-8.985846970058557204e-02,-6.815118845004506376e-01,7.262692384424068726e-01,3.015500671604094350e+03
4.909202251791014326e+00,2.103775175575383116e+01,-7.677277334894044181e+00,-1.396591164770407401e-01,-6.921545988029954577e-01,7.081082844740037574e-01,3.023504547438160444e+03
5.555607977265159647e+00,2.112251166088976007e+01,-7.273538779999756620e+00,-1.870290745880467953e-01,-7.039816110626581080e-01,6.851496307700700727e-01,3.031508423272226537e+03
6.152932349679589130e+00,2.123200470847055499e+01,-6.812160440094312541e+00,-2.314962668278697233e-01,-7.172912279132477309e-01,6.571931016097665168e-01,3.039512299106292630e+03
6.697100849457497951e+00,2.137132614215656901e+01,-6.292300626235026506e+00,-2.725584008939086478e-01,-7.323366033445147805e-01,6.240152381985348828e-01,3.047516174940358724e+03
7.068982283319444448e+00,2.150522262872102885e+01,-5.849910675110600700e+00,-3.009277750874720936e-01,-7.455098882690958106e-01,5.946910800355964533e-01,3.053630985231456634e+03
7.497242025603988225e+00,2.171967092025663604e+01,-5.211960014358746562e+00,-3.337781520213276565e-01,-7.649046859507975249e-01,5.509201091299348318e-01,3.061634861065522728e+03
7.870656231365958710e+00,2.197257639572241317e+01,-4.517397599507868122e+00,-3.621701402497942146e-01,-7.856974569223426075e-01,5.015100155502459911e-01,3.069638736899588821e+03
8.194105075137743555e+00,2.226278538462273815e+01,-3.769562129617849866e+00,-3.859927186949572153e-01,-8.071536627643681738e-01,4.466683174353653918e-01,3.077642612733654914e+03
8.472375772620898360e+00,2.258897698855578184e+01,-2.971801731370599775e+00,-4.051108701025973313e-01,-8.284107482629384789e-01,3.868084992436887082e-01,3.085646488567721008e+03
8.710160374693593610e+00,2.294966591910229781e+01,-2.127473370218561755e+00,-3.848364494441563477e-01,-8.502365978770400901e-01,3.591637994142671264e-01,3.093650364401787101e+03
8.912053595038647913e+00,2.334320538364415754e+01,-1.239942260357143056e+00,-3.958269239118315519e-01,-8.707302494268566173e-01,2.918045219655467371e-01,3.101654240235853194e+03
9.082550671741161707e+00,2.376779001838053773e+01,-3.125812735989286217e-01,-4.022171999732229164e-01,-8.883086083664819554e-01,2.216509425824864932e-01,3.109658116069919288e+03
9.226045263199143420e+00,2.422145886780267787e+01,6.512296527721891382e-01,-4.042210605881129126e-01,-9.022633790036408419e-01,1.500870716815858597e-01,3.117661991903985381e+03
9.346827378685340193e+00,2.470209840988088246e+01,1.648104109088499580e+00,-4.022320659168751589e-01,-9.121582425150498441e-01,7.859202096967569939e-02,3.125665867738051475e+03
9.449081343893366736e+00,2.520744562621012719e+01,2.674649807247933886e+00,-3.968046238486976907e-01,-9.178628235504996402e-01,8.598118177711375210e-03,3.133669743572117568e+03
9.536883801795752902e+00,2.573509111635423707e+01,3.727469175446110672e+00,-3.888373032579187649e-01,-9.200806793396344441e-01,-4.750889496742835560e-02,3.141673619406183661e+03
9.614201749135903086e+00,2.628248225562241203e+01,4.803159953612834876e+00,-3.788340778846412960e-01,-9.187172911452200497e-01,-1.115494526390994889e-01,3.149677495240249755e+03
9.684890608870459161e+00,2.684692639550498328e+01,5.898315789474446902e+00,-3.674366984743681619e-01,-9.141458301967930744e-01,-1.712532444891832761e-01,3.157681371074315848e+03
9.752692338873330868e+00,2.742559410598862968e+01,7.009526835162459335e+00,-3.552984691674466178e-01,-9.069673389063619418e-01,-2.262150392091150097e-01,3.165685246908381941e+03
9.821233577207127752e+00,2.801552245896481708e+01,8.133380344289305341e+00,-3.429850501781115391e-01,-8.977862978109137915e-01,-2.762987854068340021e-01,3.173689122742448035e+03
9.894023824261854116e+00,2.861361835193947911e+01,9.266461269412060275e+00,-3.309595220643643532e-01,-8.871595922926771571e-01,-3.215799318334689461e-01,3.181692998576514128e+03
9.974453662055147163e+00,2.921666187124601777e+01,1.040535285980477376e+01,-3.195821881718199919e-01,-8.755671622448215619e-01,-3.622835483455764671e-01,3.189696874410580222e+03
1.006579301098275003e+01,2.982130969395725728e+01,1.154663725946043051e+01,-3.337441633641349825e-01,-8.643836808512220804e-01,-3.761059500971320468e-01,3.197700750244646315e+03
1.011436121423009027e+01,3.011187223253072176e+01,1.209559485127273071e+01,-3.286933678720997953e-01,-8.588124224518088878e-01,-3.929400628077422408e-01,3.201550333626436895e+03
