-6.532354622035826175e+00,-1.759418307407717208e+00,3.456353011421036125e+00,5.208099999999999952e-01,1.200000000000000030e-05,-8.536730000000000151e-01,0.000000000000000000e+00
-6.808256957717325086e+00,-2.101476921336360437e+00,2.616121139005280316e+00,5.208093102955868581e-01,1.199998410849838301e-05,-8.536718694878450142e-01,2.137985479192591853e+00
-7.078550775056145383e+00,-2.443783914901919374e+00,1.774291226949283651e+00,8.719648069317229577e-01,8.471934997357277036e-03,-4.894932091369866844e-01,4.275970958385183707e+00
-7.322172585486488749e+00,-2.767452216101636164e+00,9.792828337602113020e-01,9.998900210815011569e-01,1.476298554665078644e-02,-0.000000000000000000e+00,6.289727851191688757e+00
-7.550325131816236990e+00,-3.092536227935485105e+00,1.830487217489096263e-01,9.998900203756434513e-01,1.476298553622907260e-02,-0.000000000000000000e+00,8.303484743998193807e+00
-7.678225696722698501e+00,-3.285940970116696835e+00,-2.897780343583718499e-01,9.983041408498649627e-01,9.869269484451572566e-03,-5.735363871460789215e-02,9.499234924570982841e+00
-7.845361504273204112e+00,-3.556864512823633362e+00,-9.522150792660769580e-01,9.934079766138226297e-01,4.942829814351169977e-03,-1.145170748211454120e-01,1.117865312259284849e+01
-7.990208522299369953e+00,-3.825578079764211381e+00,-1.609992526134208068e+00,9.852177632691624387e-01,0.000000000000000000e+00,-1.713007849683885475e-01,1.285807132061471414e+01
-8.105309654844734979e+00,-4.090347385702381544e+00,-2.259680790125278893e+00,8.947967886276367855e-01,-4.464713955687856228e-01,-0.000000000000000000e+00,1.453748951863657979e+01
-8.184685543966248034e+00,-4.349632541760674265e+00,-2.897040463387422715e+00,9.725911072149066028e-01,-2.294927446663603821e-01,-3.738473367272540648e-02,1.621690771665844721e+01
-8.225282646599678671e+00,-4.609151182963773685e+00,-3.533870548039620196e+00,9.973505985881313540e-01,-0.000000000000000000e+00,-7.273089780329651532e-02,1.794405757251152167e+01
-8.222004204156993623e+00,-4.860144394145655689e+00,-4.146456433380700801e+00,9.938186863170858087e-01,1.004492024103350450e-01,-4.724803131809180573e-02,1.967120742836459613e+01
-8.173824564280867122e+00,-5.101037223591931458e+00,-4.730176543776334341e+00,9.796013198587761872e-01,1.998183860216487251e-01,-2.125715738097299842e-02,2.139835728421767058e+01
-8.088906957489136573e+00,-5.316897200431762727e+00,-5.249844073452785587e+00,9.548513606509233531e-01,2.970391470876092010e-01,4.962273844712680564e-03,2.302419950865563436e+01
-7.967687695598301367e+00,-5.520309547042427489e+00,-5.737304192776982781e+00,9.198349135443782965e-01,3.910661802877890003e-01,3.112835461326632705e-02,2.465004173309359814e+01
-7.810957981256549942e+00,-5.709156735917375158e+00,-6.188551601432948246e+00,8.749284661700842403e-01,4.808885171373875056e-01,5.695975045126491776e-02,2.627588395753156192e+01
-7.619493746130862277e+00,-5.881313864041664452e+00,-6.599581264459619234e+00,8.206148416598761930e-01,5.655403953961841701e-01,8.217872488198120495e-02,2.790172618196952570e+01
-7.394055628308990435e+00,-6.034648746581923184e+00,-6.966388441600886772e+00,7.574780081714836966e-01,6.441116426543248563e-01,1.065141255139942789e-01,2.952756840640748948e+01
-7.135388949917031098e+00,-6.167022010678556931e+00,-7.284968716653991372e+00,6.861968009474125330e-01,7.157574624738132218e-01,1.297042993990981385e-01,3.115341063084545326e+01
-6.844223694952862758e+00,-6.276287189339740280e+00,-7.551318026816103313e+00,6.075376243259682507e-01,7.797075178638241955e-01,1.514999063192494777e-01,3.277925285528341703e+01
-6.529646681506280359e+00,-6.360359134051065233e+00,-7.758443291092794958e+00,5.270932747947396635e-01,7.093977825432399298e-01,4.678947165648799089e-01,3.436964910297594145e+01
-6.188652385757523966e+00,-6.424105854615058675e+00,-7.910638275826168631e+00,3.878671844986952832e-01,5.599755945054961659e-01,7.321095414949712055e-01,3.596004535066846586e+01
-5.824579354689131350e+00,-6.470797123048691368e+00,-8.005610336114111547e+00,2.053859607406678112e-01,3.481046498900129404e-01,9.146790474567861873e-01,3.755044159836099027e+01
-5.440786568797445710e+00,-6.503672779832831097e+00,-8.041067228300525116e+00,0.000000000000000000e+00,9.741290686804691956e-02,9.952430484943745048e-01,3.914083784605351468e+01
-5.040625195441895912e+00,-6.525513844991315260e+00,-8.015976868989730164e+00,-1.362594333136033257e-03,1.390170368262402256e-01,9.902880423411740685e-01,4.073123409374603909e+01
-4.627406625219690817e+00,-6.538213966292922841e+00,-7.931827085223143392e+00,-2.722793818918822339e-03,1.803768596596668772e-01,9.835927891604897555e-01,4.232163034143856351e+01
-4.206320889091020199e+00,-6.543219142175290770e+00,-7.792222194223676013e+00,-4.078208307931392024e-03,2.214196977784470277e-01,9.751690549069732539e-01,4.390501851646391174e+01
-3.778846073092981594e+00,-6.542008701894832079e+00,-7.599747044091734516e+00,-5.426456060432836327e-03,2.620734305882478354e-01,9.650316422531276528e-01,4.548840669148925997e+01
-3.348236024707647474e+00,-6.535935510438536156e+00,-7.357102262945293347e+00,-6.765167928414141454e-03,3.022666211246013979e-01,9.531983645874141375e-01,4.707179486651460820e+01
-2.917753157064020719e+00,-6.526323658328583299e+00,-7.066988827590205524e+00,-8.091991515571038754e-03,3.419286414888395020e-01,9.396900147378230983e-01,4.865518304153995643e+01
-2.490432887623154734e+00,-6.514411492704098805e+00,-6.732478183333286736e+00,-7.020311458325088384e-03,2.191926953997756777e-01,9.756553067099574816e-01,5.023857121656530467e+01
-2.068847585175757064e+00,-6.501297411232850543e+00,-6.357382361220569322e+00,-5.833787447588101131e-03,9.287100929930788840e-02,9.956600537113730054e-01,5.182195939159065290e+01
-1.669492661005256950e+00,-6.488834853271410630e+00,-5.961516498830528477e+00,-4.551829533492493529e-03,-3.496994927410840281e-02,9.993769976822227674e-01,5.334949583949799745e+01
-1.279005669073986828e+00,-6.478559636167816826e+00,-5.536605080586039840e+00,-3.195408963370455300e-03,-1.622388573588797733e-01,9.867453280988868203e-01,5.487703228740534200e+01
-8.990146688726857738e-01,-6.472757217528108953e+00,-5.086288728187295050e+00,-1.786715125650756861e-03,-2.868537476900338001e-01,9.579716776009854495e-01,5.640456873531268656e+01
-5.311622515181433357e-01,-6.473699237685138996e+00,-4.614208227651923622e+00,-3.487925633843800589e-04,-4.067760671168559328e-01,9.135267426654611889e-01,5.793210518322003111e+01
-1.771055005811562055e-01,-6.483643437034392498e+00,-4.124004505763056549e+00,1.094836005353384692e-03,-5.200440251751974330e-01,8.541375844756303737e-01,5.945964163112737566e+01
1.614840472621240364e-01,-6.504833573536867419e+00,-3.619318606516700232e+00,2.520554493494522527e-03,-6.248046872323514966e-01,7.807757358022870964e-01,6.098717807903472021e+01
4.829204417551730688e-01,-6.539499340389710369e+00,-3.103791667568562840e+00,3.905039782131580327e-03,-7.193442871132816885e-01,6.946413083468304661e-01,6.251471452694206477e+01
7.855033587621638169e-01,-6.589856283865321629e+00,-2.581064896680457466e+00,5.225643267892020501e-03,-8.021162632101787038e-01,5.971433604639320158e-01,6.404225097484940932e+01
1.067518140144889660e+00,-6.658105721319711456e+00,-2.054779548166337566e+00,6.460761377575893055e-03,-8.717665593018842918e-01,4.898768464066874384e-01,6.556978742275676098e+01
1.327235833815296528e+00,-6.746434659370809328e+00,-1.528576899337995565e+00,7.590188987357832096e-03,-9.271557760590604103e-01,3.745965242116908733e-01,6.709732387066411263e+01
1.562913233963378001e+00,-6.857015712247342520e+00,-1.006098226950674634e+00,8.595449963513492747e-03,-9.673778107526317394e-01,2.531882491417432046e-01,6.862486031857146429e+01
1.772792921460196292e+00,-6.992007020309045195e+00,-4.909847836487393202e-01,9.460099416114602436e-03,-9.917746801704909743e-01,1.276381224084106591e-01,7.015239676647881595e+01
2.038119328070459702e+00,-7.306977559699227243e+00,3.411793420142849032e-01,1.016999272028846005e-02,-9.999472842347103541e-01,0.000000000000000000e+00,7.273894350572574297e+01
2.148331589380630735e+00,-7.570939186861168402e+00,8.491265588789942420e-01,3.099996898210734703e-05,-9.999989994228176693e-01,-0.000000000000000000e+00,7.441802787071446801e+01
2.223811813847808683e+00,-7.868664020333819842e+00,1.332603328044292823e+00,9.999646287096364966e-03,-9.882470998005510321e-01,-1.525309044444073392e-01,7.609711223570319305e+01
2.267759389693877470e+00,-8.197745548736934396e+00,1.787865159708760254e+00,1.973326721749445178e-02,-9.532682340606352112e-01,-3.014768185062877692e-01,7.777619660069191809e+01
2.283389029879966170e+00,-8.555807838607599081e+00,2.211167784627303678e+00,2.900309243878469029e-02,-8.958845239067730892e-01,-4.433370506219909690e-01,7.945528096568064313e+01
2.273930675677796831e+00,-8.940505628299256102e+00,2.598767183375882084e+00,3.759125234377604791e-02,-8.174446681137769177e-01,-5.747774459044384665e-01,8.113436533066936818e+01
2.242629400024883868e+00,-9.349524421428936805e+00,2.946919615614764343e+00,4.529589841275429712e-02,-7.197922446963943566e-01,-6.927087454786680087e-01,8.281344969565809322e+01
2.196715182965327084e+00,-9.752629852352900031e+00,3.235518124117930938e+00,5.193594709213628091e-02,-6.052223834516325951e-01,-7.943591907753652093e-01,8.438816494027014414e+01
2.138050039341037767e+00,-1.017169707403807699e+01,3.486092403528874950e+00,4.275978206495030520e-02,-4.917620317132134766e-01,-8.696779318823263383e-01,8.596288018488219507e+01
2.069585495937217523e+00,-1.060361477972235456e+01,3.697246350795743819e+00,3.278698640073453990e-02,-3.691399715323416819e-01,-9.287942156042905406e-01,8.753759542949424599e+01
1.994428215760724932e+00,-1.104483435517703604e+01,3.868083950716074693e+00,2.220335596416683419e-02,-2.396406847490110958e-01,-9.706066933609084346e-01,8.911231067410629691e+01
1.915707426957361292e+00,-1.149183464032176794e+01,3.997709465261272133e+00,1.120606638926672366e-02,-1.056767750296457448e-01,-9.943363833709540911e-01,9.068702591871834784e+01
1.825938046007419269e+00,-1.200440156068877151e+01,4.090194046664325178e+00,0.000000000000000000e+00,3.025597526115438377e-02,-9.995411827235847202e-01,9.248373922341214382e+01
1.739914984808749843e+00,-1.251425554334920598e+01,4.119845592094998565e+00,-0.000000000000000000e+00,7.559001036963644560e-02,-9.971379795839775406e-01,9.428045252810593979e+01
1.659084655938860342e+00,-1.301467170743578272e+01,4.088815389706861758e+00,-0.000000000000000000e+00,1.207682477912080110e-01,-9.926797219255190097e-01,9.607716583279973577e+01
1.583616722359714402e+00,-1.349863770418070352e+01,4.000477809057822576e+00,-0.000000000000000000e+00,1.656975809327142779e-01,-9.861755988006587481e-01,9.787387913749353174e+01
1.513732587128884699e+00,-1.395914274230817043e+01,3.858207732607549012e+00,-0.000000000000000000e+00,2.102854162247112801e-01,-9.776390150357227027e-01,9.967059244218732772e+01
1.455433115274457068e+00,-1.434975920856095577e+01,3.688461520858493436e+00,-0.000000000000000000e+00,2.544398638551216840e-01,-9.670875636043263501e-01,1.012901390722410184e+02
1.401485301112000759e+00,-1.471340849294002595e+01,3.483913373812424830e+00,-0.000000000000000000e+00,2.980699270537448542e-01,-9.545429893843478952e-01,1.029096857022947091e+02
1.352132749870921469e+00,-1.504546546415871688e+01,3.246792312508827383e+00,-0.000000000000000000e+00,3.410856895393044041e-01,-9.400311443712476844e-01,1.045292323323483998e+02
1.307023322524578424e+00,-1.534205382145066743e+01,2.979895550606339150e+00,-0.000000000000000000e+00,4.802256902672102368e-01,-8.771438231032532284e-01,1.061487789624020905e+02
1.264576012926442283e+00,-1.560078587665907079e+01,2.687156429798956303e+00,-0.000000000000000000e+00,6.081693108854697716e-01,-7.938060778918267779e-01,1.077683255924557812e+02
1.222597600469158108e+00,-1.582000428318205110e+01,2.373076435454180455e+00,-0.000000000000000000e+00,7.219335781892057824e-01,-6.919609155753815299e-01,1.093878722225094720e+02
1.178279574052762513e+00,-1.599983649678787678e+01,2.037542000133912179e+00,-0.000000000000000000e+00,8.188661085974975329e-01,-5.739828361470650231e-01,1.110291078462112466e+02
1.129899258302498266e+00,-1.613501152092444713e+01,1.689230668041678207e+00,-0.000000000000000000e+00,8.967069462536558788e-01,-4.426224717990386304e-01,1.126703434699130213e+02
1.075179024123223082e+00,-1.622371652700110900e+01,1.332890295543093018e+00,-0.000000000000000000e+00,9.536412519470121030e-01,-3.009424572670951203e-01,1.143115790936147960e+02
1.011238029174359676e+00,-1.626614179243037128e+01,9.731373460809554787e-01,-0.000000000000000000e+00,9.883416147371493210e-01,-1.522460264825510889e-01,1.159528147173165706e+02
9.339589308071646334e-01,-1.626649802753914642e+01,6.143254028284279578e-01,-0.000000000000000000e+00,9.999989999999361334e-01,-0.000000000000000000e+00,1.175940503410183453e+02
8.385760538662910824e-01,-1.623098030325794028e+01,2.606765890462746649e-01,-1.253314105972655988e-02,9.967368093783811611e-01,7.972862225210831932e-02,1.192352859647201200e+02
7.235772495586997310e-01,-1.616778388057910476e+01,-7.598549146581648484e-02,-2.498451053804294150e-02,9.869715218448843475e-01,1.589370608172908650e-01,1.208389635811108462e+02
5.827884977776980335e-01,-1.608241598322697996e+01,-4.000433054705450076e-01,-3.727287107339818939e-02,9.707668504284642230e-01,2.371085304075668532e-01,1.224426411975015725e+02
4.117523263161557701e-01,-1.598040327256275361e+01,-7.076482663582875920e-01,-4.931804884693199997e-02,9.482285207842964248e-01,3.137330113807763055e-01,1.240463188138922987e+02
2.068054163461309769e-01,-1.586740256542611682e+01,-9.953901427177672678e-01,-6.104145665089939776e-02,9.195035813986879303e-01,3.883105772005236433e-01,1.256499964302830250e+02
-3.409154472900913224e-02,-1.574938083132862232e+01,-1.260735320524550396e+00,-7.236660660595538308e-02,8.847794442142051796e-01,4.603546560481323047e-01,1.272536740466737513e+02
-3.121872315113112251e-01,-1.563245942187525017e+01,-1.501588583332459592e+00,-8.321960918310408739e-02,8.442826619326474491e-01,5.293952053127652935e-01,1.288573516630644917e+02
-6.524258000999801910e-01,-1.551326648615777870e+01,-1.730166871206210599e+00,-9.352965527538266433e-02,7.982774499701570381e-01,5.949817782537258903e-01,1.305751981295856012e+02
-1.033653694911881527e+00,-1.540042663417753666e+01,-1.928451295778554675e+00,-1.032294781748000906e-01,7.470639627034696417e-01,6.566864628315658425e-01,1.322930445961067107e+02
-1.449513534014979399e+00,-1.529138754223798280e+01,-2.098826022761119958e+00,-1.122557924409730012e-01,6.909763352483815346e-01,7.141066735374858032e-01,1.340108910626278202e+02
-1.893631498668820079e+00,-1.518365774702499671e+01,-2.243675446213988067e+00,-1.205497067984522414e-01,6.303805035405593005e-01,7.668677780082294726e-01,1.357287375291489298e+02
-2.359617527647571933e+00,-1.507480674824990885e+01,-2.365384169031716333e+00,-1.280571083689436285e-01,5.656718169349076453e-01,8.146255412900905712e-01,1.374465839956700393e+02
-2.841065511804184762e+00,-1.496246511036213356e+01,-2.466336983428081719e+00,-1.347290157314059433e-01,4.972724588934144263e-01,8.570683718038343279e-01,1.391644304621911488e+02
-3.331553488874209989e+00,-1.484432456333021833e+01,-2.548918851419681886e+00,-1.405218985061524040e-01,4.256286925839024016e-01,8.939193543546188891e-01,1.408822769287122583e+02
-3.802209150757529077e+00,-1.472377099764659469e+01,-2.613678190242245236e+00,-5.059751403074921189e-02,4.956027176733855955e-01,8.670731444397872245e-01,1.425226652721161429e+02
-4.268619095936910135e+00,-1.459262441896363782e+01,-2.668769855652310952e+00,4.002020544973115823e-02,5.587852295963221527e-01,8.283450068305344693e-01,1.441630536155200275e+02
-4.724268347631077170e+00,-1.444743810781795368e+01,-2.718446397657281022e+00,1.300894840977715183e-01,6.143104159814839482e-01,7.782656609053268948e-01,1.458034419589239121e+02
-5.162618661726308567e+00,-1.428482456445710547e+01,-2.766960406632694269e+00,2.183760644802448803e-01,6.614173969710812617e-01,7.175213735122255576e-01,1.474438303023277967e+02
-5.577108706825532281e+00,-1.410145565052947880e+01,-2.818564481590632997e+00,3.036701201863310495e-01,6.994606506602685236e-01,6.469445542585460229e-01,1.490842186457316814e+02
-5.961154244621790887e+00,-1.389406272995091562e+01,-2.877511198448091001e+00,3.848028334364901881e-01,7.279188578591031522e-01,5.675023486763973724e-01,1.507246069891355660e+02
-6.315986087170374574e+00,-1.365260591652645950e+01,-2.950271088937715280e+00,4.606624106661346696e-01,7.464020451141830659e-01,4.802833855646618244e-01,1.524073272314224710e+02
-6.624146016676793813e+00,-1.337942505059845466e+01,-3.040097534808841484e+00,7.168850667850635849e-01,6.484068961265463393e-01,2.562075293135728238e-01,1.540900474737093759e+02
-6.880203906199822583e+00,-1.307445024901799968e+01,-3.151223712963551638e+00,8.831649377958831204e-01,4.690604358495172876e-01,-1.299998436460017925e-05,1.557727677159962809e+02
-7.080788583271981906e+00,-1.273967012130178489e+01,-3.286525752451722848e+00,8.798051520397749403e-01,4.672760560331806201e-01,8.714345588595090453e-02,1.574554879582831859e+02
-7.227934916938297150e+00,-1.236766357979409925e+01,-3.451893092909346983e+00,8.697494021675495901e-01,4.619353618485267932e-01,1.736366865165711315e-01,1.591873845393539284e+02
-7.315102274979088826e+00,-1.197258624029396934e+01,-3.643333347003269385e+00,8.530742195892428992e-01,4.530789997775887534e-01,2.588084153077763183e-01,1.609192811204246709e+02
-7.343356872320149442e+00,-1.155968947687015458e+01,-3.860038870023835944e+00,8.299065143242665421e-01,4.407743730453119180e-01,3.420104231599036537e-01,1.626511777014954134e+02
-7.313799892029907213e+00,-1.113421383808404563e+01,-4.101201807061206850e+00,8.004226091522849140e-01,4.251151286470862822e-01,4.226094818559479327e-01,1.643830742825661559e+02
-7.228851499253386770e+00,-1.069960334927899659e+01,-4.364364684129647287e+00,7.648468977049365236e-01,4.062204446462895358e-01,4.999921733625528608e-01,1.661149708636368985e+02
-7.093518002982436066e+00,-1.025570336745801470e+01,-4.643771013011687820e+00,7.234501367091739077e-01,3.842341231648947475e-01,5.735695583732230984e-01,1.678468674447076410e+02
-6.927660724298979389e+00,-9.830085385436120760e+00,-4.913571136752303836e+00,6.765473853764775169e-01,3.593234959685435159e-01,6.427816585641146219e-01,1.694691420339579224e+02
-6.730284449323637119e+00,-9.393652484103924394e+00,-5.184931800420014447e+00,6.244956076174555948e-01,3.316781509736587696e-01,7.071017184496176666e-01,1.710914166232082039e+02
-6.506202913716126801e+00,-8.944782063304804964e+00,-5.452151135315283170e+00,5.676909553274877007e-01,3.015084893670899047e-01,7.660402144013768178e-01,1.727136912124584853e+02
-6.260218094510839215e+00,-8.481807933702359747e+00,-5.709527302891653555e+00,5.065657534165809439e-01,2.690441243180610176e-01,8.191485803177301905e-01,1.743359658017087668e+02
-5.997120078576259949e+00,-8.003020388915821570e+00,-5.951358536362317153e+00,4.415852095269803823e-01,2.345321334680238734e-01,8.660226215862096844e-01,1.759582403909590482e+02
-5.721686931239927887e+00,-7.506666278249649160e+00,-6.171943182306285358e+00,3.732438734780120781e-01,1.982351784971951580e-01,9.063055913533731855e-01,1.775805149802093297e+02
-5.438684565079840105e+00,-6.990949080016534367e+00,-6.365579742273935970e+00,3.020618733831405556e-01,1.604295060785976557e-01,9.396909056858496756e-01,1.792027895694596111e+02
-5.152866608883197586e+00,-6.454028975453111272e+00,-6.526566914391714214e+00,2.285809570847384398e-01,1.214028454335921298e-01,9.659244769545284326e-01,1.808250641587098926e+02
-4.868974276773410104e+00,-5.894022923227669075e+00,-6.649203634965764387e+00,1.533603690346043991e-01,8.145221849028430605e-02,9.848066476794281598e-01,1.824473387479601740e+02
-4.591968121110276968e+00,-5.309662792068245096e+00,-6.731326409199321681e+00,7.697259400146617969e-02,4.088167931178403325e-02,9.961937101138198525e-01,1.840696133372104555e+02
-4.301128962814124712e+00,-4.635949902685329249e+00,-6.779096496922141668e+00,-9.999989999994999659e-07,0.000000000000000000e+00,9.999989999995000378e-01,1.858596733433497263e+02
-4.029340390553322493e+00,-3.934200221864251112e+00,-6.790318487820020898e+00,1.752979071300067859e-01,-3.577243024467566812e-01,9.172251453137041377e-01,1.876497333494889972e+02
-3.773901166333323509e+00,-3.209940023739058290e+00,-6.774508087689757652e+00,3.215765662152491045e-01,-6.562280006189041837e-01,6.826062725069085291e-01,1.894397933556282680e+02
-3.507742151848546985e+00,-2.398411616166642446e+00,-6.735854861511299418e+00,4.146187907063442757e-01,-8.460943081845769820e-01,3.349831041286877586e-01,1.913974334044622765e+02
-3.249777449837242482e+00,-1.572605867926603063e+00,-6.684259136522815226e+00,4.390215922881107180e-01,-8.958911680011025780e-01,-6.809593676046117594e-02,1.933550734532962849e+02
-2.994255703994721518e+00,-7.380564709152158676e-01,-6.628369331706347012e+00,4.390215919782133325e-01,-8.958911673687092181e-01,-6.809593671239350110e-02,1.953127135021302934e+02
-2.781222187349793540e+00,-4.454281689177475023e-02,-6.583648213854086606e+00,4.390215919782133325e-01,-8.958911673687092181e-01,-6.809593671239348722e-02,1.969318857604221762e+02
-2.563743780305452802e+00,6.490372637559191915e-01,-6.544158764502991055e+00,4.390215919781156884e-01,-8.958911673685100441e-01,-6.809593671237834656e-02,1.985510580187140590e+02
-2.340370777409878755e+00,1.340825797934056540e+00,-6.512389599774995652e+00,4.381766249491261811e-01,-8.914805227670544729e-01,1.151595539934918561e-01,2.001702302770059418e+02
-2.111586369142291364e+00,2.029605724625990426e+00,-6.488866227273180520e+00,4.226076903342713131e-01,-8.571136238860342926e-01,2.945453714116146871e-01,2.017894025352978247e+02
-1.878841637132866449e+00,2.714492717927727838e+00,-6.473132568415699062e+00,3.928379443616650257e-01,-7.939452874529395743e-01,4.640336517986380360e-01,2.034085747935897075e+02
-1.643593372730818292e+00,3.394615466505868540e+00,-6.464732487905509473e+00,3.498677292379122616e-01,-7.040981370989445320e-01,6.179291103129730400e-01,2.050277470518815903e+02
-1.407304037954963505e+00,4.069115707747735122e+00,-6.463209797046590488e+00,2.951409607761557585e-01,-5.905912811940660090e-01,7.510604182421222186e-01,2.066469193101734731e+02
-1.171441726367511205e+00,4.737148261735256050e+00,-6.468108257060441346e+00,2.304966102504227010e-01,-4.572388653201363562e-01,8.589539758939723768e-01,2.082660915684653560e+02
-9.281812807815266186e-01,5.424344302516241889e+00,-6.479654098868123491e+00,1.581069106852783235e-01,-3.085219080319663854e-01,9.379842413697799808e-01,2.099509015674192653e+02
-6.889069690266302892e-01,6.102396954287709896e+00,-6.497386005861771174e+00,8.040436374853775214e-02,-1.494377260393307816e-01,9.854955628142245683e-01,2.116357115663731747e+02
-4.552753757297208770e-01,6.770723055235214893e+00,-6.520301230538438908e+00,0.000000000000000000e+00,1.466799147870492814e-02,9.998914191181639266e-01,2.133205215653270841e+02
-2.287779051572959021e-01,7.429474452474964075e+00,-6.546461460393391718e+00,-1.101543211861470001e-01,1.889174555844217937e-02,9.937339319313794883e-01,2.150053315642809935e+02
-2.793680128567828727e-02,8.026427615247202496e+00,-6.571307404206724101e+00,-2.189658420393358063e-01,2.288521225448095914e-02,9.754630834011162044e-01,2.165518075755722407e+02
1.654835303334639407e-01,8.616701771600844495e+00,-6.595092308190157127e+00,-3.251082050326828954e-01,2.659971339278205046e-02,9.453015975159807516e-01,2.180982835868634879e+02
3.504897532009593197e-01,9.200686447429067272e+00,-6.616108131627941091e+00,-4.272875887415334417e-01,2.998997113506250700e-02,9.036171302808574390e-01,2.196447595981547352e+02
5.269000490718485086e-01,9.778433757327428921e+00,-6.632131830055278954e+00,-3.465129305879250388e-01,3.348683843752278742e-04,9.380440697523299010e-01,2.211912356094459824e+02
6.961505281952821145e-01,1.034930329349363021e+01,-6.639910347960389814e+00,-2.627620422596756988e-01,-2.932309693337875958e-02,9.644139490556609129e-01,2.227377116207372296e+02
8.604815487050786471e-01,1.091229406459051532e+01,-6.635675662397629182e+00,-1.767542676508995214e-01,-5.872919112633270128e-02,9.825002854841625721e-01,2.242841876320284769e+02
1.022209210490724995e+00,1.146635145300238001e+01,-6.615660678719545551e+00,-8.922833207165331570e-02,-8.763084444937858930e-02,9.921477409420978999e-01,2.258306636433197241e+02
1.183807308088677734e+00,1.201033203761032020e+01,-6.576100104262765811e+00,-9.359985444636862188e-04,-1.157798199551341861e-01,9.932734553976153569e-01,2.273771396546109713e+02
1.347316526019695537e+00,1.254348063347349651e+01,-6.514046153403355355e+00,-0.000000000000000000e+00,-1.168708950943586483e-01,9.931461085322876858e-01,2.289236156659022186e+02
1.422563562343679422e+00,1.278299831456127578e+01,-6.479328720960456423e+00,-9.847125165670110591e-02,-2.652147242428529728e-01,9.591467888925164775e-01,2.296271710575188649e+02
1.592768436242143926e+00,1.331324915551406995e+01,-6.387065084135941540e+00,-1.937068744972015311e-01,-4.048439793291908062e-01,8.936313552995180931e-01,2.312033623053712574e+02
1.763887445016101285e+00,1.383395501750900891e+01,-6.272410803261676548e+00,-2.825775678951796266e-01,-5.311706528951587458e-01,7.987525622034508110e-01,2.327795535532236499e+02
1.933520951857342185e+00,1.434665178981001787e+01,-6.138421523670245072e+00,-3.621631782867938965e-01,-6.400438480094067240e-01,6.776279989196939413e-01,2.343557448010760424e+02
2.099279217238433581e+00,1.485289618955796342e+01,-5.988153023817730514e+00,-4.298486505462508767e-01,-7.278861692321167975e-01,5.342376458709390263e-01,2.359319360489284350e+02
2.258782459566269996e+00,1.535426570384951006e+01,-5.824661194234188599e+00,-4.834099528984043825e-01,-7.918112671430018734e-01,3.732930948542328986e-01,2.375081272967808275e+02
2.409660915708639273e+00,1.585235853155004371e+01,-5.651002016473549716e+00,-5.210871525268132576e-01,-8.297186750857447057e-01,2.000827321065659914e-01,2.390843185446332200e+02
2.549554901393409345e+00,1.634879352484118442e+01,-5.470231542063036301e+00,-5.416422414975148314e-01,-8.403628231765527534e-01,2.029797157521938747e-02,2.406605097924856125e+02
2.676115335939288631e+00,1.684509935483279364e+01,-5.285114556946506781e+00,-7.605537263013550930e-01,-4.014205601721889116e-01,5.103112415782558031e-01,2.422367010403380050e+02
2.795915518976065606e+00,1.739238976683254378e+01,-5.079118500677623160e+00,-6.138617165755229088e-01,2.304878935820414421e-01,7.550146514041730095e-01,2.439697558819575818e+02
2.884066723812910737e+00,1.788621625474944565e+01,-4.893527210003618677e+00,-6.785946173538845994e-01,2.002660975265954379e-01,7.066829808868603235e-01,2.455261437479512097e+02
2.952886225050763258e+00,1.838231177779077541e+01,-4.708322072140097347e+00,-7.382789397638717110e-01,1.685544205531281925e-01,6.530938787106099763e-01,2.470825316139448375e+02
3.000574049288426526e+00,1.888049394519846302e+01,-4.523971532644484483e+00,-7.924706915035423238e-01,1.355887761211422016e-01,5.946460181438675274e-01,2.486389194799384654e+02
3.025556390025894604e+00,1.944993983247373137e+01,-4.314700699987923826e+00,-7.993516410396379612e-01,1.117157410205352613e-01,5.903850837918133143e-01,2.504127713272781648e+02
3.017564037659849152e+00,2.001860111061661840e+01,-4.104337910095593678e+00,-8.057246621553161292e-01,8.777171695975018173e-02,5.857490029738654513e-01,2.521866231746178642e+02
2.977885684626027984e+00,2.058281995867142911e+01,-3.889829849592671529e+00,-8.115857060412333679e-01,6.377191473707664870e-02,5.807407206561634450e-01,2.539604750219575635e+02
2.907782186008614822e+00,2.113892588641239811e+01,-3.668123241194114037e+00,-8.169310488795781255e-01,3.973158059120388691e-02,5.753634180825895061e-01,2.557343268692972629e+02
2.816319889997584536e+00,2.165023355233761038e+01,-3.451285876594738955e+00,-8.217572942021558191e-01,1.566598654466518428e-02,5.696205107595255779e-01,2.573979263841308693e+02
2.702751788865482840e+00,2.214904347824146313e+01,-3.223376352180391535e+00,-0.000000000000000000e+00,1.519999199372182135e-02,9.998834733322731205e-01,2.590615258989644758e+02
2.570809134400285245e+00,2.263296999737604764e+01,-2.981667314843898353e+00,-4.766013582140743443e-01,-3.399995421605139529e-03,8.791118161981057444e-01,2.607251254137980823e+02
2.404546046126246228e+00,2.315846939178513963e+01,-2.687501873635075089e+00,-4.806297440679674904e-01,-1.414673451779228375e-01,8.654363288926318898e-01,2.626063675054099349e+02
2.226228569023399384e+00,2.365718541919091322e+01,-2.367261155420261609e+00,-4.753983754968429953e-01,-2.768092049313784497e-01,8.350874496972591210e-01,2.644876095970217875e+02
2.041990057152034854e+00,2.412535497169692533e+01,-2.019530795711285798e+00,-4.610080383699015072e-01,-4.068180978192568187e-01,7.886498740547990272e-01,2.663688516886336402e+02
1.887954009190973226e+00,2.448640839981267092e+01,-1.714937424793647525e+00,-4.377359733414204479e-01,-5.289892897234603764e-01,7.270182590569668202e-01,2.679185159871295809e+02
1.732639557007134457e+00,2.482379600095831051e+01,-1.397369017174997285e+00,-4.060305349103697226e-01,-6.409690446584589418e-01,6.513799878039269187e-01,2.694681802856255217e+02
1.576375917953359629e+00,2.513420707061411008e+01,-1.068294006318389888e+00,-3.665025539159328938e-01,-7.405999714170186099e-01,5.631922942579492553e-01,2.710178445841214625e+02
1.419563198310205276e+00,2.541439994382596979e+01,-7.292136560635580356e-01,-3.199135698025135088e-01,-8.259625878606418059e-01,4.641541891569946343e-01,2.725675088826174033e+02
1.262764905739578669e+00,2.566127333970275615e+01,-3.816948044028887210e-01,-2.671611592903450072e-01,-8.954123020432711577e-01,3.561737277191304174e-01,2.741171731811133441e+02
1.106616939963404267e+00,2.587179261524539342e+01,-2.733709928225050434e-02,-2.092616440381948884e-01,-9.476110975933449421e-01,2.413312496412861607e-01,2.756668374796092849e+02
9.517359688834686748e-01,2.604291706996330547e+01,3.322597658165868384e-01,-1.473305104026923495e-01,-9.815533127614247677e-01,1.218392995406531454e-01,2.772165017781052256e+02
7.987194103180329519e-01,2.617160005653229859e+01,6.954960625244587247e-01,-8.256091850746098693e-02,-9.965850163112912607e-01,0.000000000000000000e+00,2.787661660766011664e+02
6.485323256422284022e-01,2.625586203462179213e+01,1.060763059704987965e+00,-2.156758109603265638e-02,-9.960809228055309550e-01,-8.576499676058285671e-02,2.803158303750971072e+02
5.029033765374756326e-01,2.629585917161340802e+01,1.426434055634673959e+00,3.966463393785247399e-02,-9.845441411985837998e-01,-1.705800423467540017e-01,2.818654946735930480e+02
3.527165013162310014e-01,2.628837104925094437e+01,1.822245946783591641e+00,1.004575138969565351e-01,-9.621024572361839278e-01,-2.535057192308010632e-01,2.835496106261566069e+02
2.140591937648962939e-01,2.622723650590352307e+01,2.214196118146531500e+00,1.601377127421171054e-01,-9.290044393251757349e-01,-3.336235373484394695e-01,2.852337265787201659e+02
8.991003205129183273e-02,2.611408977189600833e+01,2.600003236263274786e+00,2.180442089177051790e-01,-8.856166851698048514e-01,-4.100461070506318251e-01,2.869178425312837248e+02
-1.674074072655822726e-02,2.595053603534989861e+01,2.977386015952343534e+00,2.735356266390577273e-01,-8.324197612394795831e-01,-4.819269675565676647e-01,2.886019584838472838e+02
-1.028913091552097342e-01,2.573815136881102461e+01,3.344063238246548053e+00,3.259973395759521719e-01,-7.700028800484284286e-01,-5.484699620832346190e-01,2.902860744364108427e+02
-1.655283782940835946e-01,2.547848265631258258e+01,3.697753768328144286e+00,3.748482782769123611e-01,-6.990573741939181129e-01,-6.089380558471799709e-01,2.919701903889744017e+02
-2.016272666365628852e-01,2.517304752087441955e+01,4.036176573463507999e+00,4.195473659584927351e-01,-6.203690394137089115e-01,-6.626614993004560361e-01,2.936543063415379606e+02
-2.081519992432215582e-01,2.482333425243927039e+01,4.357050740937210342e+00,4.595995113955546052e-01,-5.348094314392005666e-01,-7.090452462075117479e-01,2.953384222941015196e+02
-1.831907704154590866e-01,2.442939976041266803e+01,4.659860033750234720e+00,4.180447541078535778e-01,-4.843801607132535714e-01,-7.685131381250108751e-01,2.970306941334172848e+02
-1.277437830450724177e-01,2.399630547041196849e+01,4.941872065597100239e+00,3.732265956928824124e-01,-4.301696520884231156e-01,-8.219817386597778608e-01,2.987229659727330500e+02
-4.440244280944591337e-02,2.352835031128176624e+01,5.202408517415540778e+00,3.254949014315840494e-01,-3.726010905802836781e-01,-8.690336566790657358e-01,3.004152378120488152e+02
6.427267641924837294e-02,2.302985668144820508e+01,5.440791240603176426e+00,2.752222800160687988e-01,-3.121238745586160102e-01,-9.093015910652687550e-01,3.021075096513645803e+02
1.957519048698086184e-01,2.250517025373329361e+01,5.656342262398580623e+00,2.228011750202374686e-01,-2.492101078101593148e-01,-9.424711977431223797e-01,3.037997814906803455e+02
3.475365487044128066e-01,2.195865977982986195e+01,5.848383791261304587e+00,1.686408015701815200e-01,-1.843509143984306542e-01,-9.682835433934848801e-01,3.054920533299961107e+02
5.171589613871487856e-01,2.139471689443938018e+01,6.016238222250824386e+00,1.131639521115464092e-01,-1.180526050685900552e-01,-9.865371267110518705e-01,3.071843251693118759e+02
6.884792278486515649e-01,2.085821650138770877e+01,6.150919952134311863e+00,5.680369619149774896e-02,-5.083272510264977978e-02,-9.970894514323875857e-01,3.087596445220009969e+02
8.702800151966016973e-01,2.031450321950912041e+01,6.265033666543350144e+00,0.000000000000000000e+00,1.678398554445860447e-02,-9.998581388522901348e-01,3.103349638746901178e+02
1.060408999665766627e+00,1.976690046824429103e+01,6.358363686286470084e+00,-8.895903910950431204e-02,4.602127533859258490e-02,-9.949705179435817115e-01,3.119102832273792387e+02
1.256001481852435875e+00,1.921870346963625309e+01,6.431280011749332282e+00,-1.771358953432038419e-01,7.485392072247384898e-02,-9.813346855857046913e-01,3.134856025800683597e+02
1.453847169684034935e+00,1.867320951898912185e+01,6.484445552031655957e+00,-2.637552842220871052e-01,1.030284141767663780e-01,-9.590705375088003359e-01,3.150609219327574806e+02
1.650757184766548757e+00,1.813374397390979453e+01,6.518523352068777754e+00,-3.480556158414810364e-01,1.302970351205289812e-01,-9.283738314495623145e-01,3.166362412854466015e+02
1.856674381709028321e+00,1.756739328661436872e+01,6.533883713181252162e+00,-4.292956905447996574e-01,1.564200277934346683e-01,-8.895144658661284787e-01,3.183221991448855306e+02
2.053595210431666818e+00,1.701703788133917072e+01,6.527531081442023542e+00,-5.067612153138740805e-01,1.811677091095194314e-01,-8.428341069450754341e-01,3.200081570043244596e+02
2.237424203481347629e+00,1.648715282750222144e+01,6.500335828325102483e+00,-5.797710836260323575e-01,2.043224879640576641e-01,-7.887431847588033396e-01,3.216941148637633887e+02
2.404598546497511702e+00,1.598232225268040985e+01,6.452894585411256934e+00,-6.476833636044839748e-01,2.256807782523939376e-01,-7.277172849653964493e-01,3.233800727232023178e+02
2.552590961930769620e+00,1.550730327188808211e+01,6.385256335615317802e+00,-7.612357666192121064e-01,1.879506676537974763e-01,-6.206389080202963093e-01,3.250660305826412468e+02
2.679408662049550749e+00,1.506694599264565859e+01,6.297196316871385591e+00,-8.551607977225891277e-01,1.453745338124668163e-01,-4.975582930249649039e-01,3.267519884420801759e+02
2.783091626718567468e+00,1.466611978517299875e+01,6.188489927975970417e+00,-9.270367601663545010e-01,9.905013660601229286e-02,-3.616488846094786380e-01,3.284379463015191050e+02
2.861626679591450895e+00,1.431021423062322384e+01,6.059157457229892962e+00,-9.750104504786831772e-01,5.017187636634055925e-02,-2.164148892285748527e-01,3.301211635222898053e+02
2.913337353095688531e+00,1.400338681766774407e+01,5.908832920604514705e+00,-9.978449368362465322e-01,0.000000000000000000e+00,-6.560093010484044362e-02,3.318043807430605057e+02
2.936787999210511924e+00,1.374895595467150144e+01,5.738639333058267233e+00,-9.598835568757689840e-01,-1.482980642393069426e-01,-2.379689924834572368e-01,3.334875979638312060e+02
2.931388683592135003e+00,1.354710212301156957e+01,5.552391203723289870e+00,-8.709099236745272421e-01,-2.887149096555273742e-01,-3.976903390695245011e-01,3.351708151846019064e+02
2.896959830858418794e+00,1.339643561639137737e+01,5.355248836856053352e+00,-7.356524945740232635e-01,-4.137882090790382383e-01,-5.362767245142245898e-01,3.368540324053726067e+02
2.833972120045590959e+00,1.329594644412393123e+01,5.153834934241836585e+00,-5.612994190085585089e-01,-5.168710611140440170e-01,-6.463631087902798056e-01,3.385252265941220458e+02
2.742188074015664778e+00,1.324285490899539042e+01,4.951823597985891112e+00,-3.571165318403879407e-01,-5.924852232853211609e-01,-7.220990533689073398e-01,3.401964207828714848e+02
2.621195703890040640e+00,1.323500453999734994e+01,4.754399041638953882e+00,-4.299777433417721895e-01,-4.581667461732364388e-01,-7.779462532413143894e-01,3.418676149716209238e+02
2.470151773180320642e+00,1.326861547338893565e+01,4.567084689831973243e+00,-4.914577994019113105e-01,-3.117209761114472233e-01,-8.132018596016001855e-01,3.435388091603703629e+02
2.287977524077489999e+00,1.333910286683576274e+01,4.395573512165121599e+00,-5.399293839984984356e-01,-1.570241745645651610e-01,-8.269326870412884167e-01,3.452100033491198019e+02
2.084081154234488142e+00,1.343634536534216117e+01,4.250953804478821318e+00,-5.741094903284769124e-01,1.828998376288140269e-03,-8.187752731239464898e-01,3.468096143295891807e+02
1.851267432998926932e+00,1.355711261625036279e+01,4.129032254758880249e+00,-9.923498043656551193e-01,1.234498512612373505e-01,-0.000000000000000000e+00,3.484092253100585594e+02
1.589445013179851873e+00,1.369457009113343737e+01,4.031796350275884677e+00,-9.929762191294246865e-01,-1.177438595744326050e-01,1.151571870435908439e-02,3.500088362905279382e+02
1.299960604632008909e+00,1.384132054740266504e+01,3.959608904330479628e+00,-9.357046399794374247e-01,-3.520722337662357537e-01,2.235998508619902250e-02,3.516084472709973170e+02
9.613276552451669454e-01,1.400179486009678342e+01,3.909733659424771357e+00,-8.238744187561459764e-01,-5.658721590981428129e-01,3.190049651660378793e-02,3.533276812771727009e+02
5.992727263080935840e-01,1.415741864841422348e+01,3.887388228064118767e+00,-6.640060918013328539e-01,-7.466774785440714046e-01,3.958096874652970026e-02,3.550469152833480848e+02
2.201543175084197113e-01,1.429995243182927389e+01,3.890276814867297261e+00,-4.654211878118434398e-01,-8.839458661734864720e-01,4.495357173491794367e-02,3.567661492895234687e+02
-1.697278243716812685e-01,1.442109596351623324e+01,3.916103417568264966e+00,-2.396987123322232016e-01,-9.696735307780576241e-01,4.770504182808042032e-02,3.584853832956988526e+02
-5.641328993920077250e-01,1.451248860657820039e+01,3.962571845834305773e+00,-0.000000000000000000e+00,-9.988619020529923009e-01,4.767494759579282704e-02,3.602046173018742365e+02
-9.567237579276312021e-01,1.456675070050612675e+01,4.027446703204712541e+00,2.260073968839733383e-01,-9.637048664721570290e-01,-1.420971037447027741e-01,3.619238513080496205e+02
-1.340789693086822387e+00,1.457853344078936075e+01,4.108585351948874198e+00,4.320518127865448643e-01,-8.434247576110220912e-01,-3.193178812994988958e-01,3.636425652293403914e+02
-1.709739673071703603e+00,1.454348801542483827e+01,4.203951714930441952e+00,5.999335338016192898e-01,-6.486457885322165495e-01,-4.683336375285126474e-01,3.653612791506311623e+02
-2.056893349156946993e+00,1.445717209859779828e+01,4.311495366394295203e+00,7.148237261018716149e-01,-3.965726068370019619e-01,-5.759819512010800890e-01,3.670799930719219333e+02
-2.375601009540476038e+00,1.431507856019594982e+01,4.429165780769447558e+00,7.665742646539652760e-01,-1.094706067284816481e-01,-6.327543623191655975e-01,3.687987069932127042e+02
-2.659243787680828142e+00,1.411263566068169695e+01,4.554912349463303478e+00,7.506141027920847364e-01,1.873007761196621990e-01,-6.336362426155461858e-01,3.705174209145034752e+02
-2.886987227258526634e+00,1.387136272507330226e+01,4.676416384159296946e+00,7.222881338432696197e-01,4.989294968933157687e-02,-6.897887685962893478e-01,3.721063160989696712e+02
-3.080597562122217692e+00,1.358072054039141641e+01,4.801145967844345108e+00,6.774676977280739143e-01,-8.865422635372186000e-02,-7.301889801180824202e-01,3.736952112834358672e+02
-3.238782196352972154e+00,1.324259936743716715e+01,4.927567026980826270e+00,6.171763366248134153e-01,-2.251768418528466154e-01,-7.539142918162967666e-01,3.752841064679020633e+02
-3.360235175208357905e+00,1.285887708547202557e+01,5.054145476131276737e+00,5.427908868723544389e-01,-3.565572229626617906e-01,-7.604229085731035731e-01,3.768730016523682593e+02
-3.443637223074481835e+00,1.243141911212523532e+01,5.179347228696149941e+00,4.560100378177788794e-01,-4.797951250358811759e-01,-7.495661968114816220e-01,3.784618968368344554e+02
-3.487655781598413718e+00,1.196207832347007738e+01,5.301638207651579116e+00,3.588155418936562757e-01,-5.920762440854652198e-01,-7.215920787302380068e-01,3.800507920213006514e+02
-3.491517514516215392e+00,1.143918137419844072e+01,5.422517908643954776e+00,4.131783114546708768e-01,-3.531958792252336554e-01,-8.393654471339936363e-01,3.816795397033381505e+02
-3.456864852638512620e+00,1.087618604888275797e+01,5.537857388751685761e+00,4.370113996516452604e-01,-8.821779889907482852e-02,-8.951182360627765178e-01,3.833082873853756496e+02
-3.390082232962026598e+00,1.027601368425807848e+01,5.646997110772541184e+00,4.285537407611644811e-01,1.832787916827144925e-01,-8.847307928397468713e-01,3.849370350674131487e+02
-3.298032934359592883e+00,9.641567229896754299e+00,5.749324299795679494e+00,3.884302441150710994e-01,4.412329675644178217e-01,-8.089705889529116289e-01,3.865657827494506478e+02
-3.187559846048496404e+00,8.975810964054016239e+00,5.844226230947096035e+00,3.196056361481274255e-01,6.665844295030803890e-01,-6.734355467944762585e-01,3.881945304314881469e+02
-3.065485283390581905e+00,8.281770368865934984e+00,5.931090233895441877e+00,2.271653934150549559e-01,8.426819270808137974e-01,-4.881404037838685817e-01,3.898232781135256459e+02
-2.934719546413855795e+00,7.539944692589924280e+00,6.011392353860020243e+00,1.179399557416658945e-01,9.565136534367070231e-01,-2.667766811953448669e-01,3.915015510638433511e+02
-2.806257006433396484e+00,6.774117774113468826e+00,6.081540906117336220e+00,0.000000000000000000e+00,9.996686752873877868e-01,-2.570096594232212581e-02,3.931798240141610563e+02
-2.686539965209886915e+00,5.988130573422093761e+00,6.140888869356808222e+00,-0.000000000000000000e+00,9.450284828210436805e-01,-3.269849639641636552e-01,3.948580969644787615e+02
-2.579631215564335278e+00,5.186323015171630857e+00,6.188876102559726533e+00,-0.000000000000000000e+00,8.017845220763978320e-01,-5.976115629407392493e-01,3.965363699147964667e+02
-2.488387196863222517e+00,4.373290330074617316e+00,6.224985951358099179e+00,-0.000000000000000000e+00,5.833670436210881549e-01,-8.122074195786460615e-01,3.982146428651141719e+02
-2.415633242314295881e+00,3.553654003780389647e+00,6.248701854054038662e+00,-0.000000000000000000e+00,3.102543904574254774e-01,-9.506525196956778778e-01,3.998929158154318770e+02
-2.364163497781983647e+00,2.732061583510964287e+00,6.259507345653655186e+00,-0.000000000000000000e+00,8.052988517103471661e-03,-9.999665741302526945e-01,4.015711887657495822e+02
-2.336771166510923869e+00,1.842553447664705191e+00,6.255294036142162284e+00,4.138377033593420656e-07,5.327102645230076539e-02,-9.985790893764643350e-01,4.033955271842827415e+02
-2.342549269098202824e+00,9.619922894026856630e-01,6.233472252132755465e+00,8.268284110212202988e-07,9.838003603172611189e-02,-9.951479128798698115e-01,4.052198656028159007e+02
-2.381702619150774858e+00,9.359770403991687915e-02,6.194388262880115903e+00,1.238126912413724407e-06,1.432876989302445114e-01,-9.896800671596952537e-01,4.070442040213490600e+02
-2.440998348973769883e+00,-6.533300575759585227e-01,6.147504529461763845e+00,1.646891460330302193e-06,1.879021089067677286e-01,-9.821867426641136545e-01,4.086361018514398324e+02
-2.521574368688114909e+00,-1.389545343325551796e+00,6.090021979093454441e+00,2.052285493221336510e-06,2.321319598527721295e-01,-9.726832748691189856e-01,4.102279996815306049e+02
-2.621939130076352154e+00,-2.114405486506147014e+00,6.022591472026461723e+00,2.453479346879650631e-06,2.758867326134016307e-01,-9.611891129019347613e-01,4.118198975116213774e+02
-2.738811384732938503e+00,-2.828411194731919487e+00,5.946351217017879165e+00,2.849651952024830550e-06,3.190768801996716197e-01,-9.477277797517196234e-01,4.134117953417121498e+02
-2.868021263613220295e+00,-3.532658481451722121e+00,5.862683123994688827e+00,3.239992514319822757e-06,3.616140110135628860e-01,-9.323268241487114860e-01,4.150036931718029223e+02
-3.026333005064021808e+00,-4.329740474856916599e+00,5.758813740229297373e+00,3.623702173388783329e-06,4.034110697118107880e-01,-9.150177642098976660e-01,4.168308662628890033e+02
-3.189281386568698640e+00,-5.115917597894574342e+00,5.648205110407600316e+00,3.999995637447623858e-06,4.443825153389718285e-01,-8.958360229660418117e-01,4.186580393539750844e+02
-3.348499278863561912e+00,-5.893232474803538956e+00,5.532277327545097378e+00,5.062818420914955153e-01,2.864030132222324943e-01,-8.134187177504728083e-01,4.204852124450611655e+02
-3.493287340337050129e+00,-6.663683627543520060e+00,5.410493700457343458e+00,8.667161273835900515e-01,4.591995376744019419e-02,-4.966814999372763384e-01,4.223123855361472465e+02
-3.612167148680355044e+00,-7.422153969459978740e+00,5.281883813532447292e+00,6.818411546847885640e-01,5.506893172807868220e-02,-7.294230956948929423e-01,4.241231152208084154e+02
-3.698544709069238934e+00,-8.176809885145692292e+00,5.141866698459886642e+00,4.341523345850005211e-01,-2.010201626340372139e-01,-8.781233652453370730e-01,4.259338449054695843e+02
-3.744949300679939697e+00,-9.010240334136341289e+00,4.966598185915507280e+00,1.217558766213700377e-01,-4.271485671584282495e-01,-8.959450921138177870e-01,4.279455735953326894e+02
-3.727559083769161230e+00,-9.835087903354951422e+00,4.763988504156046133e+00,8.189993714591445274e-04,-4.303506697274900317e-01,-9.026603072535811512e-01,4.299573022851957944e+02
-3.605511743029929050e+00,-1.077817453628282074e+01,4.481435370732016921e+00,4.301316307905116432e-01,-1.976607968918830671e-01,-8.808603689386679259e-01,4.323077924001373162e+02
-3.420018618786804243e+00,-1.152589223314289413e+01,4.210485850632468718e+00,7.566728811009374445e-01,8.225587836748549098e-02,-6.485970409136641024e-01,4.342331694464703560e+02
-3.165378699982389854e+00,-1.224067575476306580e+01,3.906429850044526031e+00,8.331324322079249889e-01,2.646426853258717071e-01,-4.856465788083462187e-01,4.361585464928033957e+02
-2.843544566053506806e+00,-1.290878249003158729e+01,3.569601733512296260e+00,8.548851777367542093e-01,4.296520426282544602e-01,-2.908065596792325791e-01,4.380839235391364355e+02
-2.534300736151800404e+00,-1.341770234765228587e+01,3.270838927622214509e+00,8.205026934612326128e-01,5.664487523099759336e-01,-7.687093748700307705e-02,4.396681512038687174e+02
-2.191261129790729623e+00,-1.388576886053404813e+01,2.955947760373200506e+00,7.322426274505609012e-01,6.660501483112674093e-01,1.421124008643414594e-01,4.412523788686009993e+02
-1.815982477465779121e+00,-1.430606356997924067e+01,2.626071692628932031e+00,5.959004791731469242e-01,7.219159576796212452e-01,3.517640814086417378e-01,4.428366065333332813e+02
-1.410235915318621913e+00,-1.467305598602224492e+01,2.283243809235803834e+00,4.204290511989007273e-01,7.303777852992200392e-01,5.383174747767797141e-01,4.444208341980655632e+02
-9.763133530539174210e-01,-1.498571950110302708e+01,1.931347684162061373e+00,2.173505575195640582e-01,6.908800069020742951e-01,6.895226981106765685e-01,4.460050618627978452e+02
-5.168341513343769345e-01,-1.524784048442693596e+01,1.575299193293853595e+00,0.000000000000000000e+00,6.060162459354393460e-01,7.954510102222167589e-01,4.475892895275301271e+02
-3.449084737837374015e-02,-1.546452952371456924e+01,1.219938579576801851e+00,7.484965434314922242e-03,6.360544715203129140e-01,7.716065607209851018e-01,4.491735171922624090e+02
4.718504801768281243e-01,-1.564115102082531550e+01,8.672679414364482531e-01,1.495850163068104983e-02,6.651215156604546319e-01,7.465839622110481688e-01,4.507695475154322935e+02
9.958964120392155284e-01,-1.577982813902758075e+01,5.244809339212299637e-01,2.240919800066741921e-02,6.931729989241737222e-01,7.204214193120821452e-01,4.523655778386021780e+02
1.534750838771408388e+00,-1.588461081217131365e+01,1.961091711116514091e-01,2.982567882192151826e-02,7.201660921915330471e-01,6.931588768359422392e-01,4.539616081617720624e+02
2.085491786998128205e+00,-1.595952250114300419e+01,-1.133158347398334070e-01,3.719662059562706125e-02,7.460595820045211601e-01,6.648379588376235327e-01,4.555576384849419469e+02
2.645171498997693327e+00,-1.600856004141629185e+01,-3.992627052129109066e-01,4.451076932450736406e-02,7.708139334575039303e-01,6.355019051092629656e-01,4.571536688081118314e+02
3.210816512630949138e+00,-1.603569349095742425e+01,-6.572002277227823042e-01,5.175695768515804068e-02,7.943913505309053713e-01,6.051955052114091904e-01,4.587496991312817158e+02
3.779427741607094493e+00,-1.604486597848703866e+01,-8.825973875226553744e-01,2.612242450047986067e-02,7.068044587648530941e-01,7.069250851430360916e-01,4.603457294544516003e+02
4.374179840185667523e+00,-1.603916621411740451e+01,-1.077632488570283709e+00,0.000000000000000000e+00,6.060162459338810370e-01,7.954510102201712840e-01,4.620156434717953857e+02
4.964883208074510001e+00,-1.602121083122544221e+01,-1.225666394426120354e+00,3.099996898508437646e-05,0.000000000000000000e+00,9.999989995188508507e-01,4.636855574891391711e+02
5.546885542682051806e+00,-1.599346182911077641e+01,-1.323936262324741264e+00,2.399673871191826383e-05,1.620493031349293789e-01,9.867816489871883423e-01,4.653554715064829566e+02
6.115195482946594652e+00,-1.595761699316863691e+01,-1.370568352817320479e+00,1.635916466485520739e-05,3.198148089030599106e-01,9.474790170443108117e-01,4.670253855238267420e+02
6.626066370144314099e+00,-1.591883381189769686e+01,-1.367775887625557019e+00,8.289142824827351597e-06,4.691260715510646717e-01,8.831300747472291546e-01,4.685731321949108406e+02
7.118631265518203577e+00,-1.587576899731089419e+01,-1.321581396863577229e+00,0.000000000000000000e+00,6.060361314468604155e-01,7.954358600047459760e-01,4.701208788659949391e+02
7.589984263941574660e+00,-1.582815440852983180e+01,-1.232363342937538908e+00,-2.038720165109181651e-02,7.069240346568134159e-01,7.069941804779847905e-01,4.716686255370790377e+02
8.073960013861794849e+00,-1.576993230139033209e+01,-1.085542899810910900e+00,-4.039896372711486439e-02,7.947932863815573290e-01,6.055324563125584758e-01,4.733514354612947841e+02
8.524434485253228999e+00,-1.570325920563866795e+01,-8.866887235124163436e-01,-2.327326561486448286e-01,6.034521084284057979e-01,7.626788731784853725e-01,4.750342453855105305e+02
8.900048905772084851e+00,-1.563545692888031624e+01,-6.693328921125801800e-01,-1.188546381836209226e-01,7.402506257568286507e-01,6.617405730703483924e-01,4.765415883756723474e+02
9.250716222403777778e+00,-1.555956227768516875e+01,-4.208142144711239929e-01,-0.000000000000000000e+00,8.460544322742477030e-01,5.330946422788590544e-01,4.780489313658341644e+02
9.576161269634253514e+00,-1.547495713819175478e+01,-1.448303870854596442e-01,-7.319272356510572730e-02,8.821222821985896800e-01,4.652967918074005227e-01,4.795562743559959813e+02
9.904143575540375721e+00,-1.536983518140074700e+01,1.894677166736974117e-01,-1.455616830177634824e-01,9.082621653013255303e-01,3.922622025121391687e-01,4.812228273912775762e+02
1.019600743939189158e+01,-1.525105512554963028e+01,5.512082519537333525e-01,-2.162923910831197616e-01,9.241798893583712537e-01,3.148128549880228055e-01,4.828893804265591712e+02
1.045060127844375941e+01,-1.511768965537220666e+01,9.353940994966934985e-01,-2.845887993488695478e-01,9.296963097976546075e-01,2.338204157778872028e-01,4.845559334618407661e+02
1.066677857407340113e+01,-1.496880049508447463e+01,1.337027967174548415e+00,-3.496822575881171069e-01,9.247493455624457015e-01,1.501964267577718670e-01,4.862224864971223610e+02
1.084339790614768440e+01,-1.480343843812014271e+01,1.751112428470004145e+00,-4.108401646194753121e-01,9.093946773905922099e-01,6.488204582275232390e-02,4.878890395324039559e+02
1.097932298732469469e+01,-1.462064337702570249e+01,2.172649960958098259e+00,-4.673742133430633383e-01,8.838051206942367788e-01,-2.116254563564605798e-02,4.895555925676855509e+02
1.107342269729007711e+01,-1.441944433351474153e+01,2.596642984788340769e+00,-5.186481371690827569e-01,8.482686801437221424e-01,-1.069689492309733592e-01,4.912221456029671458e+02
1.112457111692767775e+01,-1.419885948868122405e+01,3.018093901167177684e+00,-5.640848706767715992e-01,8.031853078952226888e-01,-1.915714484369922810e-01,4.928886986382487407e+02
1.113168402699840165e+01,-1.395814577913475674e+01,3.431621690651441625e+00,-6.031730439415116107e-01,7.490624019860869787e-01,-2.740178771443096961e-01,4.945536646283094342e+02
1.109374053234092194e+01,-1.369611231644486082e+01,3.832652783399542074e+00,-6.354727374717178412e-01,6.865090955913063508e-01,-3.533803356189725298e-01,4.962186306183701276e+02
1.100963473607916043e+01,-1.341174881869395463e+01,4.216208759905472725e+00,-6.606204330199108021e-01,6.162294014304738887e-01,-4.287656332902944900e-01,4.978835966084308211e+02
1.087881270537178047e+01,-1.310472411854820329e+01,4.578093811259548396e+00,-6.783331045803133730e-01,5.390142884852560101e-01,-4.993253408758362988e-01,4.995485625984915146e+02
1.070181289868930641e+01,-1.277608270885251507e+01,4.915677247720137366e+00,-7.597422425515878430e-01,3.353050784980384225e-01,-5.570998377467845097e-01,5.012135285885522080e+02
1.047971013266621298e+01,-1.242756504532219353e+01,5.227111042604905222e+00,-8.020528557856548835e-01,1.143400684211829249e-01,-5.862043715980466141e-01,5.028784945786129015e+02
1.023086766797916880e+01,-1.208246299386051525e+01,5.496065847106410551e+00,-8.030874964993103271e-01,-1.125092841558768264e-01,-5.851411231027690008e-01,5.044494757002465803e+02
9.945935365505688353e+00,-1.172347991157771929e+01,5.740035759830896644e+00,-7.627928742511440596e-01,-3.335686683802012165e-01,-5.539647772801663539e-01,5.060204568218802592e+02
9.625734081275085785e+00,-1.135201736507408299e+01,5.957556415387855075e+00,-6.832426184448645579e-01,-5.374616998558546799e-01,-4.942797239707215073e-01,5.075914379435139381e+02
9.272011992253311519e+00,-1.096831050899072046e+01,6.147338963526233435e+00,-5.014550656966610953e-01,-4.006403192950122039e-01,-7.668299365848870730e-01,5.091624190651476169e+02
8.888392062374586899e+00,-1.057026563233353755e+01,6.308445412153628418e+00,-2.564589039182854635e-01,-2.133180640511677384e-01,-9.427206554177857134e-01,5.107334001867812958e+02
8.479449616032493253e+00,-1.015464986552358084e+01,6.440113299551704529e+00,2.086397755587581990e-02,8.929990393691098665e-04,-9.997809245000306433e-01,5.123043813084150315e+02
8.049384296265387206e+00,-9.719030891656782245e+00,6.542279125788942551e+00,-8.929322996577827853e-02,3.988822750722819353e-03,-9.959963897402923649e-01,5.138753624300487672e+02
7.565724390896268581e+00,-9.225637059543306151e+00,6.619688421604072559e+00,-1.983647588442819520e-01,7.036148105944419785e-03,-9.801019921767453180e-01,5.155673621262646975e+02
7.063871971548566719e+00,-8.706190559625998304e+00,6.664644747053671381e+00,-3.050244669835376343e-01,9.997924313348898959e-03,-9.522909828676777710e-01,5.172593618224806278e+02
6.547903395506743607e+00,-8.160613911224382733e+00,6.679884167890657309e+00,-4.079755351713388878e-01,1.283814069109192983e-02,-9.129014978875569231e-01,5.189513615186965581e+02
6.021894897918411260e+00,-7.588867418809499554e+00,6.668142985669297751e+00,-5.059662333160297454e-01,1.552226447193273337e-02,-8.624124477589077964e-01,5.206433612149124883e+02
5.489922473987731699e+00,-6.990949170224483034e+00,6.632157716022962113e+00,-5.978051387541034600e-01,1.801766064738034162e-02,-8.014376956342610381e-01,5.223353609111284186e+02
4.956061761174956004e+00,-6.366895034350237736e+00,6.574665066940604596e+00,-6.823756216992571400e-01,2.029398874925953528e-02,-7.307185948985009949e-01,5.240273606073443489e+02
4.423515090870675515e+00,-5.717870813271940023e+00,6.498069804618874734e+00,-6.635491049377223449e-01,2.434245129707769337e-02,-7.477352675834210149e-01,5.257193603035602791e+02
3.919932721691487654e+00,-5.081325333384653753e+00,6.409525267010927507e+00,-6.442843881419191288e-01,2.837483708595785886e-02,-7.642581342740060180e-01,5.273274004704609297e+02
3.419287638112821437e+00,-4.429803513879289945e+00,6.307225068647752231e+00,-6.245941908320650215e-01,3.238848379633696428e-02,-7.802762862494873053e-01,5.289354406373615802e+02
2.922003108293660834e+00,-3.766963800753979630e+00,6.192318582903094004e+00,-6.044915132340923369e-01,3.638074147475186398e-02,-7.957791477945735936e-01,5.305434808042622308e+02
2.428478421312882052e+00,-3.096468121152565089e+00,6.065955273458848218e+00,-5.839896277166933825e-01,4.034897427822541766e-02,-8.107564831567374286e-01,5.321515209711628813e+02
1.939375906082904555e+00,-2.421731192389775522e+00,5.929208355482710857e+00,-3.068485239465458259e-01,2.543155774505858474e-02,-9.514174789347576988e-01,5.337595611380635319e+02
1.455910146944751515e+00,-1.745673252765357564e+00,5.782998457352690025e+00,-0.000000000000000000e+00,8.051988583362198332e-03,-9.999665821817598221e-01,5.353676013049641824e+02
9.790872558022146732e-01,-1.070294388882973902e+00,5.628004504470753844e+00,-0.000000000000000000e+00,8.051988577684139614e-03,-9.999665814766085514e-01,5.369772754498958420e+02
5.108748686498354452e-01,-3.989873309386728351e-01,5.465213525710111320e+00,-0.000000000000000000e+00,8.051988577684137879e-03,-9.999665814766085514e-01,5.385869495948275016e+02
5.272695856108525897e-02,2.655292349198963842e-01,5.295473440889263195e+00,-0.000000000000000000e+00,8.051988577682347645e-03,-9.999665814763862848e-01,5.401966237397591613e+02
-3.939201374462660277e-01,9.205235410040364386e-01,5.119632219683802887e+00,7.410239557580579339e-02,9.669171134935920786e-03,-9.972027587713204744e-01,5.418062978846908209e+02
-8.276477576083897114e-01,1.563250843219482045e+00,4.938537875536161970e+00,1.477971199177834094e-01,1.123315937433041686e-02,-9.889528944677506983e-01,5.434159720296224805e+02
-1.246926204799854832e+00,2.191401617894606968e+00,4.753624740699486040e+00,2.206787478422431448e-01,1.273534915762814662e-02,-9.752623755350562362e-01,5.450256461745541401e+02
-1.649982104234122282e+00,2.803548218302025941e+00,4.567499737069031340e+00,2.923463273553562058e-01,1.416747631793713325e-02,-9.562065192719999551e-01,5.466353203194857997e+02
-2.040535214623843352e+00,3.407530646203050129e+00,4.380601413538268929e+00,3.624055853805962513e-01,1.552166212840829299e-02,-9.318901596708439872e-01,5.482696777782883828e+02
-2.410154912353437595e+00,3.992618220662444095e+00,4.199170812940970166e+00,4.304710967471758742e-01,1.679045664502494192e-02,-9.024470707097045352e-01,5.499040352370909659e+02
-2.756841270650054021e+00,4.557715400037331221e+00,4.026601475003753094e+00,4.961684045108777363e-01,1.796687969079718145e-02,-8.680392304503542489e-01,5.515383926958935490e+02
-3.078601008680079243e+00,5.101708091148589475e+00,3.866286873762330600e+00,5.591360799460046715e-01,1.904445925594868208e-02,-8.288559299876745445e-01,5.531727501546961321e+02
-3.373447548418347708e+00,5.623463688842801567e+00,3.721620392429146662e+00,6.190277108784643101e-01,2.001726710288022001e-02,-7.851127321497791689e-01,5.548071076134987152e+02
-3.639401071429219758e+00,6.121831115813083812e+00,3.595995298261521533e+00,6.755138074234896539e-01,2.087995138005066531e-02,-7.370502856738403441e-01,5.564414650723012983e+02
-3.874488575559134951e+00,6.595640862678417982e+00,3.492804717430446626e+00,7.282836146450408776e-01,2.162776606534979121e-02,-6.849330013773481385e-01,5.580758225311038814e+02
-4.076743931540237398e+00,7.043705028321083361e+00,3.415441609890164543e+00,7.770468221650786989e-01,2.225659707695743297e-02,-6.290475976035608818e-01,5.597101799899064645e+02
-4.244207939504697435e+00,7.464817360481839970e+00,3.367298744248674591e+00,8.215351613168832001e-01,2.276298490799657376e-02,-5.697015229390922642e-01,5.613445374487090476e+02
-4.369718755724735892e+00,7.837947833881291793e+00,3.350861536315891342e+00,8.615038810543560466e-01,2.314414366039366580e-02,-5.072212648769796051e-01,5.628904443816909406e+02
-4.462502735566400425e+00,8.186265907102427519e+00,3.364739031293582094e+00,8.967330944954077232e-01,2.339797637315363041e-02,-4.419505537264561412e-01,5.644363513146728337e+02
-4.521458097344606131e+00,8.508615137556722274e+00,3.411742317220880505e+00,9.734518642358040985e-01,-2.788891540820520251e-02,-2.271820336486101710e-01,5.659822582476547268e+02
-4.546389961400970847e+00,8.803534708737835501e+00,3.494873818734205440e+00,9.969795307167680365e-01,-7.765188556172933354e-02,-0.000000000000000000e+00,5.675281651806366199e+02
-4.455230528811219060e+00,9.241124902790197382e+00,3.827646825233392391e+00,9.703928888873790681e-01,2.415277234475799450e-01,0.000000000000000000e+00,5.704724268464228771e+02
-4.338707368114135932e+00,9.406042948680575222e+00,4.093820473375011204e+00,9.613122642134427354e-01,2.256882066496442296e-01,-1.579289842092952700e-01,5.720116159546313384e+02
-4.196927730818607039e+00,9.546472743944676154e+00,4.398575908749591257e+00,9.279345081714142074e-01,2.041444289654442690e-01,-3.118663185859394393e-01,5.735508050628397996e+02
-4.032815563376428436e+00,9.665104508419434026e+00,4.739998643351427177e+00,8.711032433673637776e-01,1.774409089633053327e-01,-4.579212412876848548e-01,5.750899941710482608e+02
-3.849277156694288049e+00,9.764653007042033650e+00,5.116173948248802006e+00,7.922548797562644074e-01,1.462525776308470915e-01,-5.924022189695683505e-01,5.766291832792567220e+02
-3.649201076679307931e+00,9.847857448070483244e+00,5.525186866158734666e+00,6.933823089541748530e-01,1.113677193733655785e-01,-7.119102504616262594e-01,5.781683723874651832e+02
-3.435458095004521262e+00,9.917481381007046792e+00,5.965122224022861630e+00,5.769845333999795711e-01,7.366804800782443541e-02,-8.134247764368534028e-01,5.797075614956736445e+02
-3.210901120094695749e+00,9.976312594225447583e+00,6.434064645584371966e+00,4.460035036212176007e-01,3.410642136530290386e-02,-8.943800236927847980e-01,5.812467506038821057e+02
-2.978365128332930212e+00,1.002716301230276841e+01,6.930098563965946035e+00,3.037497601636293676e-01,-6.317242209041159205e-03,-9.527298544985851603e-01,5.827859397120905669e+02
-2.740667095488447558e+00,1.007286859305694371e+01,7.451308234248642748e+00,1.538187596704412574e-01,-4.658123673575710610e-02,-9.869994820460249452e-01,5.843251288202990281e+02
-2.496188821156839488e+00,1.011709381027214327e+01,8.006200090935374547e+00,0.000000000000000000e+00,-8.566789209264030758e-02,-9.963227450309073419e-01,5.858926159382691594e+02
-2.251371071469767227e+00,1.016190079925313938e+01,8.583359520301051759e+00,-0.000000000000000000e+00,-7.616884514612425050e-02,-9.970939308858627337e-01,5.874601030562392907e+02
-2.006675421872280651e+00,1.021003705281431451e+01,9.180010473269318183e+00,-0.000000000000000000e+00,-6.666288112014885636e-02,-9.977745538252451585e-01,5.890275901742094220e+02
-1.761709338400475833e+00,1.026412809090067491e+01,9.793138421597859633e+00,-0.000000000000000000e+00,-5.715086294305454090e-02,-9.983645520777022497e-01,5.905950772921795533e+02
-1.516183905537843879e+00,1.032567820390447366e+01,1.041980627332952380e+01,-0.000000000000000000e+00,-4.763365409227122982e-02,-9.988638720958208372e-01,5.921625644101496846e+02
-1.270042283425306673e+00,1.039393895799261536e+01,1.105723297759073631e+01,-0.000000000000000000e+00,-3.811211851553049368e-02,-9.992724685503142634e-01,5.937300515281198159e+02
-1.023352188266881013e+00,1.046701417576210424e+01,1.170271703102564942e+01,-0.000000000000000000e+00,-2.858712055295037358e-02,-9.995903043341131111e-01,5.952975386460899472e+02
-7.761919611805885300e-01,1.054299347269135367e+01,1.235355791139932968e+01,-0.000000000000000000e+00,-1.905952485908493990e-02,-9.998173505657238502e-01,5.968650257640600785e+02
-5.286521699941841845e-01,1.061996726613484121e+01,1.300705505984465304e+01,-0.000000000000000000e+00,-9.530196324945507461e-03,-9.999535865918577349e-01,5.984325128820302098e+02
-2.808075734500122267e-01,1.069650357444132993e+01,1.366118248756441922e+01,-0.000000000000000000e+00,-0.000000000000000000e+00,-9.999989999893286186e-01,6.000000000000003411e+02
