-4.058870699946015570e+00,-1.614229991937673914e+00,2.663474834278130476e+00,-2.256800000000000125e-02,-9.740079999999999849e-01,-2.253860000000000030e-01,0.000000000000000000e+00
-4.198019268589017194e+00,-7.892443786160300290e-01,2.395061244206685647e+00,-8.550314243741886922e-02,-9.774050656179978924e-01,-1.933042946664328965e-01,4.739523938641700518e+00
-4.332301099671909128e+00,3.567855722124300272e-02,2.127981260271760267e+00,-3.698522005447033023e-02,-9.767502621869391666e-01,-2.111611205082137011e-01,9.479047877283401036e+00
-4.465703463208289925e+00,8.589586311126129470e-01,1.863651354397587223e+00,1.163156892496935470e-02,-9.734843234170937887e-01,-2.284534496667101067e-01,1.421857181592510244e+01
-4.602248458994652403e+00,1.679104712207285077e+00,1.603487825190112792e+00,6.021725956390758250e-02,-9.676159807412244573e-01,-2.451350555591428892e-01,1.895809575456680207e+01
-4.745992271142039698e+00,2.494715305515616155e+00,1.348906709971316786e+00,1.086419701469195642e-01,-9.591609221741681512e-01,-2.611613441836096450e-01,2.369761969320850170e+01
-4.901024418796271043e+00,3.304479124431162429e+00,1.101323696821666642e+00,1.567762493279163949e-01,-9.481417503707370020e-01,-2.764894733073298139e-01,2.843714363185020133e+01
-5.071467003091811421e+00,4.107175653473511545e+00,8.621540366409849998e-01,2.044914221269180654e-01,-9.345879222093604888e-01,-2.910784669741575681e-01,3.317666757049190096e+01
-5.261473950383183329e+00,4.901675701205764568e+00,6.328124552291300997e-01,2.516599338524700968e-01,-9.185356700628011239e-01,-3.048893250257950216e-01,3.791619150913360414e+01
-5.471956158366456435e+00,5.687548031255333036e+00,4.129864424229378606e-01,2.981556910318606257e-01,-9.000279049659789532e-01,-3.178851273444079362e-01,4.265571544777530733e+01
-5.580463639288879563e+00,6.056359188027554907e+00,3.117460058050202654e-01,3.438543984392327668e-01,-8.791141019390920075e-01,-3.300311325383725736e-01,4.490473139854946538e+01
-5.820766463908306321e+00,6.825933959464763667e+00,1.008176480091062949e-01,4.582449511646732310e-01,-8.507488295875819118e-01,-2.573635438212013571e-01,4.964425533719116856e+01
-6.062825365692280144e+00,7.589524899233991206e+00,-1.124616587301685428e-01,5.638507556427492240e-01,-8.060743623196208185e-01,-1.797621978418799671e-01,5.438377927583287175e+01
-6.297693011534089891e+00,8.348067785911245764e+00,-3.335852222391978983e-01,6.586473102161581883e-01,-7.459471296995117129e-01,-9.871474276391921376e-02,5.912330321447457493e+01
-6.516401920777617818e+00,9.102297561475426235e+00,-5.680458616327725974e-01,7.408173308043596306e-01,-6.715197951342423144e-01,-1.577488902184026251e-02,6.386282715311627811e+01
-6.709966152421279695e+00,9.852748004114145530e+00,-8.213355649640321499e-01,8.087855881558585480e-01,-5.842191589083782777e-01,6.746737549837657222e-02,6.860235109175798129e+01
-6.871381313401669466e+00,1.059914302423787724e+01,-1.097276914092338407e+00,8.612491049838495449e-01,-4.857188062355010660e-01,1.494162656289780566e-01,7.334187503039967737e+01
-6.997642773593977239e+00,1.133984754494032110e+01,-1.396354613516406662e+00,8.972021342060119142e-01,-3.779070246070018735e-01,2.285007902166424076e-01,7.808139896904137345e+01
-7.087775716605495546e+00,1.207256534543236093e+01,-1.717383692736315304e+00,9.159554395085152123e-01,-2.628506053624041772e-01,3.032048681932231760e-01,8.282092290768306952e+01
-7.094681425960183141e+00,1.216079535992726690e+01,-1.759154821155872961e+00,9.171495086215466497e-01,-1.427552232805649746e-01,3.720963921646758821e-01,8.339966659361181200e+01
-7.117180924897873240e+00,1.287177644245220876e+01,-2.121616554162729873e+00,8.841057808570500498e-01,-2.424583072231273340e-01,3.994608084827042660e-01,8.813919053225350808e+01
-7.101729986151212870e+00,1.356953516006528560e+01,-2.503509984061967675e+00,8.406460335361627401e-01,-3.393048688779254918e-01,4.221190024813095687e-01,9.287871447089520416e+01
-7.047483128604840275e+00,1.425170877052697982e+01,-2.903645543874612045e+00,7.872822861653754334e-01,-4.321539255242286548e-01,4.398040319784128349e-01,9.761823840953690024e+01
-6.953636418079801373e+00,1.491591421614240254e+01,-3.320832527933573086e+00,7.246432382408142248e-01,-5.199115908502549566e-01,4.523075446769440622e-01,1.023577623481785963e+02
-6.820242072617187290e+00,1.555911048873507241e+01,-3.753456736173954589e+00,6.534668625803604636e-01,-6.015439613993928125e-01,4.594822325329996904e-01,1.070972862868202924e+02
-6.649042101103872504e+00,1.617698532598152283e+01,-4.199058144784402202e+00,5.745917115959074950e-01,-6.760892964515600179e-01,4.612435670976841040e-01,1.118368102254619885e+02
-6.513645237008587330e+00,1.656459168504937551e+01,-4.499416721874578862e+00,4.889470388600885564e-01,-7.426693479487571636e-01,4.575707954046066006e-01,1.149588926796404991e+02
-6.276062047374064257e+00,1.711947951025702253e+01,-4.963352528558339749e+00,4.989785337455014957e-01,-6.721364666341524963e-01,5.470383835547238949e-01,1.196984166182821951e+02
-6.008038044126958077e+00,1.763601730877145002e+01,-5.432598259640788463e+00,5.024833925108757038e-01,-5.928120557253279133e-01,6.293507025800513244e-01,1.244379405569238912e+02
-5.712480355068946025e+00,1.810945274096931357e+01,-5.904269263937507617e+00,4.994157739894369286e-01,-5.057336771298507339e-01,7.034311142591369581e-01,1.291774644955656015e+02
-5.392393407639567648e+00,1.853509437415418759e+01,-6.375480733934627331e+00,4.898158037540029097e-01,-4.120403122836264198e-01,7.683106529566334775e-01,1.339169884342072976e+02
-5.050878442200791518e+00,1.890831329185979115e+01,-6.843347885019849919e+00,4.738090491473905264e-01,-3.129574648201259301e-01,8.231406988844550687e-01,1.386565123728489937e+02
-4.691926290914919306e+00,1.922478567492554191e+01,-7.305750454629551527e+00,4.516048769047297240e-01,-2.097811317500145045e-01,8.672040774339386804e-01,1.433960363114906897e+02
-4.321203012451285019e+00,1.948075895387472656e+01,-7.762097153778928948e+00,4.234937148448885691e-01,-1.038608527172543983e-01,8.999244394726129137e-01,1.481355602501323858e+02
-4.184416269385669018e+00,1.955125500202779065e+01,-7.925859337097609369e+00,3.898432534235130031e-01,3.417941058873778543e-03,9.208737999526861451e-01,1.498583834276345783e+02
-3.807164270218503344e+00,1.968091008209023940e+01,-8.370659728385376752e+00,3.636466173329103713e-01,4.852048135813886304e-02,9.302714123250240830e-01,1.545979073662762744e+02
-3.434135532877961694e+00,1.974227987016388042e+01,-8.809814790419183694e+00,3.364285672294785590e-01,9.348672777223830666e-02,9.370560553566723572e-01,1.593374313049179705e+02
-3.072036366898912796e+00,1.973231450421210553e+01,-9.243498865473311454e+00,3.082655526784047750e-01,1.381903807902609971e-01,9.412086738270464270e-01,1.640769552435596665e+02
-2.727642983080228678e+00,1.964810610583893435e+01,-9.671886628060006430e+00,2.792366771703052586e-01,1.825058785641646697e-01,9.427176048058063529e-01,1.688164791822013626e+02
-2.407800348529848034e+00,1.948688995074065389e+01,-1.009515307362844361e+01,2.494234759872694385e-01,2.263087494904403307e-01,9.415786103819838715e-01,1.735560031208430587e+02
-2.117075494415180170e+00,1.924914781631058602e+01,-1.051266304426561149e+01,2.189096872459718457e-01,2.694759617301014654e-01,9.377948895562363552e-01,1.782955270594847548e+02
-1.855318371328377847e+00,1.894164107190345803e+01,-1.092216080486513796e+01,1.877810167588941370e-01,3.118862686878224322e-01,9.313770692620305658e-01,1.830350509981264508e+02
-1.822399000574365102e+00,1.889037142660350455e+01,-1.097773081622613667e+01,1.561248973723844968e-01,3.534205494823270954e-01,9.223431745408107174e-01,1.836947673092740558e+02
-1.609753958193295809e+00,1.846686052027885694e+01,-1.136493961524384488e+01,1.385121505387341412e-01,3.162204995913011074e-01,9.385185026359587068e-01,1.884342912479157519e+02
-1.420670094326025756e+00,1.799475398820585781e+01,-1.173757920708147218e+01,1.206285182062437483e-01,2.784020230647765159e-01,9.528583704557581635e-01,1.931738151865574480e+02
-1.252035698901950100e+00,1.748373877397635212e+01,-1.209258586167726612e+01,1.025089749019504198e-01,2.400390804715197002e-01,9.653347346438042598e-01,1.979133391251991441e+02
-1.100529507984672195e+00,1.694342535779219716e+01,-1.242689693591210798e+01,8.418895646205833139e-02,2.012066970559478751e-01,9.759231960910694781e-01,2.026528630638408401e+02
-9.626213811986246149e-01,1.638334426377296893e+01,-1.273745106403274718e+01,6.570429074329814378e-02,1.619808160390554808e-01,9.846030476350405847e-01,2.073923870024825362e+02
-8.345730018019765772e-01,1.581294257625109445e+01,-1.302118834801497549e+01,4.709112756846012965e-02,1.224381501259523830e-01,9.913573145425558231e-01,2.121319109411242323e+02
-7.124385993647165405e-01,1.524158046534277489e+01,-1.327505054785805072e+01,2.838586804289809640e-02,8.265603150998702964e-02,9.961727876976944618e-01,2.168714348797659284e+02
-5.920656950109696171e-01,1.467852772208268242e+01,-1.349598127180118290e+01,9.625093379974507951e-03,4.271226066624132789e-02,9.990400494299824796e-01,2.216109588184076244e+02
-4.690958691830882099e-01,1.413296030341004617e+01,-1.368092616645330040e+01,-9.154506625629669353e-03,2.684954229530518537e-03,9.999534919324913895e-01,2.263504827570493205e+02
-3.389655518837128567e-01,1.361395688729272102e+01,-1.382683310682782718e+01,-2.791620533712905680e-02,-3.734760774616847218e-02,9.989113282338131228e-01,2.310900066956910166e+02
-2.727190705901982315e-01,1.338929592625279952e+01,-1.387527610959869939e+01,-4.662331108734274476e-02,-7.730713484872650532e-02,9.959155957023679839e-01,2.332890381136658107e+02
-1.142183616463591511e-01,1.294656600268615954e+01,-1.393622555468532020e+01,-6.359545682723181936e-02,-9.357751762709447252e-02,9.935778107686304983e-01,2.380285620523075067e+02
6.195572702496485867e-02,1.255286889621132751e+01,-1.395144957564947497e+01,-8.053209664321527017e-02,-1.097956573069859554e-01,9.906853663161844237e-01,2.427680859909492028e+02
2.598270823257772255e-01,1.221739158219455135e+01,-1.391846689910139290e+01,-9.742377845493668809e-02,-1.259525028005461511e-01,9.872398768364758492e-01,2.475076099295908989e+02
4.836308729546128782e-01,1.194923629935421516e+01,-1.383479924082666557e+01,-1.142610752580478645e-01,-1.420390372050066297e-01,9.832432652079791113e-01,2.522471338682325950e+02
5.359471945708534912e-01,1.190962602528717618e+01,-1.380678977634252114e+01,-1.310345903669460910e-01,-1.580462828171408929e-01,9.786977616204255437e-01,2.532220613187311642e+02
6.589609430646931054e-01,1.186119873817934867e+01,-1.372558890951210664e+01,-1.099974025967410812e-01,-1.849784936163552385e-01,9.765661924650950176e-01,2.552519230788333289e+02
9.780579178280558450e-01,1.182419114253849202e+01,-1.348172254203962162e+01,-1.200021148243859415e-01,-1.449764937418455968e-01,9.821299856388832072e-01,2.599914470174750249e+02
1.326176557285415614e+00,1.185462833565998686e+01,-1.318274878455096122e+01,-1.297990754575420180e-01,-1.047235182143417681e-01,9.859935013651608404e-01,2.647309709561167210e+02
1.699561389883729623e+00,1.194242371391358937e+01,-1.282795941113822202e+01,-1.393713263795228197e-01,-6.428924359259884092e-02,9.881500526400437412e-01,2.694704948947584171e+02
1.776371363153061100e+00,1.196942391814687312e+01,-1.274807779656986284e+01,-1.487022982668286253e-01,-2.374366012478338131e-02,9.885959058607701744e-01,2.703921655938089543e+02
2.190661043623191695e+00,1.215312949258698438e+01,-1.228253746772793598e+01,-2.007355273812796714e-01,1.707593453755649332e-02,9.794956153585752112e-01,2.751316895324506504e+02
2.621693644413800595e+00,1.237153812493623484e+01,-1.176529951213714575e+01,-2.518741687201233037e-01,5.781942529603532194e-02,9.660301844094383306e-01,2.798712134710923465e+02
3.065029978878799799e+00,1.261430600084009690e+01,-1.120040516330282010e+01,-3.018903232446960017e-01,9.830523883570103927e-02,9.482596230721328512e-01,2.846107374097340426e+02
3.516004686929148804e+00,1.287119441841257306e+01,-1.059189861175122616e+01,-3.505610944001524287e-01,1.383529503182400200e-01,9.262631268875510804e-01,2.893502613483757386e+02
3.969727146688579289e+00,1.313207356185623986e+01,-9.943826753672732721e+00,-3.976695813852906825e-01,1.777840873955973955e-01,9.001387239254289296e-01,2.940897852870174347e+02
4.421082410653652595e+00,1.338692626304109723e+01,-9.260238939435883054e+00,-4.430058457008999584e-01,2.164229255193526325e-01,8.700028379176865112e-01,2.988293092256591308e+02
4.864732166300935745e+00,1.362585175072942612e+01,-8.545186721987143130e+00,-4.863678466729253747e-01,2.540972710037333049e-01,8.359897694299506243e-01,3.035688331643008269e+02
5.295115721086901317e+00,1.383906938713321644e+01,-7.802723605150289288e+00,-5.275623417842187912e-01,2.906392283548672184e-01,7.982510973827419143e-01,3.083083571029425229e+02
5.706451011786261240e+00,1.401692239149363850e+01,-7.036904791835834061e+00,-5.664057478052548777e-01,3.258859484489218805e-01,7.569550035880432404e-01,3.130478810415842190e+02
6.092735638111815177e+00,1.414988155037385731e+01,-6.251786932170350752e+00,-6.027249588885684739e-01,3.596803542269771947e-01,7.122855233093748906e-01,3.177874049802259151e+02
6.447747920556940571e+00,1.422854891435563829e+01,-5.451427871557447347e+00,-6.363581179830303247e-01,3.918718406744285399e-01,6.644417251825872617e-01,3.225269289188676112e+02
6.654610018331400312e+00,1.423934452552316010e+01,-4.922738067345798108e+00,-6.671553381316143172e-01,4.223169459670043646e-01,6.136368241489078557e-01,3.256133222141516512e+02
6.929913334312118423e+00,1.418796667271801581e+01,-4.103030993098086832e+00,-8.835275543448332103e-01,2.064367865749528741e-01,4.204294398145805300e-01,3.303528461527933473e+02
7.158353591560144835e+00,1.406471889596394576e+01,-3.280112665978762720e+00,-9.843780662534362680e-01,-3.643506165134276914e-02,1.722507154189648892e-01,3.350923700914350434e+02
7.264502103778672115e+00,1.394811787898825273e+01,-2.789925116414508022e+00,-9.565206375776075243e-01,-2.745430440710187048e-01,-9.844992047122456957e-02,3.379201917663621089e+02
7.389291440275686185e+00,1.368383152451627538e+01,-1.973025295167111004e+00,-9.731440169934878481e-01,-2.019877974288554201e-01,-1.104067564871143159e-01,3.426597157050038049e+02
7.458487958896549586e+00,1.335669376387144958e+01,-1.164048614007261007e+00,-9.842364548683779635e-01,-1.282845531215689450e-01,-1.217360847779909855e-01,3.473992396436455010e+02
7.469919434097012534e+00,1.297378266801673163e+01,-3.666311993734817642e-01,-9.897349103051060748e-01,-5.385220193281561180e-02,-1.323735157383574002e-01,3.521387635822871971e+02
7.421554411680520325e+00,1.254221632172768430e+01,4.155915434274291553e-01,-9.896081339250174524e-01,2.088622213212179210e-02,-1.422585919832005386e-01,3.568782875209288932e+02
7.312608239737050653e+00,1.206873019024503257e+01,1.179302020438274701e+00,-9.838568453852863938e-01,9.550594561552984418e-02,-1.513351318729033168e-01,3.616178114595705892e+02
7.169830401145630638e+00,1.163473382151390290e+01,1.811465112037749625e+00,-9.725137293341343803e-01,1.695828692548063676e-01,-1.595515487547969624e-01,3.656524552456843367e+02
6.945870896529688920e+00,1.109363902795918300e+01,2.530779651754818449e+00,-9.513498028181991417e-01,1.817229394741580184e-01,-2.488138379337580253e-01,3.703919791843260327e+02
6.668039750998318915e+00,1.052660687969328457e+01,3.224523112122633428e+00,-9.220394040906110256e-01,1.923069042558266384e-01,-3.359455192146997282e-01,3.751315031229677288e+02
6.339299720338029687e+00,9.938940788418722860e+00,3.890333895869858338e+00,-8.848335196274585979e-01,2.012441323158911388e-01,-4.202004780491729319e-01,3.798710270616094249e+02
5.962715858495920784e+00,9.335873998617907787e+00,4.525852142470906614e+00,-8.400507455343008134e-01,2.084580934762911841e-01,-5.008572333431194901e-01,3.846105510002511210e+02
5.541454908749633645e+00,8.722567911182459000e+00,5.128719874492455588e+00,-7.880745594157821943e-01,2.138870140055506019e-01,-5.772251155675955925e-01,3.893500749388928170e+02
5.078784684212564571e+00,8.104110415051554384e+00,5.696581143851831008e+00,-7.293500366526899370e-01,2.174844055990677039e-01,-6.486501810348479502e-01,3.940895988775345131e+02
4.578073437710433957e+00,7.485514226994960829e+00,6.227082177980811650e+00,-6.643800392048043735e-01,2.192194634689074995e-01,-7.145208116935554132e-01,3.988291228161762092e+02
4.042789221064829519e+00,6.871715239675508791e+00,6.717871525888465811e+00,-5.937209095740778597e-01,2.190773301336629564e-01,-7.742729524893779969e-01,4.035686467548179053e+02
3.476499233819860368e+00,6.267570878125916067e+00,7.166600204115327166e+00,-5.179777068007369589e-01,2.170592226490455634e-01,-8.273949414403137803e-01,4.083081706934596014e+02
2.882869161449667761e+00,5.677858464773862579e+00,7.570921842572088778e+00,-4.377990252872480670e-01,2.131824221893377502e-01,-8.734318910639797817e-01,4.130476946321012974e+02
2.265662503084607149e+00,5.107273593149586510e+00,7.928492830256045565e+00,-3.538714408180564930e-01,2.074801260686794102e-01,-9.119895836359411812e-01,4.177872185707429935e+02
1.628739888793955037e+00,4.560428510410648784e+00,8.236972460838543952e+00,-2.669136313359726786e-01,2.000011634692515083e-01,-9.427378469217067014e-01,4.225267425093846896e+02
9.760583864639601481e-01,4.041850508816094312e+00,8.494023078116816450e+00,-1.776702228216423263e-01,1.908095773106738557e-01,-9.654133814742902331e-01,4.272662664480263857e+02
3.116707983112345093e-01,3.555980326281841464e+00,8.697310221323030888e+00,-8.690541297679255095e-02,1.799840758413298325e-01,-9.798220152861847332e-01,4.320057903866680817e+02
-3.602750529287198633e-01,3.107170556149210672e+00,8.844502770284062620e+00,4.603572685247989647e-03,1.676173586480529387e-01,-9.858403664889160423e-01,4.367453143253097778e+02
-1.035256707436144508e+00,2.699555878986432678e+00,8.935579421806902900e+00,9.607313630325381437e-02,1.538153228560837915e-01,-9.834168998630078429e-01,4.414848382639514739e+02
-1.708101263668159620e+00,2.336914977513762537e+00,8.975135022244577598e+00,1.867200176925707666e-01,1.386961563172196266e-01,-9.725723681127109721e-01,4.462243622025931700e+02
-1.805136622950873404e+00,2.290479132557339703e+00,8.974198272936916965e+00,2.757680014701472393e-01,1.223893255518365281e-01,-9.533996341287300780e-01,4.469163079477719407e+02
-2.458264434207300564e+00,2.018931428662744665e+00,8.925767491952766974e+00,3.126904356203860647e-01,8.805328113222891939e-02,-9.457638770606111578e-01,4.516558318864136368e+02
-3.096881735918741718e+00,1.799682190690418349e+00,8.840637053886531760e+00,3.487997011562740668e-01,5.348825509933633621e-02,-9.356686245884153763e-01,4.563953558250553328e+02
-3.715281086911327524e+00,1.636006589525604626e+00,8.725717918990461897e+00,3.840018956343389522e-01,1.878413444428766316e-02,-9.231401304471399394e-01,4.611348797636970289e+02
-4.307676769233036218e+00,1.531057781290439568e+00,8.587922894437449273e+00,4.182054754889478754e-01,-1.596883221960387553e-02,-9.082109758576057956e-01,4.658744037023387250e+02
-4.868205778936435024e+00,1.487865587929529720e+00,8.434166203847942356e+00,4.513214940600553948e-01,-5.068026932462846995e-02,-8.909199847911409842e-01,4.706139276409804211e+02
-5.390928825551505987e+00,1.509335190718903652e+00,8.271363056751065201e+00,4.832638328687616780e-01,-8.525990934484245498e-02,-8.713121230071269041e-01,4.753534515796221172e+02
-5.869831340192201985e+00,1.598245836808883880e+00,8.106429218000082315e+00,5.139494255398471267e-01,-1.196178275102813132e-01,-8.494383811252346206e-01,4.800929755182638132e+02
-6.298824492239226913e+00,1.757249558911096354e+00,7.946280577161812353e+00,5.432984737897306182e-01,-1.536646756295624305e-01,-8.253556420362414547e-01,4.848324994569055093e+02
-6.671746214541717457e+00,1.988869908239033091e+00,7.797832717899901844e+00,5.712346549188717093e-01,-1.873119144135409753e-01,-7.991265329958954222e-01,4.895720233955472054e+02
-6.982362237080528722e+00,2.295500700810605643e+00,7.668000487372239604e+00,5.976853202696589262e-01,-2.204720436965721675e-01,-7.708192627859775659e-01,4.943115473341889015e+02
-7.226651170035434113e+00,2.677425831976464998e+00,7.561522266091327715e+00,6.225816841342216579e-01,-2.530588299573692801e-01,-7.405074443654183769e-01,4.990510712728305975e+02
-7.314710635549756645e+00,2.900421866809230753e+00,7.520986333272036362e+00,6.458590026213412161e-01,-2.849875305484270704e-01,-7.082699034719367459e-01,5.013812089587234482e+02
-7.430662561071628147e+00,3.421289514940653920e+00,7.461227986868506967e+00,6.276400593393232086e-01,-3.162333054691613965e-01,-7.113806663269612862e-01,5.061207328973651443e+02
-7.484799595453862864e+00,4.004919308743253303e+00,7.422538261622520395e+00,6.085939462325531402e-01,-3.470623110185011018e-01,-7.135538948663165959e-01,5.108602568360068403e+02
-7.480179163331574621e+00,4.645739389432723243e+00,7.403124309356570620e+00,5.887457642957544257e-01,-3.774339179379443965e-01,-7.147867252637005731e-01,5.155997807746485933e+02
-7.419964494009247069e+00,5.338254430029331310e+00,7.401192074063234649e+00,5.681216715140324780e-01,-4.073080997849882756e-01,-7.150775330026062360e-01,5.203393047132902893e+02
-7.307423935693487138e+00,6.077047364629621917e+00,7.414946403671978992e+00,5.467488483913689468e-01,-4.366454856759193204e-01,-7.144259350142976306e-01,5.250788286519319854e+02
-7.145930258757807074e+00,6.856781108643437150e+00,7.442591161867307292e+00,5.246554621323493706e-01,-4.654074121647133189e-01,-7.128327901803998001e-01,5.298183525905736815e+02
-6.938959948079360451e+00,7.672200269857987642e+00,7.482329339952114466e+00,5.018706295242320037e-01,-4.935559741897495578e-01,-7.103001981994085945e-01,5.345578765292153776e+02
-6.690092484487662361e+00,8.518132850190628602e+00,7.532363168750368487e+00,4.784243785682342764e-01,-5.210540750212969696e-01,-7.068314968186325542e-01,5.392974004678570736e+02
-6.403009615366888951e+00,9.389491937990074533e+00,7.590894230546148869e+00,4.543476089105402127e-01,-5.478654751440396042e-01,-7.024312574352261640e-01,5.440369244064987697e+02
-6.081494614454640235e+00,1.028127739074647984e+01,7.656123571055023724e+00,4.296720511251229668e-01,-5.739548400103139381e-01,-6.971052790721111725e-01,5.487764483451404658e+02
-5.729431530880328971e+00,1.118857750807373996e+01,7.726251811420831395e+00,4.044302249019674500e-01,-5.992877866012065180e-01,-6.908605807367190765e-01,5.535159722837821619e+02
-5.350804427485763348e+00,1.210657069482870263e+01,7.799479260232137001e+00,3.786553961957239145e-01,-6.238309287342317377e-01,-6.837053921726090611e-01,5.582554962224238579e+02
-4.949696608471017889e+00,1.303052711423183396e+01,7.874006025553584642e+00,3.523815333911875514e-01,-6.475519210579508966e-01,-6.756491430161255529e-01,5.629950201610655540e+02
-4.530289836409581383e+00,1.395581033085316847e+01,7.948032126966725563e+00,3.256432625432869044e-01,-6.704195016756149261e-01,-6.667024503723519846e-01,5.677345440997072501e+02
-4.096629701001871737e+00,1.487822723980977635e+01,8.020188011137882711e+00,2.984758217504857591e-01,-6.924035333417157823e-01,-6.568771048266969226e-01,5.724740680383489462e+02
-3.740242968956976277e+00,1.561500710141032400e+01,8.076288322061833114e+00,2.709150147216387028e-01,-7.134750431771960111e-01,-6.461860549104976315e-01,5.762830677374723791e+02
-3.290154184338530907e+00,1.652344942191646027e+01,8.143672941949864352e+00,2.481580737859511165e-01,-7.085391007554102671e-01,-6.605966341983537937e-01,5.810225916761140752e+02
-2.835842801435341620e+00,1.742030536445615496e+01,8.208537975787596253e+00,2.252150391413312858e-01,-7.030718195768033141e-01,-6.745118254413694503e-01,5.857621156147557713e+02
-2.380925089475503853e+00,1.830273875359460334e+01,8.270805608592652902e+00,2.021031157498341668e-01,-6.970772996734813098e-01,-6.879211938026963402e-01,5.905016395533974674e+02
-1.929080452533326939e+00,1.916799352305864801e+01,8.330398179217930021e+00,1.788396352049873295e-01,-6.905600364321071716e-01,-7.008146837513364868e-01,5.952411634920391634e+02
-1.484050762842196391e+00,2.001339477303558922e+01,8.387238185127552370e+00,1.554420427368730373e-01,-6.835249172224379111e-01,-7.131826266004733794e-01,5.999806874306808595e+02
-1.049639687199017901e+00,2.083634981875385606e+01,8.441248287165912245e+00,1.319278841321949447e-01,-6.759772177323126741e-01,-7.250157477560231767e-01,6.047202113693225556e+02
-6.297120064982152376e-01,2.163434923025762657e+01,8.492351314319542155e+00,1.083147925790416966e-01,-6.679225980116333394e-01,-7.363051736698027483e-01,6.094597353079642517e+02
-2.281929284345521891e-01,2.240496786328852963e+01,8.540470268471178628e+00,8.462047544619547002e-02,-6.593670982283001969e-01,-7.470424384921084959e-01,6.141992592466059477e+02
1.509326065860332466e-01,2.314586588118728372e+01,8.585528329145871496e+00,6.086270100688280504e-02,-6.503171341392829374e-01,-7.572194904187327102e-01,6.189387831852476438e+02
5.036206262884480589e-01,2.385478976772871818e+01,8.627448858248992991e+00,3.705928511690320670e-02,-6.407794922802200199e-01,-7.668286977276659311e-01,6.236783071238893399e+02
8.257688340835113161e-01,2.452957333080414770e+01,8.666155404795935269e+00,1.322807785710905515e-02,-6.307613248771446468e-01,-7.758628545009718103e-01,6.284178310625310360e+02
1.113217323295915939e+00,2.516813869686569305e+01,8.701571709633183715e+00,-1.061304984976675463e-02,-6.202701444841501877e-01,-7.843151860275479059e-01,6.331573550011727320e+02
1.361749298024737431e+00,2.576849729604754557e+01,8.733621710150359263e+00,-3.444621963791772573e-02,-6.093138183510056205e-01,-7.921793538827304193e-01,6.378968789398144281e+02
1.567091800595653561e+00,2.632875083787920545e+01,8.762229544983068052e+00,-5.825355910287636357e-02,-5.979005625249349531e-01,-7.994494606809398052e-01,6.426364028784561242e+02
1.724916445563478673e+00,2.684709227750646932e+01,8.787319558706675693e+00,-8.201721520150016820e-02,-5.860389356909760927e-01,-8.061200544978052163e-01,6.473759268170978203e+02
1.830840160223481172e+00,2.732180677233677812e+01,8.808816306520732553e+00,-1.057193676374995339e-01,-5.737378327555242574e-01,-8.121861329584554312e-01,6.521154507557395164e+02
1.880425931589642774e+00,2.775127262902606873e+01,8.826644558923607775e+00,-1.293422422224890234e-01,-5.610064781778607568e-01,-8.176431469889129389e-01,6.568549746943812124e+02
1.879004956809150695e+00,2.779531379381803546e+01,8.828279367737687622e+00,-1.528681242025594633e-01,-5.478544190546554837e-01,-8.224870042277743210e-01,6.573997440653656668e+02
1.804360761821333980e+00,2.813193213608105125e+01,8.838561909055465904e+00,-1.459641271471224799e-01,-5.607612381085020914e-01,-8.150087775060372852e-01,6.621392680040073628e+02
1.672729988355264208e+00,2.842220468964537972e+01,8.843844037703565419e+00,-1.390206952702128518e-01,-5.735165511405220240e-01,-8.073103565824579775e-01,6.668787919426490589e+02
1.488909506700760055e+00,2.866600310086719006e+01,8.842877750803966208e+00,-1.320397042580715441e-01,-5.861169125446918926e-01,-7.993938211666687943e-01,6.716183158812907550e+02
1.257675514646979797e+00,2.886308621052898005e+01,8.834415426105415747e+00,-1.250230399371065892e-01,-5.985589185604938134e-01,-7.912613098639207365e-01,6.763578398199324511e+02
9.837825613503857758e-01,2.901310044423320988e+01,8.817209899696150543e+00,-1.179725977647231444e-01,-6.108392081884661540e-01,-7.829150195949386992e-01,6.810973637585741471e+02
6.719625740413306403e-01,2.911558021551968878e+01,8.790014543695354732e+00,-1.108902823181816544e-01,-6.229544640964539415e-01,-7.743572050034069898e-01,6.858368876972158432e+02
3.269238876252118509e-01,2.916994834166987260e+01,8.751583343919719482e+00,-1.037780067810078755e-01,-6.349014135141287651e-01,-7.655901778479523578e-01,6.905764116358575393e+02
-4.664972276597059014e-02,2.917551647216049204e+01,8.700670977521486549e+00,-9.663769242709194240e-02,-6.466768291155385873e-01,-7.566163063787870735e-01,6.953159355744992354e+02
-4.441000062158290129e-01,2.913148552972831595e+01,8.636032890594332656e+00,-8.947126810261255003e-02,-6.582775298894556482e-01,-7.474380146991786988e-01,7.000554595131409314e+02
-7.242187988192558823e-01,2.906753030266690985e+01,8.582649290819496457e+00,-8.228066970592423646e-02,-6.697003819972898730e-01,-7.380577821119117532e-01,7.032395558749495876e+02
-1.156897711186115396e+00,2.892034993373695784e+01,8.487325368047708096e+00,-2.987950824405471995e-02,-6.799270255302400923e-01,-7.326694035792391535e-01,7.079790798135912837e+02
-1.601342695827923102e+00,2.872095997535067369e+01,8.374955072994373140e+00,2.260768821131788758e-02,-6.881958144276683065e-01,-7.251712993758796522e-01,7.127186037522329798e+02
-2.052997261868367396e+00,2.846816103150128896e+01,8.244297494696773754e+00,7.502978274139640580e-02,-6.944829390587401452e-01,-7.155850606732159225e-01,7.174581276908746759e+02
-2.507334900574012426e+00,2.816064520386811409e+01,8.094112853150226883e+00,1.272358259641318545e-01,-6.987702959688170123e-01,-7.039382913746781156e-01,7.221976516295163719e+02
-2.959860031706603944e+00,2.779699660358322788e+01,7.923162576658254075e+00,1.790754906811106995e-01,-7.010455400021127215e-01,-6.902645286273445535e-01,7.269371755681580680e+02
-3.406108946502061752e+00,2.737569187533712878e+01,7.730209379126402602e+00,2.303995047316616251e-01,-7.013021198412554558e-01,-6.746031462469352924e-01,7.316766995067997641e+02
-3.841650747221826201e+00,2.689510073378002275e+01,7.514017337296194476e+00,2.810600808077381441e-01,-6.995392968649422061e-01,-6.569992413380498775e-01,7.364162234454414602e+02
-4.263346985467681982e+00,2.635469002614743061e+01,7.274282609899803909e+00,3.309113419923263577e-01,-6.957621472695659781e-01,-6.375035044361878622e-01,7.411557473840831562e+02
-4.670575537511115094e+00,2.575626510468057617e+01,7.012564098779896504e+00,3.798097417964618749e-01,-6.899815474488411038e-01,-6.161720735454968567e-01,7.458952713227248523e+02
-5.063918797920263337e+00,2.510282211578310196e+01,6.731352710037469933e+00,4.276144774857869590e-01,-6.822141426736135772e-01,-5.930663724925011593e-01,7.506347952613665484e+02
-5.443887202023339533e+00,2.439736213203087090e+01,6.433140557148428584e+00,4.741878955069113721e-01,-6.724822991620846846e-01,-5.682529340611853774e-01,7.553743192000082445e+02
-5.810919229267094366e+00,2.364288993393088489e+01,6.120420806007919268e+00,5.193958878465639861e-01,-6.608140396784484283e-01,-5.418032084185704367e-01,7.601138431386499406e+02
-6.165381414607685073e+00,2.284241279181163975e+01,5.795687519925378339e+00,5.631082781826214356e-01,-6.472429628453296724e-01,-5.137933573822325295e-01,7.648533670772916366e+02
-6.507568367931897413e+00,2.199893924794751499e+01,5.461435504577793587e+00,6.051991967154484175e-01,-6.318081464022499150e-01,-4.843040351219485284e-01,7.695928910159333327e+02
-6.837702801507060890e+00,2.111547789902050809e+01,5.120160152928477260e+00,6.455474426005494148e-01,-6.145540346885374205e-01,-4.534201559266680115e-01,7.743324149545750288e+02
-7.155935565458249492e+00,2.019503617902169523e+01,4.774357290118606656e+00,6.840368329391707247e-01,-5.955303106744770369e-01,-4.212306497052391574e-01,7.790719388932167249e+02
-7.462345691270695802e+00,1.924061914269444173e+01,4.426523018338432536e+00,7.205565373221491932e-01,-5.747917529089542343e-01,-3.878282059246099811e-01,7.838114628318584209e+02
-7.756940443314274347e+00,1.825522824962188295e+01,4.079153561685147089e+00,7.550013969638340594e-01,-5.523980777952519627e-01,-3.533090067225112541e-01,7.885509867705001170e+02
-7.828708508513878783e+00,1.799349216786795580e+01,3.990245926837530543e+00,7.872722275072172593e-01,-5.284137676488782631e-01,-3.177724499627936350e-01,7.897730006978659958e+02
-8.090829611730733006e+00,1.695041735626699619e+01,3.649535315107037103e+00,8.038555479946983828e-01,-5.183341183805966201e-01,-2.917944476475622939e-01,7.945125246365076919e+02
-8.341143830228098466e+00,1.588293189671223615e+01,3.314925131116976509e+00,8.195936406767242444e-01,-5.077094607188611386e-01,-2.655096375956182420e-01,7.992520485751493879e+02
-8.579425615192954879e+00,1.479401997007003899e+01,2.988910841310995270e+00,8.344699583273904597e-01,-4.965509659853341029e-01,-2.389456566366746082e-01,8.039915725137910840e+02
-8.805377951804901571e+00,1.368665700045055544e+01,2.673987373501502507e+00,8.484688597554472800e-01,-4.848703667344381740e-01,-2.121304350761190616e-01,8.087310964524327801e+02
-9.018632452858506454e+00,1.256380844427684806e+01,2.372648961782160448e+00,8.615756262403139187e-01,-4.726799444194949018e-01,-1.850921673375376386e-01,8.134706203910744762e+02
-9.218908497421150372e+00,1.142867012762313550e+01,2.086285637862505205e+00,8.737764770005496118e-01,-4.599925164833907898e-01,-1.578592823285920876e-01,8.182101443297161723e+02
-9.406165195972061355e+00,1.028491328510443203e+01,1.814079791167487299e+00,8.850585836772622006e-01,-4.468214228864071935e-01,-1.304604135607631277e-01,8.229496682683578683e+02
-9.580431649102088443e+00,9.136448712608576272e+00,1.554109573652254550e+00,8.954100838172890375e-01,-4.331805120853348123e-01,-1.029243690542618883e-01,8.276891922069995644e+02
-9.741644342387793643e+00,7.987186046917468474e+00,1.304452373384191510e+00,9.048200933420257330e-01,-4.190841264785596376e-01,-7.528010105963744980e-02,8.324287161456412605e+02
-9.889647165579141586e+00,6.841032199092706101e+00,1.063184934550491123e+00,9.132787179888324225e-01,-4.045470873323621097e-01,-4.755667562779640478e-02,8.371682400842829566e+02
-9.953337297695226127e+00,6.287035969066109509e+00,9.492109057678324024e-01,9.207770637130164859e-01,-3.895846792042141904e-01,-1.978324206031170304e-02,8.394713424112674147e+02
-1.006722120842985291e+01,5.155891663960214366e+00,7.199565288791219819e-01,9.118949231704414071e-01,-3.897701994469608411e-01,-1.285489817911483479e-01,8.442108663499091108e+02
-1.016706988924484811e+01,4.037390053216999064e+00,4.943086898342424207e-01,8.921530866732678700e-01,-3.853139718411680570e-01,-2.357838269346340943e-01,8.489503902885508069e+02
-1.025240518163332126e+01,2.935415900267029254e+00,2.703427304650722895e-01,8.617866612921172287e-01,-3.762690666480771329e-01,-3.402107286718673573e-01,8.536899142271925029e+02
-1.032271084359718571e+01,1.853842057388237929e+00,4.667217232331315885e-02,8.211572800118741577e-01,-3.627431997300777367e-01,-4.405860784611750347e-01,8.584294381658341990e+02
-1.037748699075769032e+01,7.965273505224521600e-01,-1.770129117855245016e-01,7.707487949819349371e-01,-3.448974497103313719e-01,-5.357145174604821536e-01,8.631689621044758951e+02
-1.041619596788680369e+01,-2.326803885830905083e-01,-4.004841632355393144e-01,7.111615154601702571e-01,-3.229443397206657740e-01,-6.244631713491624048e-01,8.679084860431175912e+02
-1.043820814476357306e+01,-1.229942904177614427e+00,-6.235132365425795076e-01,6.431050590599926009e-01,-2.971453065800970794e-01,-7.057751410962749272e-01,8.726480099817592873e+02
-1.044280198220389444e+01,-2.191433073700124190e+00,-8.458718133705210862e-01,5.673899014028300769e-01,-2.678075875321711541e-01,-7.786820890753702873e-01,8.773875339204009833e+02
-1.043831467962850645e+01,-2.424062688126866316e+00,-9.017243546910178598e-01,4.849177247626612064e-01,-2.352805615981946596e-01,-8.423157706854400573e-01,8.785825676994058995e+02
-1.039747064512472718e+01,-3.305519291450612407e+00,-1.122248187562502997e+00,6.271200949583674022e-01,-1.700210908189757342e-01,-7.601389446519291049e-01,8.833220916380475956e+02
-1.033691280204251051e+01,-4.142885833543544116e+00,-1.341587514197933428e+00,7.497353492396084951e-01,-9.945129498748034313e-02,-6.542204108910126825e-01,8.880616155766892916e+02
-1.025624572748847108e+01,-4.932710971537720646e+00,-1.559887721768002278e+00,8.489338188916215611e-01,-2.577530135531899344e-02,-5.278683595202925405e-01,8.928011395153309877e+02
-1.015623965379727700e+01,-5.672192669398901543e+00,-1.778041259703443844e+00,9.216172106665834196e-01,4.870574827633560727e-02,-3.850291769312561008e-01,8.975406634539726838e+02
-1.013541167454179259e+01,-5.789402532415835800e+00,-1.815428695802789205e+00,9.655153722599220112e-01,1.216655662612807637e-01,-2.301641933842543952e-01,8.983496677306200127e+02
-9.991964893777941725e+00,-6.421882270388539204e+00,-2.036083298003716457e+00,9.451032193764987710e-01,2.020296916041769975e-01,-2.568305052647071318e-01,9.030891916692617087e+02
-9.831477295425422369e+00,-6.998790890600815828e+00,-2.259339101689664453e+00,9.175213703187045100e-01,2.808611774931358274e-01,-2.815484576157384344e-01,9.078287156079034048e+02
-9.655139611316919002e+00,-7.517553669257243776e+00,-2.486461774647126699e+00,8.829790667196913967e-01,3.575619997358074897e-01,-3.041305378944678672e-01,9.125682395465451009e+02
-9.464079129743002028e+00,-7.975562590134116725e+00,-2.718716741612886789e+00,8.417383519921521895e-01,4.315502978743441798e-01,-3.244054364377452204e-01,9.173077634851867970e+02
-9.260834447438922368e+00,-8.370498011584000864e+00,-2.957307103970496787e+00,7.941120834534832751e-01,5.022647889241207420e-01,-3.422193459178409225e-01,9.220472874238284930e+02
-9.050839841892804216e+00,-8.700606389154875941e+00,-3.203311563324883426e+00,7.404615590630578836e-01,5.691690250220080571e-01,-3.574371280457773747e-01,9.267868113624701891e+02
-8.840963855181614761e+00,-8.964314661044081589e+00,-3.457746355348671141e+00,6.811937767668453381e-01,6.317554627081178875e-01,-3.699433386786349365e-01,9.315263353011118852e+02
-8.638037759046142128e+00,-9.159888361714925153e+00,-3.721627187510956336e+00,6.167583472259728916e-01,6.895493129914271879e-01,-3.796431035592927050e-01,9.362658592397535813e+02
-8.621510586811142574e+00,-9.170648444903619634e+00,-3.745229431279594401e+00,5.476440833304220268e-01,7.421121430087745940e-01,-3.864628380477716507e-01,9.366738776834386044e+02
-8.443909071689065016e+00,-9.223942830825929917e+00,-4.030226207267107341e+00,7.047166804610199842e-01,6.875485547007025300e-01,-1.750696581641457694e-01,9.414134016220803005e+02
-8.286644290038994498e+00,-9.204859235955458630e+00,-4.326785585302663328e+00,8.108127376004775622e-01,5.832503251949953116e-01,4.898737291968334462e-02,9.461529255607219966e+02
-8.153387542432515289e+00,-9.114893974253144293e+00,-4.637246170972889381e+00,8.582576880303032230e-01,4.367619976839549611e-01,2.695008317553890809e-01,9.508924494993636927e+02
-8.041805923865524619e+00,-8.962907645971444737e+00,-4.966596161410790522e+00,8.436195524018533787e-01,2.586799726782930686e-01,4.705196303463441421e-01,9.556319734380053887e+02
-8.014904137147011554e+00,-8.904479873246184951e+00,-5.067874575660703762e+00,7.679571896465288150e-01,6.188601121944482808e-02,6.375028442966053088e-01,9.569899367144379312e+02
-7.934667682895701901e+00,-8.657487045271970771e+00,-5.449533554386808198e+00,7.394653067134026037e-01,1.144235906178362183e-01,6.633975445163200479e-01,9.617294606530796273e+02
-7.862060759805372001e+00,-8.379830063756463332e+00,-5.864478291120887476e+00,7.078362285584866020e-01,1.664757129427613391e-01,6.864777567650761636e-01,9.664689845917213233e+02
-7.795296250104611246e+00,-8.100892056209556102e+00,-6.292335503364211213e+00,6.732041285706857892e-01,2.178215685166892401e-01,7.066455727992587699e-01,9.709448363749478403e+02
-7.721860772456819788e+00,-7.797345802473156340e+00,-6.785437226414702039e+00,6.462386325614251081e-01,2.517785313060113550e-01,7.204034987054521721e-01,9.756843603135895364e+02
-7.641513359466825861e+00,-7.493671693201819473e+00,-7.319051134881899401e+00,6.179357536243698101e-01,2.852144313772701500e-01,7.326705484154243386e-01,9.804238842522312325e+02
-7.630903661880382494e+00,-7.458175900665723113e+00,-7.387414614277674652e+00,5.883540520095064119e-01,3.180600880112492979e-01,7.434213407525857020e-01,9.809881345987362238e+02
-7.531932784736054209e+00,-7.166629791503900115e+00,-7.998681924351776829e+00,5.675463354397862759e-01,2.995598093724490263e-01,7.669113884500530220e-01,9.857276585373779199e+02
-7.421657414031729516e+00,-6.879651133323545942e+00,-8.637547421336194020e+00,5.459854848809270189e-01,2.806620161052403861e-01,7.893837362221232112e-01,9.904671824760196159e+02
-7.299606851832229459e+00,-6.594031962613181364e+00,-9.292038026592702948e+00,5.237001110063774778e-01,2.613917849649520786e-01,8.108085646327102269e-01,9.952067064146613120e+02
-7.165235479080172887e+00,-6.306575707906135086e+00,-9.950179679871332894e+00,5.007197857650036443e-01,2.417746868350806877e-01,8.311574441381758271e-01,9.999462303533030081e+02
-7.018405406131879687e+00,-6.015303957607842200e+00,-1.060023599572496522e+01,4.770750031574638172e-01,2.218367528106387487e-01,8.504033727953997923e-01,1.004685754291944704e+03
-6.859978384742878355e+00,-5.720926483070122082e+00,-1.123231420211524068e+01,4.527971387885154630e-01,2.016044396705270192e-01,8.685208120747998084e-01,1.009425278230586400e+03
-6.691468695245782250e+00,-5.425890041793514307e+00,-1.183949514177718498e+01,4.279184082512020870e-01,1.811045947859047378e-01,8.854857207341598757e-01,1.014164802169228096e+03
-6.514517375090209228e+00,-5.132883994622552848e+00,-1.241622849438863874e+01,4.024718243979030219e-01,1.603644205109192311e-01,9.012755867085147088e-01,1.018904326107869792e+03
-6.339344614433952252e+00,-4.857802225593716550e+00,-1.293206416990442165e+01,3.764911535546827670e-01,1.394114381028344618e-01,9.158694569739329605e-01,1.023424978356343786e+03
-6.150157198641670320e+00,-4.575273024491798957e+00,-1.343089825077764488e+01,3.164648266555659673e-01,6.590199800926148377e-02,9.463112279518335335e-01,1.028164502294985596e+03
-5.955492593701457338e+00,-4.297356669366235948e+00,-1.388036113807149619e+01,2.532949024630153367e-01,-8.262066943883693629e-03,9.673527953314973171e-01,1.032904026233627292e+03
-5.754902497193981503e+00,-4.021489369993078711e+00,-1.427237083263488415e+01,1.876088753374492157e-01,-8.234405405885572571e-02,9.787851483627045823e-01,1.037643550172268988e+03
-5.547879883426991121e+00,-3.745118048368940578e+00,-1.459884890051628936e+01,1.200592318715441725e-01,-1.556080765017104628e-01,9.804947258243758013e-01,1.042383074110910684e+03
-5.333688607575541418e+00,-3.468110967058902983e+00,-1.485399241408787496e+01,5.131697024583481426e-02,-2.273263722689988497e-01,9.724645438447627743e-01,1.047122598049552380e+03
-5.252959134622650517e+00,-3.367905048265519063e+00,-1.492054511032680253e+01,-1.793506423419503198e-02,-2.967865324882802414e-01,9.547743647604048922e-01,1.048850609055448558e+03
-5.023519020493403708e+00,-3.100104974316713058e+00,-1.503117459141323664e+01,-4.008218300192396832e-02,-2.532065892284350861e-01,9.665804890282808648e-01,1.053590132994090254e+03
-4.784386617579944101e+00,-2.846163231725823639e+00,-1.507060901842636547e+01,-6.212792468880717900e-02,-2.089862731328086809e-01,9.759420365006780118e-01,1.058329656932731950e+03
-4.534662745501272241e+00,-2.613250744061389685e+00,-1.503987618604250542e+01,-8.401653901838733451e-02,-1.642374108589913784e-01,9.828353341423730072e-01,1.063069180871373646e+03
-4.307818223033168969e+00,-2.434479557345002654e+00,-1.495428483960170674e+01,-1.056926729476968391e-01,-1.190731652882944802e-01,9.872429489168651484e-01,1.067196175604796281e+03
-4.037200084445506043e+00,-2.262898474801266602e+00,-1.479436013626108881e+01,-8.716212210196207233e-02,-1.100953111823518432e-01,9.900907973087548219e-01,1.071935699543437977e+03
-3.757660523316197043e+00,-2.131306043794216176e+00,-1.458078911177620007e+01,-6.859391300629696930e-02,-1.010698874716675494e-01,9.925108326533600422e-01,1.076675223482079673e+03
-3.470665957413023417e+00,-2.045952123265596168e+00,-1.432185621811139065e+01,-4.999606738838851400e-02,-9.200079328155563729e-02,9.945020096865923032e-01,1.081414747420721369e+03
-3.177819763380530738e+00,-2.013057773175476850e+00,-1.402584871860622684e+01,-3.137661976256033575e-02,-8.289194658841390895e-02,9.960634683153892777e-01,1.086154271359363065e+03
-2.880862058728952402e+00,-2.038812967644530794e+00,-1.370105617203093296e+01,-1.274361396636003625e-02,-7.374728253065429562e-02,9.971945339861099100e-01,1.090893795298004761e+03
-2.581669468972029868e+00,-2.129374310999490483e+00,-1.335576991653497458e+01,5.894900306636563156e-03,-6.457075171250638290e-02,9.978947179752287733e-01,1.095633319236646457e+03
-2.517993646011257969e+00,-2.163068316242863887e+00,-1.327968888068417641e+01,2.453087097654060508e-02,-5.536631850118446663e-02,9.981637176003401724e-01,1.096637862826583387e+03
-2.217489236521598350e+00,-2.391723610022989277e+00,-1.291097863990893480e+01,4.075782722668093438e-02,-2.259438837985924819e-02,9.989125552963156185e-01,1.101377386765225083e+03
-1.918675814016811199e+00,-2.688978609568264400e+00,-1.253569331426244027e+01,5.693025120711389664e-02,1.020776352047438225e-02,9.983249711675477034e-01,1.106116910703866779e+03
-1.622377135135593118e+00,-3.051183415227856077e+00,-1.215770155788415785e+01,7.302650753392497807e-02,4.299625458301874203e-02,9.964017519477750273e-01,1.110856434642508475e+03
-1.329335790426324326e+00,-3.474678425496699141e+00,-1.178087218135377157e+01,8.902506272598524617e-02,7.572722051276399580e-02,9.931454708527929220e-01,1.115595958581150171e+03
-1.040213170979925383e+00,-3.955795696379775794e+00,-1.140907391107772462e+01,1.049045139914122904e-01,1.083568739754280641e-01,9.885604841393332842e-01,1.120335482519791867e+03
-7.555894439147361474e-01,-4.490860301094380169e+00,-1.104617514868030348e+01,1.206436178394286879e-01,1.408415631336297491e-01,9.826529252812652437e-01,1.125075006458433563e+03
-5.164272386374817447e-01,-4.990566948619752807e+00,-1.074711476121064457e+01,1.362213184796901011e-01,1.731378300023881933e-01,9.754306967738002321e-01,1.129121868167976345e+03
-2.412734346830823773e-01,-5.622563897416212875e+00,-1.041310219276847349e+01,8.641814934056808728e-02,1.399577844907772539e-01,9.863780826963404191e-01,1.133861392106618041e+03
2.923956595913991888e-02,-6.296843923577521096e+00,-1.009746861791634309e+01,3.629514460189135067e-02,1.062597437518438687e-01,9.936747603391105077e-01,1.138600916045259737e+03
2.983031238353339720e-01,-7.006297378438005374e+00,-9.799409922886793467e+00,-1.396218710862914651e-02,7.216842664252344497e-02,9.972937258030059038e-01,1.143340439983901433e+03
5.704166314589513842e-01,-7.742748967354734724e+00,-9.516564541603417027e+00,-6.416784022637958551e-02,3.781000736247890071e-02,9.972215860193323067e-01,1.148079963922543129e+03
8.502625097004342658e-01,-8.498128961211588006e+00,-9.246569950906538438e+00,-1.141360005377585057e-01,3.311648561447409333e-03,9.934586082791768691e-01,1.152819487861184825e+03
1.142705296884160004e+00,-9.264476261099780174e+00,-8.987062817982812035e+00,-1.636817327574362768e-01,-3.119896920762989245e-02,9.860187192344582741e-01,1.157559011799826521e+03
1.452790717899987705e+00,-1.003394145099659163e+01,-8.735679147831053371e+00,-2.126216648548442667e-01,-6.559411995118329120e-02,9.749294533764434334e-01,1.162298535738468217e+03
1.765950359593099206e+00,-1.075295534186696500e+01,-8.504817442900399982e+00,-2.607746666019786774e-01,-9.974650486804342853e-02,9.602318511816494429e-01,1.166753985703076978e+03
2.124906613758912322e+00,-1.150693655289628659e+01,-8.262114119489821107e+00,-2.234549301919173392e-01,-9.447418983281816174e-03,9.746674512098867371e-01,1.171493509641718674e+03
2.507547798014638563e+00,-1.224604139110905798e+01,-8.018059481403243538e+00,-1.839553742443072182e-01,8.094381790524979303e-02,9.795950789127867431e-01,1.176233033580360370e+03
2.909700948832643519e+00,-1.296709154126606123e+01,-7.767766467057588997e+00,-1.426613201361389416e-01,1.705454332966408471e-01,9.749666675939913096e-01,1.180972557519002066e+03
3.327271931750857004e+00,-1.366681375513177699e+01,-7.506348395687510333e+00,-9.997559426801211346e-02,2.584833580651425544e-01,9.608273695908230438e-01,1.185712081457643762e+03
3.756246246472767059e+00,-1.434184119419055214e+01,-7.228919271967928495e+00,-5.631459857230627225e-02,3.438997527507683949e-01,9.373151156608446888e-01,1.190451605396285458e+03
4.192689823081920508e+00,-1.498871478280555358e+01,-6.930594090603056756e+00,-1.210424862273924533e-02,4.259613755112742761e-01,9.046592694150109581e-01,1.195191129334927155e+03
4.632749809324451462e+00,-1.560388457170537180e+01,-6.606489140870445809e+00,3.222418104368558051e-02,5.038677101366845212e-01,8.631783899277737371e-01,1.199930653273568851e+03
5.072655348914651086e+00,-1.618371111168404042e+01,-6.251722311105741170e+00,7.623826387808765870e-02,5.768587748669440352e-01,8.132771243434850916e-01,1.204670177212210547e+03
5.508718350819806986e+00,-1.672446683739955731e+01,-5.861413393112769654e+00,1.195086395206229612e-01,6.442225358631381571e-01,7.554422607760549191e-01,1.209409701150852243e+03
5.770781445919756614e+00,-1.702704486830367259e+01,-5.600284409297775490e+00,1.616132021163108612e-01,7.053018530331547353e-01,6.902379799822843109e-01,1.212292251195785866e+03
6.196895087850934125e+00,-1.747892224600577293e+01,-5.131117999091474147e+00,6.178411822783010099e-02,7.430507183579571073e-01,6.663755342754388300e-01,1.217031775134427562e+03
6.619350661083728937e+00,-1.788382820639281690e+01,-4.622833848547236002e+00,-3.878389617258175964e-02,7.719124958759091548e-01,6.345430703323142740e-01,1.221771299073069258e+03
7.040447694106579668e+00,-1.823927117895638972e+01,-4.076245054118510680e+00,-1.388880453862865738e-01,7.915420012795788551e-01,5.951213078502862741e-01,1.226510823011710954e+03
7.396033204038878317e+00,-1.849625107914452471e+01,-3.583581075268025273e+00,-2.373310812010200332e-01,8.017044618590372096e-01,5.485817293068087075e-01,1.230512537557586711e+03
7.815952685579902415e+00,-1.875077871319443190e+01,-2.965843850547692728e+00,-2.022951681833576043e-01,8.297306645959391380e-01,5.202131189755285767e-01,1.235252061496228407e+03
8.231709389767994267e+00,-1.895844949445708849e+01,-2.317387447350656160e+00,-1.666892432701798377e-01,8.554188737381172025e-01,4.903786767654059187e-01,1.239991585434870103e+03
8.640377513800968856e+00,-1.912191063226065069e+01,-1.641885418770128613e+00,-1.306136302989965303e-01,8.786967111276113851e-01,4.591624651789480982e-01,1.244731109373511799e+03
9.039025192698513678e+00,-1.924356459535254515e+01,-9.433901445400793007e-01,-9.416997620451464379e-02,8.994985890085875901e-01,4.266524392859178949e-01,1.249470633312153495e+03
9.134049944729602188e+00,-1.926319772412454157e+01,-7.669170801880977884e-01,-5.746096480863862460e-02,9.177658947015252533e-01,3.929401990648017651e-01,1.250636107496832665e+03
9.506606426429677015e+00,-1.930229108978979724e+01,-3.334689711568273457e-02,-9.619105404148282912e-02,9.400257490818376693e-01,3.272565846335513950e-01,1.255375631435474361e+03
9.863052903981071040e+00,-1.930361888529111525e+01,7.119460989484321933e-01,-1.343141871004621679e-01,9.563541613993180590e-01,2.595080290055053474e-01,1.260115155374116057e+03
1.020046635321070383e+01,-1.926884131053968119e+01,1.463774162466440876e+00,-1.715898126321223904e-01,9.666481030465575719e-01,1.901220162895376764e-01,1.264854679312757753e+03
1.051588144394963464e+01,-1.919954798182932620e+01,2.216949140155954900e+00,-2.077827270430468165e-01,9.708426218558964260e-01,1.195363623806728615e-01,1.269594203251399449e+03
1.080629116041052740e+01,-1.909725721378101682e+01,2.966282793420821129e+00,-2.426645585496844948e-01,9.689112518668068219e-01,4.819645246792782223e-02,1.274333727190041145e+03
1.106864742633348442e+01,-1.896341530942080666e+01,3.706587120785771017e+00,-2.760152081180730077e-01,9.608661802700210197e-01,-2.344756920360248700e-02,1.279073251128682841e+03
1.129986173486429202e+01,-1.879939585845205485e+01,4.432674680320163318e+00,-3.076242382047342794e-01,9.467581704804259868e-01,-9.494363958807022774e-02,1.283812775067324537e+03
1.149680578312875134e+01,-1.860649904378214714e+01,5.139358912035655536e+00,-3.372922005391694733e-01,9.266762418256766498e-01,-1.658406291955556999e-01,1.288552299005966233e+03
1.165631211146681068e+01,-1.838595095636366139e+01,5.821454460242445172e+00,-3.648318945727711538e-01,9.007471078716802193e-01,-2.356911885580347810e-01,1.293291822944607929e+03
1.177517474728986713e+01,-1.813890291840907665e+01,6.473777495849354580e+00,-3.900695486560377123e-01,8.691343769275589048e-01,-3.040545708497355837e-01,1.298031346883249626e+03
1.185014985352390759e+01,-1.786643081503816788e+01,7.091146038593020506e+00,-4.128459164929922376e-01,8.320375197718656857e-01,-3.704994128571209022e-01,1.302770870821891322e+03
1.187795638160096523e+01,-1.756953443441707208e+01,7.668380279180413872e+00,-4.330172819556249442e-01,7.896906111093742187e-01,-4.346064567558922120e-01,1.307510394760533018e+03
1.187276225399001461e+01,-1.749953059976019176e+01,7.784761746455784781e+00,-4.504563659186667235e-01,7.423608526944448505e-01,-4.959711955249794246e-01,1.308545226280693896e+03
1.179676042250436296e+01,-1.715652956522591310e+01,8.271351897972252232e+00,-4.324566415509480399e-01,7.014964224497913792e-01,-5.664644935638296630e-01,1.313284750219335592e+03
1.167175449464640558e+01,-1.679449525201244953e+01,8.710011871752938006e+00,-4.114456335672664333e-01,6.557473314469348669e-01,-6.330133710425723814e-01,1.318024274157977288e+03
1.149964400926495678e+01,-1.641820901645571240e+01,9.099256023661720150e+00,-3.875696462433758649e-01,6.054321400850818380e-01,-6.951544382818026779e-01,1.322763798096618984e+03
1.128220616819092115e+01,-1.603249163283830114e+01,9.437601779133800051e+00,-3.609949327050572254e-01,5.509012024423777243e-01,-7.524549977965172554e-01,1.327503322035260680e+03
1.102109552222809974e+01,-1.564220120768857747e+01,9.723569725144997733e+00,-3.319065373208432979e-01,4.925342268101325915e-01,-8.045160569586967680e-01,1.332242845973902376e+03
1.071784367099169977e+01,-1.525223109008642730e+01,9.955683702033335081e+00,-3.005070072848275986e-01,4.307376318889556410e-01,-8.509751060092752839e-01,1.336982369912544073e+03
1.037385897661186718e+01,-1.486750777815238500e+01,1.013247089516886312e+01,-2.670149823554164303e-01,3.659417170440311118e-01,-8.915086420919300370e-01,1.341721893851185769e+03
9.990426291318669882e+00,-1.449298882189750515e+01,1.025246192646730670e+01,-2.316636725624391657e-01,2.985976663086342686e-01,-9.258344217460177106e-01,1.346461417789827465e+03
9.688747413042085199e+00,-1.423662306070686689e+01,1.029664371156968095e+01,-1.946992344736071801e-01,2.291744069804662332e-01,-9.537134261822248771e-01,1.349845436408356136e+03
9.228020925941946118e+00,-1.389727325730872920e+01,1.029915803220248982e+01,-1.304031501113207536e-01,2.208114759861015131e-01,-9.665584878884750930e-01,1.354584960346997832e+03
8.730640560682598306e+00,-1.358158465049204366e+01,1.024090704740815028e+01,-6.553736160250213383e-02,2.114838379494897447e-01,-9.751807219771437829e-01,1.359324484285639528e+03
8.197348455440499393e+00,-1.329421397224450807e+01,1.012353355580287229e+01,-3.852471799622854366e-04,2.012322427953252002e-01,-9.795424626016004943e-01,1.364064008224281224e+03
7.880535492307945589e+00,-1.315282888372712300e+01,1.002909674245415239e+01,6.476856434645544836e-02,1.901014762313367190e-01,-9.796246535292293389e-01,1.366700001627259780e+03
7.275356203427938873e+00,-1.293284758468566054e+01,9.815591872000378970e+00,-1.202434888343513475e-01,1.803112268070358182e-01,-9.762312046233686536e-01,1.371439525565901477e+03
6.637462103357530729e+00,-1.274401538090729780e+01,9.568649638547388037e+00,-3.011267155161388986e-01,1.643296542255403558e-01,-9.393170210023875644e-01,1.376179049504543173e+03
5.969637459782530797e+00,-1.258358892803473239e+01,9.300028034788745401e+00,-4.716701901500579552e-01,1.427055144704574008e-01,-8.701496238369859082e-01,1.380918573443184869e+03
5.645556899697668385e+00,-1.252196401879405840e+01,9.169617395126051562e+00,-6.260180135356893105e-01,1.161813068916330433e-01,-7.711039817414958586e-01,1.383125740893989814e+03
4.924327113931628475e+00,-1.241539061945533895e+01,8.885325589817448133e+00,-4.469875909183225193e-01,1.302524289597793983e-01,-8.850053097668912905e-01,1.387865264832631510e+03
4.182969666480572002e+00,-1.232917188289653687e+01,8.602509111697663968e+00,-2.477427954573954427e-01,1.384330822113119530e-01,-9.588836160080916882e-01,1.392604788771273206e+03
3.427385918818451671e+00,-1.225945058155218526e+01,8.327086683651039323e+00,-3.729417168926316140e-02,1.403533059324039434e-01,-9.893978442831042885e-01,1.397344312709914902e+03
2.663557280408855643e+00,-1.220250495511618993e+01,8.064976559678797230e+00,1.748410466379365091e-01,1.359262584927500850e-01,-9.751680166324360188e-01,1.402083836648556598e+03
1.897544054591795870e+00,-1.215475003265521359e+01,7.822096156530509603e+00,3.790693435067671313e-01,1.253521455747934055e-01,-9.168376477944535363e-01,1.406823360587198295e+03
1.135484275958843492e+00,-1.211273893962592751e+01,7.604361685375074842e+00,5.661547807060207660e-01,1.091091665219341283e-01,-8.170446463105869306e-01,1.411562884525839991e+03
3.835925392828836711e-01,-1.207316418968821381e+01,7.417687783527945555e+00,7.276366873164894500e-01,8.793188810564292468e-02,-6.803020169936049300e-01,1.416302408464481687e+03
-3.518411799313123089e-01,-1.203285896120618048e+01,7.267987146252372632e+00,8.562122860450996908e-01,6.277802387786717009e-02,-5.127937606327456210e-01,1.421041932403123383e+03
-6.768165215362940135e-01,-1.201398214148749588e+01,7.219004631771607450e+00,9.460669506505343662e-01,3.478512184531015045e-02,-3.220952036054359757e-01,1.423200303365853415e+03
-8.750862347095479388e-01,-1.200204659336769808e+01,7.200933672998162116e+00,9.584269797798283808e-01,4.122775507545720086e-02,-2.823402142749901200e-01,1.424565034103077778e+03
-1.536041110929518450e+00,-1.195663864413953448e+01,7.182265806569158251e+00,8.803451066214440512e-01,2.203510060960349459e-02,-4.738195306121910644e-01,1.429304558041719474e+03
-2.165191147839224950e+00,-1.190106742990810140e+01,7.202846307463718567e+00,7.642943554274466145e-01,1.892083930460874064e-03,-6.448632089683524748e-01,1.434044081980361170e+03
-2.756804637563005311e+00,-1.183059038167153432e+01,7.253311622785788337e+00,6.152799425741912742e-01,-1.833253679674134995e-02,-7.880942268290741515e-01,1.438783605919002866e+03
-3.304636324257419044e+00,-1.174029949613148283e+01,7.322295479213179803e+00,4.397287829801386216e-01,-3.776648413221638662e-02,-8.973351046826713029e-01,1.443523129857644562e+03
-3.802319359708750568e+00,-1.162542566772679642e+01,7.398430442930242101e+00,2.452123049056091908e-01,-5.557158163713708798e-02,-9.678743331847795561e-01,1.448262653796286259e+03
-4.228887551375041021e+00,-1.148621454244055329e+01,7.468070688172060656e+00,4.011990431489204090e-02,-7.097990354081859521e-02,-9.966695774285562193e-01,1.452845841268543381e+03
-4.606726669014399533e+00,-1.130916056799278557e+01,7.527588986870988208e+00,2.064833761798624823e-01,-9.370524661697339497e-02,-9.739517144692545481e-01,1.457585365207185077e+03
-4.913957711303515552e+00,-1.109583158102051570e+01,7.571738666398347917e+00,3.669187956693766850e-01,-1.137403633901029193e-01,-9.232722930535377515e-01,1.462324889145826774e+03
-5.142917735088804676e+00,-1.084364427566069189e+01,7.600361506912837406e+00,5.168201969961520037e-01,-1.305100632924866000e-01,-8.460862883631163900e-01,1.467064413084468470e+03
-5.285021520796661321e+00,-1.055711303400980938e+01,7.613222379959496244e+00,6.518840312797785641e-01,-1.435329011434070545e-01,-7.446096400472529409e-01,1.471714136304197154e+03
-5.343609497317781454e+00,-1.022701385283634323e+01,7.611169060891888272e+00,6.349944168250736265e-01,-1.000855755277243880e-01,-7.660045483953514811e-01,1.476453660242838851e+03
-5.315663818364297910e+00,-9.862144653254750537e+00,7.594476120200711833e+00,6.164343417195822239e-01,-5.637496677522252364e-02,-7.853843425100442976e-01,1.481193184181480547e+03
-5.275147535039219626e+00,-9.719428429910829337e+00,7.583380268645834477e+00,5.962526233059624037e-01,-1.251604403807115955e-02,-8.026980489773530847e-01,1.482896858624605102e+03
-5.081086723615078959e+00,-9.292888900280534159e+00,7.538433583374384739e+00,5.192357560680160855e-01,5.817359375553975143e-02,-8.526476778892129182e-01,1.487636382563246798e+03
-4.811300529707768447e+00,-8.840549402997014639e+00,7.479263404912622981e+00,4.352488855689037872e-01,1.280823176169487709e-01,-8.911516860360426673e-01,1.492375906501888494e+03
-4.474120200693564975e+00,-8.365960782217856107e+00,7.405788073393609672e+00,3.454194140611479003e-01,1.962717071224992782e-01,-9.176932196398297492e-01,1.497115430440530190e+03
-4.077933586501838015e+00,-7.872484180947813215e+00,7.317926812759140809e+00,2.509531692228767485e-01,2.618264217646806280e-01,-9.319160003578123019e-01,1.501854954379171886e+03
-3.631183531616084981e+00,-7.363290148253331502e+00,7.215599735863093223e+00,1.531182190129396770e-01,3.238664869215288067e-01,-9.336291071165675470e-01,1.506594478317813582e+03
-3.568802349855503930e+00,-7.296249996752075084e+00,7.200684748333061158e+00,5.322785129079411759e-02,3.815591052163918584e-01,-9.228095388936278232e-01,1.507199925270739413e+03
-3.043182115018549183e+00,-6.757971315473160878e+00,7.068916619338515339e+00,2.959875789153368006e-02,3.264946613014164667e-01,-9.447344334100575836e-01,1.511939449209381110e+03
-2.483136226378074074e+00,-6.212051863252508355e+00,6.920367241187360463e+00,5.849168967979164781e-03,2.701010252601521167e-01,-9.628131819691863047e-01,1.516678973148022806e+03
-1.895470156350321345e+00,-5.662711566026827015e+00,6.752811214036016807e+00,-1.792423018441773389e-02,2.126077777900104160e-01,-9.769721873182330985e-01,1.521418497086664502e+03
-1.287073812257154115e+00,-5.114016461952442860e+00,6.564024315238861540e+00,-4.162465743782942790e-02,1.542489755641385241e-01,-9.871538083948341313e-01,1.526158021025306198e+03
-6.649202379206436975e-01,-4.569877312366783073e+00,6.351783638054219416e+00,-6.515562771004398956e-02,9.526219867560876964e-02,-9.933165948874828066e-01,1.530897544963947894e+03
-3.594532608901715998e-01,-4.308242731809351689e+00,6.236265384112212651e+00,-8.842134563440884332e-02,3.588758375272482759e-02,-9.954354559518104884e-01,1.533202039012903697e+03
2.695779130533154100e-01,-3.778895753478802355e+00,5.971695486443485912e+00,-8.728360360268323792e-02,4.110077273341947862e-02,-9.953342649336648362e-01,1.537941562951545393e+03
8.949307187010387965e-01,-3.263394871525167051e+00,5.678278489002471119e+00,-8.614337580181065379e-02,4.631278994940232763e-02,-9.952047247782240813e-01,1.542681086890187089e+03
1.510141305913971443e+00,-2.765870564793564856e+00,5.354176216509125119e+00,-8.500069452339345522e-02,5.152348778459418799e-02,-9.950468391313840311e-01,1.547420610828828785e+03
2.108915055275057515e+00,-2.290566173135214267e+00,4.997678616762639692e+00,-8.385559213040018334e-02,5.673271866097340244e-02,-9.948606124628307512e-01,1.552160134767470481e+03
2.679257802873410643e+00,-1.845902236126098384e+00,4.610873870512321560e+00,-8.270810105323882222e-02,6.194033504122394007e-02,-9.946460500313311082e-01,1.556853654352434432e+03
3.227757034949951365e+00,-1.426763492214969009e+00,4.186816997631445325e+00,-1.919323796199641774e-01,1.900639272777962085e-03,-9.814052930488583737e-01,1.561593178291076129e+03
3.747886435329177868e+00,-1.040382163495515044e+00,3.734605036629360608e+00,-2.981413778028677020e-01,-5.816890891981719297e-02,-9.527466068570026314e-01,1.566332702229717825e+03
4.240466135469958431e+00,-6.892651809378950167e-01,3.261877382808711978e+00,-3.996665498789971349e-01,-1.173246150638384416e-01,-9.091202250575372013e-01,1.571072226168359521e+03
4.706251064853087307e+00,-3.759409209939004182e-01,2.776274705747175719e+00,-4.949129341681933192e-01,-1.746371418730219283e-01,-8.512115226383089039e-01,1.575811750107001217e+03
5.145930753598051410e+00,-1.029580911937766213e-01,2.285438473831080675e+00,-5.823842092491071654e-01,-2.292061088239635280e-01,-7.799302484811480030e-01,1.580551274045642913e+03
5.560129142497245880e+00,1.271153868008627064e-01,1.797010478751990936e+00,-6.607062005133028659e-01,-2.801742367805343248e-01,-6.963962332239469477e-01,1.585290797984284609e+03
5.949404400478306876e+00,3.116934965931951185e-01,1.318632359989413860e+00,-7.286484678760751788e-01,-3.267408155086385935e-01,-6.019217970329144851e-01,1.590030321922926305e+03
6.314248749506670144e+00,4.481732488013862592e-01,8.579451293011103319e-01,-7.851436355920340393e-01,-3.681742825611061809e-01,-4.979911336064102301e-01,1.594769845861568001e+03
6.648712633741851619e+00,5.323849434663178171e-01,4.306731272816419764e-01,-8.293041605695321561e-01,-4.038237159629776141e-01,-3.862369941997728096e-01,1.599420980298763425e+03
6.965862081009237983e+00,5.649223220497519016e-01,2.814375176614734506e-02,-9.064441890335045438e-01,-2.701883502341222432e-01,-3.245846385241895060e-01,1.604160504237405121e+03
7.259645090764947462e+00,5.415167224811259228e-01,-3.339226363827356714e-01,-9.585572318355449761e-01,-1.290930831345099006e-01,-2.539704888041516284e-01,1.608900028176046817e+03
7.530289753503368821e+00,4.595088584306500912e-01,-6.478922558489671468e-01,-9.842044539817417226e-01,1.556644107299815991e-02,-1.763442051094561980e-01,1.613639552114688513e+03
7.777264623120506037e+00,3.149347699170987891e-01,-9.068038915357616858e-01,-9.826777392388700294e-01,1.597961718643670925e-01,-9.384905040934984899e-02,1.618379076053330209e+03
7.999507787848822993e+00,1.051787092999376255e-01,-1.107944022133998452e+00,-9.540192399223922370e-01,2.996139260210231026e-01,-8.762716072979287799e-03,1.623118599991971905e+03
8.197139409335420623e+00,-1.658052941812302172e-01,-1.255082541770143223e+00,-8.990202131645993466e-01,4.311593333743912737e-01,7.656556384129922788e-02,1.627858123930613601e+03
8.199812957727280249e+00,-1.707711242691453968e-01,-1.256581726820401146e+00,-8.191991757700181065e-01,5.508004197625165910e-01,1.597798736003179787e-01,1.627930488279329211e+03
8.352852062263520949e+00,-5.462100181623369410e-01,-1.309214186687364334e+00,-8.549644930714220825e-01,5.045582151246579272e-01,1.202277968562366767e-01,1.632670012217970907e+03
8.483288360374272585e+00,-9.668368993740181772e-01,-1.321308235478566351e+00,-8.864704785499548656e-01,4.558023717928879059e-01,8.007676646248866603e-02,1.637409536156612603e+03
8.592651338907348446e+00,-1.424858648097132585e+00,-1.299549214030882194e+00,-9.135601764011159753e-01,4.047757842475194212e-01,3.952680837808321412e-02,1.642149060095254299e+03
8.682637826529715497e+00,-1.912522689190152780e+00,-1.250624570537024027e+00,-9.360986316160055942e-01,3.517326588896329542e-01,-1.220064306407803298e-03,1.646888584033895995e+03
8.755111619995092909e+00,-2.422119778901117737e+00,-1.181223444020408131e+00,-9.539735621773127727e-01,2.969372477321709503e-01,-4.196085766303650488e-02,1.651628107972537691e+03
8.812103092366768919e+00,-2.945986786589095185e+00,-1.098036247730788562e+00,-9.670959183380684054e-01,2.406625320705642890e-01,-8.249260809937938865e-02,1.656367631911179387e+03
8.855808783218067859e+00,-3.476509471212355873e+00,-1.007754252479764023e+00,-9.754003262007995279e-01,1.831888626838313883e-01,-1.226133933781221874e-01,1.661107155849821083e+03
8.886922107831367157e+00,-4.006090796346123639e+00,-9.172668188524049082e-01,-9.788454133897886988e-01,1.248025633331409229e-01,-1.621233384520649190e-01,1.665846679788462779e+03
8.895744951192657624e+00,-4.264396958842142205e+00,-8.755200445664900188e-01,-9.774140151945804877e-01,6.579450450716126109e-02,-2.008256111089648244e-01,1.668192500195069670e+03
8.897297308459965137e+00,-4.772786511962542555e+00,-8.029083752592491852e-01,-9.913861103586605328e-01,3.142144722787045680e-02,-1.271387936110108252e-01,1.672932024133711366e+03
8.877953611680590384e+00,-5.260874123007466707e+00,-7.485604839524993004e-01,-9.986103479028463070e-01,-3.165472916475980079e-03,-5.258662226791703531e-02,1.677671548072353062e+03
8.833987451615588071e+00,-5.720765867902001922e+00,-7.199565775886013208e-01,-9.990375598534223522e-01,-3.773084408562581843e-02,2.232347208039194703e-02,1.682411072010994758e+03
8.761842337251762203e+00,-6.144483053671303985e+00,-7.245752588477496481e-01,-9.926648392787911224e-01,-7.203940130035590972e-02,9.708162297186723189e-02,1.687150595949636454e+03
8.658132415662914028e+00,-6.523965053154235250e+00,-7.698930603494543723e-01,-9.795355600201951507e-01,-1.058576274486589947e-01,1.711789980273520639e-01,1.691890119888278150e+03
8.556177451248046850e+00,-6.766383582717479861e+00,-8.386729323961329419e-01,-9.597390816070527908e-01,-1.389553424038990903e-01,2.441112616246582101e-01,1.695395039387796714e+03
8.477336682699654347e+00,-6.889899535556563315e+00,-9.048930745655034968e-01,-9.468826522069486717e-01,-1.788950650159248090e-01,2.672223767266939665e-01,1.697554481633690330e+03
8.270096966237654001e+00,-7.102280272009480200e+00,-1.101917381095861348e+00,-9.738354157089456065e-01,-9.898311147019372980e-02,2.045603254647585523e-01,1.702294005572332026e+03
8.032635670327758604e+00,-7.256868949021582083e+00,-1.344522753636644419e+00,-9.900380794014569386e-01,-1.797850715594545914e-02,1.396401611831567524e-01,1.707033529510973722e+03
7.770671242292149117e+00,-7.356305499692962435e+00,-1.624573896623540126e+00,-9.953117899432403215e-01,6.322455185102532349e-02,7.317852719901046799e-02,1.711773053449615418e+03
7.489854283571556692e+00,-7.403350144083468365e+00,-1.933933180775787575e+00,-9.895983336344085224e-01,1.437296796814267752e-01,5.909081690642073101e-03,1.716512577388257114e+03
7.195766583506405745e+00,-7.400882230360843472e+00,-2.264461149700929266e+00,-9.729607787940307562e-01,2.226481946329905426e-01,-6.142560015813937346e-02,1.721252101326898810e+03
7.144685397938208560e+00,-7.392758194073216771e+00,-2.322602873676920421e+00,-9.455827797832117021e-01,2.991089281154352131e-01,-1.280822224137838639e-01,1.722050196206074588e+03
6.835404491193711962e+00,-7.300500638331540948e+00,-2.677875116983426729e+00,-9.966482091038890712e-01,2.009867091235486430e-02,7.928676256161470981e-02,1.726789720144716284e+03
6.524817399207996971e+00,-7.166500459075074936e+00,-3.036813376903254813e+00,-9.246708304663896483e-01,-2.613930302222051139e-01,2.768673672272218833e-01,1.731529244083357980e+03
6.217356138471054727e+00,-6.997586910074102384e+00,-3.391728629337928513e+00,-7.385365949878810454e-01,-5.106140967973912259e-01,4.402668986135161999e-01,1.736268768021999676e+03
5.916994413358468208e+00,-6.801875143166242310e+00,-3.735083166499594931e+00,-4.612250212228625745e-01,-6.967964136159450206e-01,5.493125137563619198e-01,1.741008291960641372e+03
5.627525798345952346e+00,-6.587563984299573683e+00,-4.059339997412559242e+00,-1.269722014192500581e-01,-7.969544900190558279e-01,5.905417859093753385e-01,1.745747815899283069e+03
5.585693616094001612e+00,-6.553572436144256663e+00,-4.104542386738547322e+00,2.229560235355452502e-01,-7.987232278511174899e-01,5.588647572182570133e-01,1.746463670349502991e+03
5.323276229497530210e+00,-6.322604665200988627e+00,-4.374502060692958771e+00,-1.713934016143764949e-01,-8.199262578416663949e-01,5.462080497254725442e-01,1.751203194288144687e+03
5.079360281962610912e+00,-6.091055449191603799e+00,-4.609157060650079352e+00,-5.389847317960245743e-01,-7.131210825594398450e-01,4.482764554378028121e-01,1.755942718226786383e+03
4.859050545476711669e+00,-5.867650116352588263e+00,-4.803707421102746622e+00,-8.224289019201980189e-01,-4.949822494821897179e-01,2.803591874431880515e-01,1.760682242165428079e+03
4.671027538840924365e+00,-5.661804952996952522e+00,-4.958817636246528160e+00,-9.774740835427953023e-01,-1.995660227200426740e-01,6.867181793210146157e-02,1.765421766104069775e+03
4.607576101350309372e+00,-5.584733069939535000e+00,-5.009819966377565770e+00,-9.799144649094584381e-01,1.270066555151831977e-01,-1.537366284157953844e-01,1.767459462774772419e+03
4.507664511958308751e+00,-5.439339024961991953e+00,-5.094395967730586783e+00,-8.103625868994913661e-01,-4.292963642580660544e-01,3.987669863329079134e-01,1.772198986713414115e+03
4.502182176146042991e+00,-5.426860364403716552e+00,-5.100667811367133986e+00,-1.193565925509123271e-01,-7.093547231457115743e-01,6.946710592548228647e-01,1.772761650686703206e+03
4.513691022688018251e+00,-5.366632523772477903e+00,-5.124831830980097536e+00,-5.537009899258926726e-01,-5.235155426952865509e-01,6.475682900763189975e-01,1.777501174625344902e+03
4.586534185208742009e+00,-5.354624754449758939e+00,-5.125775492612510753e+00,-8.632354190906121882e-01,-2.196705546556927957e-01,4.544969291926748145e-01,1.782240698563986598e+03
4.609652870858496065e+00,-5.361002367257015067e+00,-5.122866108594764434e+00,-9.781876583653084101e-01,1.336904570114406388e-01,1.589772522301250712e-01,1.783047247139391402e+03
4.807287809275636370e+00,-5.446807173654941714e+00,-5.088757175801009502e+00,-9.664083037740223148e-01,9.383596221023245143e-02,2.392651303310102673e-01,1.787786771078033098e+03
5.063185822958977234e+00,-5.578076120604428922e+00,-5.035982537736812148e+00,-9.467302144116875873e-01,5.321452563955228476e-02,3.175974108532928497e-01,1.792526295016674794e+03
5.373184136245539477e+00,-5.750088428370800031e+00,-4.962540675678195790e+00,-9.193142268867029454e-01,1.215815551506195871e-02,3.933338677230825420e-01,1.797265818955316490e+03
5.733243292675761715e+00,-5.958036547458757326e+00,-4.866431353355588740e+00,-8.843844194856875784e-01,-2.899758554178687164e-02,4.658554911166395973e-01,1.802005342893958186e+03
6.139447847677187653e+00,-6.197028265996994634e+00,-4.745655741615985690e+00,-8.422262808193591299e-01,-6.991632283841950346e-02,5.345695461749351285e-01,1.806744866832599882e+03
6.588007047235282521e+00,-6.462088826030717215e+00,-4.598216543016688362e+00,-7.931843767310028381e-01,-1.102636185742623537e-01,5.989144170316296201e-01,1.811484390771241578e+03
6.904339640729153516e+00,-6.647237798875148762e+00,-4.484193059696460537e+00,-7.376595345140378734e-01,-1.497097049888959919e-01,6.583641966055151507e-01,1.814556723928056044e+03
7.428806924713971860e+00,-6.949251507695656471e+00,-4.278192560558368385e+00,-7.360229840354404196e-01,-1.659894227243002840e-01,6.562893253024475460e-01,1.819296247866697740e+03
7.986141763133111304e+00,-7.263933269473019649e+00,-4.040247910353759409e+00,-7.341862259232271315e-01,-1.822239867486993570e-01,6.540359350287023865e-01,1.824035771805339436e+03
8.572651392757808964e+00,-7.587119449498337609e+00,-3.768740947927339047e+00,-7.321497598008644969e-01,-1.984089817087327234e-01,6.516046387126016581e-01,1.828775295743981133e+03
9.184014101395490570e+00,-7.916752508603070559e+00,-3.462799945834732274e+00,-7.299141395860658799e-01,-2.145400057315916265e-01,6.489960976492933353e-01,1.833514819682622829e+03
9.815593043070894197e+00,-8.251771313356710991e+00,-3.121927491357660234e+00,-7.274799733370269639e-01,-2.306126716194215331e-01,6.462110213181994078e-01,1.838254343621264525e+03
1.046278277470717555e+01,-8.591011593898034704e+00,-2.745628344237437624e+00,-7.248479230872689749e-01,-2.466226080404083643e-01,6.432501671903306795e-01,1.842993867559906221e+03
1.112101011753364332e+01,-8.933206490838635716e+00,-2.333409467853991170e+00,-7.220187046658856911e-01,-2.625654607155714082e-01,6.401143405226248362e-01,1.847733391498547917e+03
1.178573501480969377e+01,-9.276987113362233472e+00,-1.884780060299457549e+00,-7.189930875032427560e-01,-2.784368936009458118e-01,6.368043941393610741e-01,1.852472915437189613e+03
1.245245138581313249e+01,-9.620883108473982759e+00,-1.399251585344584159e+00,-7.157718944221814761e-01,-2.942325900648382064e-01,6.333212282007115723e-01,1.857212439375831309e+03
1.275998463807280636e+01,-9.778293449197988707e+00,-1.157664519537303205e+00,-7.123560014147817254e-01,-3.099482540598426650e-01,6.296657899584899853e-01,1.859402429620079829e+03
1.342115187517971542e+01,-1.011452480308954094e+01,-5.971630970203236632e-01,-7.969631761815022530e-01,-2.683611211948866426e-01,5.411376945308594699e-01,1.864141953558721525e+03
1.407342202999322289e+01,-1.044681828620620578e+01,1.429579527979010821e-03,-8.682410366789287126e-01,-2.222856228247241939e-01,4.435590198752645263e-01,1.868881477497363221e+03
1.471409148666318423e+01,-1.077443180508264753e+01,6.365408082297410175e-01,-9.249974598325448882e-01,-1.724923769923045469e-01,3.385617804530683950e-01,1.873621001436004917e+03
1.534381903957203441e+01,-1.109872299495882864e+01,1.302490554638455755e+00,-9.662831941327757468e-01,-1.198141802006485179e-01,2.279020644051236721e-01,1.878360525374646613e+03
1.596490007367147435e+01,-1.142214955940950993e+01,1.991544333873203065e+00,-9.914077349225625113e-01,-6.513207910261482880e-02,1.134306634389107143e-01,1.883100049313288309e+03
1.657957206264812200e+01,-1.174721903630343434e+01,2.695966220689279158e+00,-9.999508724743595423e-01,-9.360635353546550505e-03,-2.937880903437626711e-03,1.887839573251930005e+03
1.719001415919003861e+01,-1.207648782069982474e+01,3.408019330664699087e+00,-9.917697198219046495e-01,4.656736999508654523e-02,-1.192572970374876501e-01,1.892579097190571702e+03
1.760452889747421068e+01,-1.230436562101353104e+01,3.894612757523607360e+00,-9.670011028398474151e-01,1.017165368231936345e-01,-2.335821338280244797e-01,1.895809575456678886e+03
