4.608632767971603261e-01,-4.131291132966418367e+00,6.700626788890094332e+00,-8.555070000000000174e-01,6.122999999999999970e-02,-5.141580000000000039e-01,0.000000000000000000e+00
1.510267146812460659e+00,-4.068438057812779007e+00,6.535137686856104189e+00,-8.621528892441088221e-01,9.759675442841751758e-02,-4.971571875102243632e-01,8.003875834066088046e+00
2.554607624377339459e+00,-4.022702413917487618e+00,6.364652010852207553e+00,-8.811386022765439474e-01,5.832520972732990749e-02,-4.692450676229779627e-01,1.600775166813217609e+01
3.587422763779567259e+00,-3.991201198758331348e+00,6.184769161947822447e+00,-8.977612736117789316e-01,1.889725152385938328e-02,-4.400745271973444672e-01,2.401162750219826592e+01
4.602353264188511872e+00,-3.970809567229661496e+00,5.991090160348715443e+00,-9.119763253241279788e-01,-2.058138279825889178e-02,-4.097237956607285847e-01,3.201550333626435219e+01
5.593145874504253712e+00,-3.958163729140389719e+00,5.779218428230641358e+00,-9.237456361104018354e-01,-6.000482001756044653e-02,-3.782742673536108602e-01,4.001937917033043846e+01
6.553656766735902472e+00,-3.949663921258462995e+00,5.544760572254791242e+00,-9.330376435052224471e-01,-9.926733498224155072e-02,-3.458102832595186249e-01,4.802325500439652473e+01
7.477854877358860897e+00,-3.941477453219726979e+00,5.283327165661236613e+00,-9.398274285110479465e-01,-1.382636341194552754e-01,-3.124189048356056375e-01,5.602713083846261100e+01
8.359825216103805801e+00,-3.929541826607808819e+00,4.990533529836558735e+00,-9.440967824163022382e-01,-1.768891377868124226e-01,-2.781896805499710634e-01,6.403100667252870437e+01
9.193772141639959372e+00,-3.909567926502615087e+00,4.662000515251301103e+00,-9.458342556226482234e-01,-2.150402607094997476e-01,-2.432144057513447866e-01,7.203488250659479775e+01
9.974022603616900184e+00,-3.877043284782153432e+00,4.293355281664242185e+00,-9.450351883505849759e-01,-2.526146897515557654e-01,-2.075868765145993944e-01,8.003875834066089112e+01
1.069502935053186299e+01,-3.827235414447851980e+00,3.880232077488987130e+00,-9.417017231410217404e-01,-2.895116582769734492e-01,-1.714026381216673667e-01,8.804263417472698450e+01
1.135261285747605875e+01,-3.756866273148721458e+00,3.420063071372026808e+00,-9.358427991191856643e-01,-3.256322163654090662e-01,-1.347587288518049542e-01,9.604651000879307787e+01
1.194511940064009714e+01,-3.665848403715201265e+00,2.913868864744908915e+00,-9.274741280360065954e-01,-3.608794961583456917e-01,-9.775341976771399766e-02,1.040503858428591712e+02
1.244384825274276096e+01,-3.561287855368331368e+00,2.393728836569011698e+00,-9.166181521508877106e-01,-3.951589716245548778e-01,-6.048595119477819665e-02,1.116275555781125490e+02
1.290439368964685585e+01,-3.432838638747738980e+00,1.803810097254979317e+00,-9.418168427684797672e-01,-3.359228214359859521e-01,-1.161433234450459130e-02,1.196314314121786424e+02
1.329811237276113367e+01,-3.288074192342125279e+00,1.176194079539910176e+00,-9.608632594165090746e-01,-2.744923183380457710e-01,3.733314715822646374e-02,1.276353072462447358e+02
1.362417243497343833e+01,-3.128420906284400171e+00,5.137209037138774637e-01,-9.736329880093904654e-01,-2.112687449918075333e-01,8.603674824997914472e-02,1.356391830803108292e+02
1.388162718288926989e+01,-2.955264546457562425e+00,-1.807631272895812713e-01,-9.800426146818436157e-01,-1.466650962018981319e-01,1.341783252378401237e-01,1.436430589143769225e+02
1.406941575870662398e+01,-2.769946772573312899e+00,-9.044060282783191740e-01,-9.800502705208327114e-01,-8.110338136523964625e-02,1.814434038015938777e-01,1.516469347484430159e+02
1.418744629430131532e+01,-2.573204632111817158e+00,-1.653745134382465176e+00,-9.736559050028017470e-01,-1.501186806647211713e-02,2.275232350116962177e-01,1.596508105825091093e+02
1.423770725340054000e+01,-2.364664700483110948e+00,-2.424102211884352265e+00,-9.609012863537286231e-01,5.117771519265216368e-02,2.721168119597339174e-01,1.676546864165752027e+02
1.422511534661197885e+01,-2.182661431740629432e+00,-3.071094646127815242e+00,-9.418697288278921054e-01,1.170329988764633317e-01,3.149328358415261486e-01,1.742401787284384795e+02
1.414699663497931503e+01,-1.948026153418942252e+00,-3.868603219370047697e+00,-9.267832891513736460e-01,1.125543329897605166e-01,3.583326067647223390e-01,1.822440545625045729e+02
1.400962367959257371e+01,-1.699243316982414820e+00,-4.672197436380783664e+00,-9.097216896478403925e-01,1.078357919750883853e-01,4.009686887393558163e-01,1.902479303965706663e+02
1.381593828814935243e+01,-1.435771297791420764e+00,-5.476584061313092278e+00,-8.907212911605006944e-01,1.028874316042887316e-01,4.427502206518635353e-01,1.982518062306367597e+02
1.356884838793096471e+01,-1.157174352248075744e+00,-6.276469680712768451e+00,-8.698225856253711807e-01,9.771979733073224428e-02,4.835881623257661244e-01,2.062556820647028530e+02
1.327122657810330253e+01,-8.631214339243973299e-01,-7.066561637479064295e+00,-8.470701098241699700e-01,9.234390182882813713e-02,5.233954841544875558e-01,2.142595578987689464e+02
1.298677801768042883e+01,-6.085204468547812384e-01,-7.704580319689024570e+00,-8.225123505363779453e-01,8.677120154006728869e-02,5.620873524586362802e-01,2.208445829030425500e+02
1.259716966097097668e+01,-2.826910138534446948e-01,-8.461270651419491529e+00,-8.147620605752542433e-01,3.502355489592282739e-02,5.787349438638555998e-01,2.288484587371086434e+02
1.216963150079564215e+01,6.122980206522308372e-02,-9.194943102674665525e+00,-8.045552366103896347e-01,-1.682968205840202486e-02,5.936376277193138318e-01,2.368523345711747368e+02
1.170950522782056780e+01,4.241930818667702940e-01,-9.901250713901145417e+00,-7.919226531498071431e-01,-6.863217150486246310e-02,6.067504729807716712e-01,2.448562104052408301e+02
1.122213309204004261e+01,8.069530484264378911e-01,-1.057585131403746814e+01,-7.769023981373757159e-01,-1.202277287730652150e-01,6.180339448624314613e-01,2.528600862393069235e+02
1.071285516413174577e+01,1.210067214782841960e+00,-1.121440828627635611e+01,-7.595397581145310051e-01,-1.714607931823110276e-01,6.274540240084509612e-01,2.608639620733729885e+02
1.018700660024150828e+01,1.633896592509412882e+00,-1.181259133308660836e+01,-7.398870816856720767e-01,-2.221768970002940824e-01,6.349823090399970837e-01,2.688678379074390818e+02
9.649914910639115107e+00,2.078605960121771457e+00,-1.236607724039606282e+01,-7.180036217002780941e-01,-2.722231311060970271e-01,6.405961021703396874e-01,2.768717137415051752e+02
9.106897232687781951e+00,2.544164191431011801e+00,-1.287055064083514822e+01,-6.939553566271505769e-01,-3.214486059552327246e-01,6.442784776302999949e-01,2.848755895755712686e+02
8.563257608570355117e+00,3.030344643744152133e+00,-1.332170477593794011e+01,-6.678147916586832933e-01,-3.697049064586139799e-01,6.460183326979986873e-01,2.928794654096373620e+02
8.024284268213323301e+00,3.536725605803222816e+00,-1.371524225719971035e+01,-6.396607401439631246e-01,-4.168465394055971829e-01,6.458104211791116933e-01,3.008833412437034553e+02
7.565419117917561387e+00,3.991530069370638589e+00,-1.400255574377636414e+01,-6.095780860086149611e-01,-4.627313720836019328e-01,6.436553692365515333e-01,3.078128525742819761e+02
7.049279071368733440e+00,4.535050757147370604e+00,-1.426874797989687416e+01,-5.854447414591844590e-01,-3.406407809282648302e-01,7.356740535496162359e-01,3.158167284083480695e+02
6.552871732899343549e+00,5.096486450732794715e+00,-1.446506802140223691e+01,-5.472864829752104310e-01,-2.103898237733796417e-01,8.100689029984426970e-01,3.238206042424141629e+02
6.080177106549902177e+00,5.674025699521336286e+00,-1.458867639266086869e+01,-4.960174262610157481e-01,-7.509876690535931265e-02,8.650577368328938865e-01,3.318244800764802562e+02
5.987216078662172869e+00,5.794752148689080506e+00,-1.459917899649100903e+01,-4.328657576736608115e-01,6.199138726369095298e-02,8.993232476357730931e-01,3.334685849853738659e+02
5.554928927821733531e+00,6.390286162456388475e+00,-1.457868835643721717e+01,-4.052398555304815297e-01,3.072638030252650837e-02,9.136928089038813816e-01,3.414724608194399593e+02
5.148042394709261949e+00,6.993810680347714026e+00,-1.448721491083047752e+01,-3.768248817031573661e-01,-5.984531874202794755e-04,9.262832452240539194e-01,3.494763366535060527e+02
4.766543685444425194e+00,7.601423354743965355e+00,-1.432620634498781698e+01,-3.476761649659734776e-01,-3.192211867235090345e-02,9.370700414876789175e-01,3.574802124875721461e+02
4.410292063680959274e+00,8.209224204698184479e+00,-1.409712258197249213e+01,-3.178504627275681726e-01,-6.318362394012506933e-02,9.460321944888674395e-01,3.654840883216382394e+02
4.077544216311911107e+00,8.812824968548644833e+00,-1.380233028810668827e+01,-2.874058505242077510e-01,-9.432209784892639504e-02,9.531522538092404018e-01,3.734879641557043328e+02
3.763454614400115528e+00,9.406932776350320324e+00,-1.344599721794905278e+01,-2.564016089479991822e-01,-1.252769088396085695e-01,9.584163557871354655e-01,3.814918399897704262e+02
3.461514084409851755e+00,9.985960242507905704e+00,-1.303319671270044822e+01,-2.248981082299934819e-01,-1.559877829812212346e-01,9.618142505052630353e-01,3.894957158238365196e+02
3.165014933760297300e+00,1.054456221710490205e+01,-1.256901203822904733e+01,-1.929566907026855072e-01,-1.863949213201311073e-01,9.633393217443905199e-01,3.974995916579026130e+02
2.867054340852739358e+00,1.107764135122781290e+01,-1.205853548535180053e+01,-1.606395513705173306e-01,-2.164391163045079614e-01,9.629885998642876421e-01,4.055034674919687063e+02
2.560537806017571860e+00,1.158035358720039909e+01,-1.150686746891916279e+01,-1.280096168206681928e-01,-2.460618670577436606e-01,9.607627675868842809e-01,4.135073433260347997e+02
2.238182662821470714e+00,1.204811357242317804e+01,-1.091911562582184558e+01,-9.513042270963091573e-02,-2.752054932766023199e-01,9.566661586703717468e-01,4.215112191601008931e+02
1.892521649166581055e+00,1.247659999552411314e+01,-1.030039391203897026e+01,-6.206599006384442424e-02,-3.038132475325689419e-01,9.507067494767651450e-01,4.295150949941669865e+02
1.515906537606841020e+00,1.286176084353273374e+01,-9.655821698851152490e+00,-2.888070063495869894e-02,-3.318294257579483819e-01,9.428961434492386662e-01,4.375189708282330798e+02
1.280168422054352995e+00,1.305408851228139078e+01,-9.276549033465506966e+00,4.360828447842403539e-03,-3.591994757017875073e-01,9.332495485293049731e-01,4.420746015192186178e+02
8.294454934360286913e-01,1.334587420400195334e+01,-8.589861398043979079e+00,2.462692966509259177e-03,-4.567024047942821463e-01,8.896150002103578869e-01,4.500784773532847112e+02
3.487476182852475848e-01,1.359643718534506185e+01,-7.882943398346650810e+00,5.364473502262346325e-04,-5.489923368495622791e-01,8.358260143747260340e-01,4.580823531873508045e+02
-1.559366064854337264e-01,1.380904442484048289e+01,-7.156115963475619957e+00,-1.395921426808420908e-03,-6.350158367109122182e-01,7.724965621480717193e-01,4.660862290214168979e+02
-6.785224947215959812e-01,1.398671934591395249e+01,-6.409703497070693423e+00,-3.312356505718833805e-03,-7.137909971826115196e-01,7.003495131977632848e-01,4.740901048554829913e+02
-1.212764389342301019e+00,1.413245268546746658e+01,-5.644036931567185889e+00,-5.190982908037712097e-03,-7.844186468062939177e-01,6.202083845289172448e-01,4.820939806895490847e+02
-1.752180070355665364e+00,1.424940990639102623e+01,-4.859456781458026953e+00,-7.010357224076250657e-03,-8.460926132421430212e-01,5.329879404917424734e-01,4.900978565236151780e+02
-2.290106861800123017e+00,1.434070967681975439e+01,-4.056309982693439231e+00,-8.749712374714127550e-03,-8.981089251189187106e-01,4.396837512986668250e-01,4.981017323576812714e+02
-2.819768577239385010e+00,1.440920551848728159e+01,-3.234946731074534121e+00,-1.038919465303127752e-02,-9.398738473333394516e-01,3.413608292324380455e-01,5.061056081917473648e+02
-3.334279397241274978e+00,1.445748263755580254e+01,-2.395720426379792212e+00,-1.191009034034840042e-02,-9.709106580933838382e-01,2.391414722496288947e-01,5.141094840258134582e+02
-3.826647781402261028e+00,1.448785484233848209e+01,-1.538987616107299061e+00,-1.329503931024279134e-02,-9.908650903595860315e-01,1.341924537273841700e-01,5.221133598598795515e+02
-4.290990569226665663e+00,1.450212992407848134e+01,-6.659062179269286119e-01,-1.452823318260229417e-02,-9.995093755797321844e-01,2.771170456198242954e-02,5.301172356939456449e+02
-4.724051749590125304e+00,1.450069478471971429e+01,2.206105519985942509e-01,-1.559559576608039212e-02,-9.967448435619402636e-01,-7.908536037901793547e-02,5.381211115280117383e+02
-4.932380149518085233e+00,1.449016357956690548e+01,6.873689640665185951e-01,-1.648494372941331984e-02,-9.826030488073314029e-01,-1.849797153896472202e-01,5.422886040904016909e+02
-5.298718356776814353e+00,1.444934639342375426e+01,1.590546644092639239e+00,6.418784279575444340e-02,-9.643591166547266225e-01,-2.566893355067253468e-01,5.502924799244677843e+02
-5.630775598567839602e+00,1.438764354500766274e+01,2.496772079118859011e+00,1.440914444563492214e-01,-9.345590475126115404e-01,-3.253229815854117857e-01,5.582963557585338776e+02
-5.927476841287014686e+00,1.430274064700237702e+01,3.401860685042492172e+00,2.222683599593215098e-01,-8.935599444733054453e-01,-3.900582030860650362e-01,5.663002315925999710e+02
-6.187803065378152390e+00,1.419227401629689034e+01,4.301628060028851230e+00,2.977817796843629239e-01,-8.418531099314882082e-01,-4.501192652926510607e-01,5.743041074266660644e+02
-6.410792047525195159e+00,1.405383214077789233e+01,5.191890720676472171e+00,3.697268113493043518e-01,-7.800581581651453433e-01,-5.047864447965866308e-01,5.823079832607321578e+02
-6.595539128266375783e+00,1.388495716331330421e+01,6.068466838064789037e+00,4.372413231998061312e-01,-7.089155904799461227e-01,-5.534046538129442361e-01,5.903118590947982511e+02
-6.741197964893249406e+00,1.368314638262369165e+01,6.927176973580303709e+00,4.995162748246032569e-01,-6.292779218766397786e-01,-5.953912900142122044e-01,5.983157349288643445e+02
-6.846981269506489554e+00,1.344585377072566601e+01,7.763844814423887186e+00,5.558054118336948068e-01,-5.420994655434719922e-01,-6.302432178410171115e-01,6.063196107629304379e+02
-6.912161532106538608e+00,1.317049150662565005e+01,8.574297908704906490e+00,6.054342082524295510e-01,-4.484248975472208687e-01,-6.575427976475454184e-01,6.143234865969965313e+02
-6.919481886100809831e+00,1.306345345263191149e+01,8.838892870946486013e+00,6.478079494889752432e-01,-3.493767387060392471e-01,-6.769628904382799517e-01,6.170350872386934498e+02
-6.897272769365083711e+00,1.270492541434631129e+01,9.587681487180805817e+00,5.901050949423172209e-01,-3.766053208732358937e-01,-7.141025200995168021e-01,6.250389630727595431e+02
-6.835817355431319520e+00,1.230183046148605897e+01,1.030074557446339334e+01,5.291859558100598937e-01,-4.017812572827483275e-01,-7.473500153671217561e-01,6.330428389068256365e+02
-6.741468283070398471e+00,1.185250072151942113e+01,1.097461481486038437e+01,4.653825624771900649e-01,-4.247673319339409503e-01,-7.765241684993036131e-01,6.410467147408917299e+02
-6.622896916563068892e+00,1.135582876693089993e+01,1.160605316712713098e+01,3.990426645771440461e-01,-4.454382640646639135e-01,-8.014659722994627034e-01,6.490505905749578233e+02
-6.488786141966416565e+00,1.081101801531524309e+01,1.219183204075979532e+01,3.305278358391188220e-01,-4.636813908542323226e-01,-8.220394865884903535e-01,6.570544664090239166e+02
-6.347826125805205777e+00,1.021758290062288133e+01,1.272873086453152425e+01,2.602115036317498298e-01,-4.793972813790991494e-01,-8.381325790014574340e-01,6.650583422430900100e+02
-6.208710073410301788e+00,9.575348951373257478e+00,1.321353765396715829e+01,1.884769139294937557e-01,-4.925002784796747579e-01,-8.496575360770528551e-01,6.730622180771561034e+02
-6.173102092895371484e+00,9.393838344946205510e+00,1.332678863818194515e+01,1.157150427789992442e-01,-5.029189655884043209e-01,-8.565515413128572675e-01,6.751676299021933119e+02
-6.047184900424822374e+00,8.656179793625287999e+00,1.370103370675486332e+01,1.940183491988523301e-01,-3.555561839260796275e-01,-9.142946353591961950e-01,6.831715057362594052e+02
-5.942883196501146159e+00,7.870575526747769501e+00,1.401578351292050506e+01,2.662718552317744347e-01,-1.971066480071738680e-01,-9.435286261812398934e-01,6.911753815703254986e+02
-5.867269573179552111e+00,7.038219219869627175e+00,1.426734245356681541e+01,3.302225984161876737e-01,-3.251103835986363100e-02,-9.433419676239742646e-01,6.991792574043915920e+02
-5.825125080260830757e+00,6.161798618683762108e+00,1.445326794373061574e+01,3.838765059420161663e-01,1.330983262786407384e-01,-9.137404794185738366e-01,7.071831332384576854e+02
-5.818284051053414174e+00,5.575446429960853933e+00,1.453057883610165035e+01,4.255605696592077436e-01,2.945575140532410985e-01,-8.556471658729255525e-01,7.123073271816559782e+02
-5.838611706745749252e+00,4.625239844491390251e+00,1.458766628465755311e+01,4.492709807867503735e-01,2.842657058289551619e-01,-8.469631599489453322e-01,7.203112030157220715e+02
-5.892656800571749898e+00,3.646350739991840229e+00,1.458252162740898683e+01,4.726473483582818158e-01,2.737625419011157635e-01,-8.376494223361249380e-01,7.283150788497881649e+02
-5.979394949377802249e+00,2.644934070183065700e+00,1.451699032076239604e+01,4.956722920462559023e-01,2.630558314721759272e-01,-8.277128780105403871e-01,7.363189546838542583e+02
-6.097594315704757406e+00,1.627093900525423686e+00,1.439292843301893576e+01,5.183286928068855381e-01,2.521535350676320508e-01,-8.171609149760311608e-01,7.443228305179203517e+02
-6.245816437481357397e+00,5.988776104796081912e-01,1.421220231518601373e+01,5.405997056042186610e-01,2.410637586180907621e-01,-8.060013787705724297e-01,7.523267063519864450e+02
-6.422417120690141701e+00,-4.337298852017316686e-01,1.397668827042333639e+01,5.624687719310262901e-01,2.297947474336602958e-01,-7.942425666336770940e-01,7.603305821860525384e+02
-6.625547394858928740e+00,-1.464811894797036107e+00,1.368827222216926387e+01,5.839196321167635650e-01,2.183548800748208729e-01,-7.818932213382475682e-01,7.683344580201186318e+02
-6.853154531221187007e+00,-2.488525686203471032e+00,1.334884938099207652e+01,6.049363374134755222e-01,2.067526621243216678e-01,-7.689625246914495449e-01,7.763383338541847252e+02
-7.102983123377184072e+00,-3.499108200439836391e+00,1.296032391020776586e+01,6.255032618506884967e-01,1.949967198647248601e-01,-7.554600907094359830e-01,7.843422096882508185e+02
-7.372576230280002640e+00,-4.490881740720784165e+00,1.252460859030874296e+01,6.456051138504901310e-01,1.830957938662859941e-01,-7.413959584709828299e-01,7.923460855223169119e+02
-7.659276581361835312e+00,-5.458259635764157736e+00,1.204362448224965121e+01,6.652269475941892107e-01,1.710587324899269235e-01,-7.267805846553374582e-01,8.003499613563830053e+02
-7.960227843605895082e+00,-6.395751875996169566e+00,1.151930058963524672e+01,6.843541741321210736e-01,1.588944853101204313e-01,-7.116248357698148341e-01,8.083538371904490987e+02
-8.272375950359753816e+00,-7.297970721322855958e+00,1.095357351985392391e+01,7.029725722283562961e-01,1.466120964625630130e-01,-6.959399800729026975e-01,8.163577130245151920e+02
-8.592470491678165345e+00,-8.159636279139556692e+00,1.034838714420061123e+01,7.210682989322680925e-01,1.342206979215707641e-01,-6.797376791988651856e-01,8.243615888585812854e+02
-8.917066165973084324e+00,-8.975582051253740090e+00,9.705692257035899217e+00,7.386278998691129249e-01,1.217295027121824691e-01,-6.630299794900509358e-01,8.323654646926473788e+02
-9.235597182147452955e+00,-9.722335865400356880e+00,9.044979829782244352e+00,7.556383192419861006e-01,1.091477980620050858e-01,-6.458293030433339688e-01,8.401724681973482802e+02
-9.564276838143721093e+00,-1.043354209854197556e+01,8.337508985098905256e+00,7.654111209357049583e-01,1.550985435591004935e-01,-6.245704585819700227e-01,8.481763440314143736e+02
-9.896615019426796778e+00,-1.108651870462466071e+01,7.605448795464733180e+00,7.731487529670073577e-01,2.006368883302926953e-01,-6.016509327062604662e-01,8.561802198654804670e+02
-1.023381827028401680e+01,-1.167739942951719456e+01,6.854355293877038235e+00,7.788306424596026512e-01,2.456417506780400328e-01,-5.771316666840384801e-01,8.641840956995465604e+02
-1.057694666868151145e+01,-1.220225491063425416e+01,6.089787834397302646e+00,7.824416824195203901e-01,2.899934674547947067e-01,-5.510778551582602436e-01,8.721879715336126537e+02
-1.092691276507144060e+01,-1.265709684973081295e+01,5.317308110528491838e+00,7.839722718856758643e-01,3.335741121969952871e-01,-5.235587728099050375e-01,8.801918473676787471e+02
-1.128448056737586569e+01,-1.303788220884554683e+01,4.542479173285500771e+00,7.834183414449764626e-01,3.762678086409377842e-01,-4.946475901770688299e-01,8.881957232017448405e+02
-1.165026457232829671e+01,-1.334051742839653087e+01,3.770864449079626812e+00,7.807813640449257075e-01,4.179610387879987843e-01,-4.644211791200156259e-01,8.961995990358109339e+02
-1.202472884333823444e+01,-1.356086266642582316e+01,3.008026757549151053e+00,7.760683510751615888e-01,4.585429447010915815e-01,-4.329599084489468841e-01,9.042034748698770272e+02
-1.240818613502368706e+01,-1.369473605799290183e+01,2.259527329477480251e+00,7.692918337283916053e-01,4.979056232308575747e-01,-4.003474302573069021e-01,9.122073507039431206e+02
-1.280079706456456101e+01,-1.373791799371220534e+01,1.530924824929008832e+00,7.604698296901981625e-01,5.359444128888393166e-01,-3.666704575280681500e-01,9.202112265380092140e+02
-1.320256933002983146e+01,-1.368615541642341782e+01,8.277743517280531371e-01,7.496257952460585461e-01,5.725581721056712814e-01,-3.320185336035674228e-01,9.282151023720753074e+02
-1.329270391768302062e+01,-1.365388038110049962e+01,6.796941776138781810e-01,7.367885629325671148e-01,6.076495481351269490e-01,-2.964837941310525249e-01,9.299751986704784485e+02
-1.370872200872442193e+01,-1.341212690368818805e+01,3.826254802847621483e-02,7.865809060913704354e-01,5.678254091934750170e-01,-2.426165345705794119e-01,9.379790745045445419e+02
-1.412746384768948360e+01,-1.307490565305376684e+01,-5.694506506252188238e-01,8.308931858567503159e-01,5.240452733284921560e-01,-1.870589885552034759e-01,9.459829503386106353e+02
-1.454497141627282808e+01,-1.264549923817413557e+01,-1.141225974916951103e+00,8.694166846876070220e-01,4.766141539001032545e-01,-1.301982207612433495e-01,9.539868261726767287e+02
-1.495741247850680722e+01,-1.212730646159622161e+01,-1.674850360811447336e+00,9.018830146656724445e-01,4.258624997124487721e-01,-7.243037482141168049e-02,9.619907020067428221e+02
-1.536108191486961339e+01,-1.152383874405461128e+01,-2.168117512279591708e+00,9.280659871361827129e-01,3.721438928763376452e-01,-1.415791355934846105e-02,9.699945778408089154e+02
-1.575240301698110201e+01,-1.083871652061592172e+01,-2.618828289008746868e+00,9.477831883927291257e-01,3.158325855456449172e-01,4.421318477803675567e-02,9.779984536748750088e+02
-1.612792874267816146e+01,-1.007566560920909993e+01,-3.024791093160097422e+00,9.608972504388126890e-01,2.573208926815492292e-01,1.022762547671905858e-01,9.860023295089411022e+02
-1.648434293127485972e+01,-9.238513552397302320e+00,-3.383822255121625489e+00,9.673168079793337260e-01,1.970164589991413584e-01,1.596267768406504362e-01,9.940062053430071956e+02
-1.681846147882243869e+01,-8.331185933246358033e+00,-3.693746418205782867e+00,9.669971349774602043e-01,1.353394191259442159e-01,2.158651953797724732e-01,1.002010081177073289e+03
-1.696150408999860559e+01,-7.886397177637349820e+00,-3.812233457292845351e+00,9.599404563407902824e-01,7.271947074502202457e-02,2.705997022447979572e-01,1.005671229717381607e+03
-1.725046488177385839e+01,-6.851951771649283707e+00,-4.018803632113455926e+00,9.681307486903988346e-01,1.231742424731656002e-02,2.501382307816673034e-01,1.013675105551447700e+03
-1.750846935327109577e+01,-5.757712770522362078e+00,-4.172553081588220358e+00,9.723186252784890016e-01,-4.813553305896182272e-02,2.286426499853750072e-01,1.021678981385513794e+03
-1.773041320206116467e+01,-4.608567511280216245e+00,-4.276114143517734334e+00,9.724867748731040873e-01,-1.083894831846388407e-01,2.062018249933953717e-01,1.029682857219579773e+03
-1.791055592067628055e+01,-3.409784483240402508e+00,-4.333719307800147469e+00,9.686345032371543873e-01,-1.681953310637313848e-01,1.829085283566662390e-01,1.037686733053645867e+03
-1.804436851295047362e+01,-2.167080020448500566e+00,-4.348663227321113212e+00,9.607777359632013736e-01,-2.273058341002334726e-01,1.588590565881258798e-01,1.045690608887711960e+03
-1.812959052289953732e+01,-8.868123618337805381e-01,-4.322356165504844583e+00,9.489489526518597451e-01,-2.854766240591782855e-01,1.341528321549791958e-01,1.053694484721778053e+03
-1.816395918181177649e+01,3.616999992178570600e-01,-4.258481207625953502e+00,9.331970527043583763e-01,-3.424672170870020071e-01,1.088919925561079444e-01,1.061315597997590430e+03
-1.815013298258254437e+01,1.697335979391954464e+00,-4.151089421190031992e+00,9.406164961203044017e-01,-3.278709580808972790e-01,8.797296215058207636e-02,1.069319473831656524e+03
-1.808531569686251927e+01,3.050768756329050202e+00,-4.003859821805856534e+00,9.473721397447076864e-01,-3.130433206951273029e-01,6.699185174260759157e-02,1.077323349665722617e+03
-1.796912366589069876e+01,4.415280547991914162e+00,-3.817285210405134244e+00,9.534592165525341834e-01,-2.979947684977914957e-01,4.596346718073651000e-02,1.085327225499788710e+03
-1.780138653374716995e+01,5.784147520196210479e+00,-3.591865345458435055e+00,9.588734312505146073e-01,-2.827359209192321643e-01,2.490264765408146258e-02,1.093331101333854804e+03
-1.758214725978613657e+01,7.150645697861370387e+00,-3.328106855671102426e+00,9.636109633042204692e-01,-2.672775457614710026e-01,3.824255226207223021e-03,1.101334977167920897e+03
-1.731166206758188508e+01,8.508056875801775831e+00,-3.026523151765497577e+00,9.676684696317905399e-01,-2.516305516035823309e-01,-1.725683564689397750e-02,1.109338853001986990e+03
-1.699040033039569764e+01,9.849674527695931658e+00,-2.687634337361020531e+00,9.710430869613240201e-01,-2.358059801079323003e-01,-3.832574860751482293e-02,1.117342728836053084e+03
-1.661904439318222870e+01,1.116880971186929017e+01,-2.311967118963408119e+00,9.737324338502902910e-01,-2.198149982326838003e-01,-5.936761588827017128e-02,1.125346604670119177e+03
-1.619886311816357605e+01,1.245889588345552745e+01,-1.900184337827221626e+00,9.757346123655383785e-01,-2.036688903560324726e-01,-8.036758879809702272e-02,1.133350480504185271e+03
-1.573208044727456922e+01,1.371361245033670251e+01,-1.453214477926106918e+00,9.770482094227241898e-01,-1.873790503177001077e-01,-1.013108481948580691e-01,1.141354356338251364e+03
-1.565769805212286947e+01,1.389377056979022917e+01,-1.382051346985514018e+00,9.776722977842094986e-01,-1.709569733832692340e-01,-1.221826149371983417e-01,1.142537868273054755e+03
-1.512024983021193947e+01,1.507224361678060909e+01,-8.671012474669232972e-01,9.593754940610111914e-01,-2.279146819568403093e-01,-1.662875796436845133e-01,1.150541744107120849e+03
-1.454297647827058704e+01,1.620189555761856326e+01,-3.192603398564050066e-01,9.357788997067689740e-01,-2.836133340042808482e-01,-2.094739306900411657e-01,1.158545619941186942e+03
-1.392909597005035494e+01,1.727681134577890631e+01,2.603917019420447510e-01,9.070128684369248573e-01,-3.377452406181097322e-01,-2.515030992451087188e-01,1.166549495775253035e+03
-1.328201923727954004e+01,1.829118443415602968e+01,8.707695557170551659e-01,8.732363102325917392e-01,-3.900113680044388631e-01,-2.921429090684675156e-01,1.174553371609319129e+03
-1.260534876188837217e+01,1.923932213528646429e+01,1.510782439171965974e+00,8.346358134921939564e-01,-4.401229892593911952e-01,-3.311688589857622045e-01,1.182557247443385222e+03
-1.190287711036005547e+01,2.011565095024896621e+01,2.179334298873272679e+00,7.914246143223132579e-01,-4.878032792123849215e-01,-3.683653629682561714e-01,1.190561123277451316e+03
-1.117858541043827003e+01,2.091472186500095631e+01,2.875323999901284733e+00,7.438414186612058998e-01,-5.327888435337525541e-01,-4.035269409721147227e-01,1.198564999111517409e+03
-1.043678232068475964e+01,2.163216459884705500e+01,3.597023089616048441e+00,6.921490837374895122e-01,-5.748311736663627158e-01,-4.364593539642390718e-01,1.206568874945583502e+03
-9.682195265286850372e+00,2.226564850816091834e+01,4.341453672642039407e+00,6.366331661417603538e-01,-6.136980195497295787e-01,-4.669806768690913379e-01,1.214572750779649596e+03
-9.647844640124155546e+00,2.229076985702521796e+01,4.376038219145899077e+00,5.776003445242698930e-01,-6.491746725580008759e-01,-4.949223035129521886e-01,1.214934784745257957e+03
-8.886581587999327070e+00,2.276749393654181119e+01,5.158929603789035312e+00,5.464373699385295380e-01,-6.873151005617139653e-01,-4.785416943940195011e-01,1.222938660579324051e+03
-8.123939487045566565e+00,2.315796090811358710e+01,5.957175325935659238e+00,5.138022143192073621e-01,-7.236037914205801780e-01,-4.608718233973129741e-01,1.230942536413390144e+03
-7.364927039902994466e+00,2.346129726521914804e+01,6.767163009092578285e+00,4.797828011281891070e-01,-7.579429798909571581e-01,-4.419602956995332677e-01,1.238946412247456237e+03
-6.614587213178881875e+00,2.367679184045777419e+01,7.585278143980551668e+00,4.444707829396353782e-01,-7.902401527967157779e-01,-4.218580614615760616e-01,1.246950288081522331e+03
-5.877995192657173185e+00,2.380389677518634173e+01,8.407904724215386594e+00,4.079612945485641129e-01,-8.204082982161676751e-01,-4.006192785770492648e-01,1.254954163915588424e+03
-5.160256327633896412e+00,2.384222844447667455e+01,9.231425882190958276e+00,3.703526967047487406e-01,-8.483661398548689725e-01,-3.783011667845231352e-01,1.262958039749654517e+03
-4.466504064703286758e+00,2.379156833716134045e+01,1.005222452508006015e+01,3.317463111609976756e-01,-8.740383559737703312e-01,-3.549638535357391156e-01,1.270961915583720611e+03
-3.801897871323112188e+00,2.365186389074134610e+01,1.086668397086789817e+01,2.922461477484589731e-01,-8.973557822839516307e-01,-3.306702120343603113e-01,1.278965791417786704e+03
-3.170623492400360455e+00,2.342447773394605548e+01,1.167075002060611233e+01,2.519586242129637221e-01,-9.182555982621469770e-01,-3.054856918808309119e-01,1.286969667251852798e+03
-3.095246134083920797e+00,2.338579696019730747e+01,1.177028790038214012e+01,2.109922795658494832e-01,-9.366814963856997522e-01,-2.794781427787475514e-01,1.287977668574702420e+03
-2.530474510498266660e+00,2.300201444987845179e+01,1.254394202772507505e+01,1.856326641192700966e-01,-9.155244784777549771e-01,-3.568661420208377733e-01,1.295981544408768514e+03
-2.003496366753577895e+00,2.254096489461170094e+01,1.329623340261835551e+01,1.589588359938097495e-01,-8.878858722770576195e-01,-4.317276528914398281e-01,1.303985420242834607e+03
-1.515135028089180658e+00,2.200794590088546698e+01,1.402180175456545541e+01,1.311596364313701857e-01,-8.539613497764757533e-01,-5.035326830107517138e-01,1.311989296076900700e+03
-1.066045655276525173e+00,2.140825992315940240e+01,1.471529145518870152e+01,1.024318738341967322e-01,-8.139910848491775930e-01,-5.717728788686723407e-01,1.319993171910966794e+03
-6.567154179281947668e-01,2.074720961567838984e+01,1.537135246386412213e+01,7.297893043991773854e-02,-7.682580528904816575e-01,-6.359651247369468852e-01,1.327997047745032887e+03
-2.874637175879901640e-01,2.003009318896069146e+01,1.598464127261640400e+01,4.300932245999017356e-02,-7.170860274520987065e-01,-6.956549629057614537e-01,1.336000923579098981e+03
4.155753944056795463e-02,1.926219977203137645e+01,1.654982185014720741e+01,1.273522387464410405e-02,-6.608372880527975113e-01,-7.504198110343320849e-01,1.344004799413165074e+03
3.303636195789139141e-01,1.844880478146872704e+01,1.706156658487230260e+01,-1.762903566569520158e-02,-5.999100553925353907e-01,-7.998719538409458929e-01,1.352008675247231167e+03
5.791365898307087035e-01,1.759516529832976062e+01,1.751455722684267258e+01,-4.786848819935146659e-02,-5.347356721262139789e-01,-8.436612879551430577e-01,1.360012551081297261e+03
7.882248960779415503e-01,1.670651545402048299e+01,1.790348582842467451e+01,-7.776904933157903488e-02,-4.657755491538994597e-01,-8.814778005017044338e-01,1.368016426915363354e+03
9.581428918874724809e-01,1.578806182617212173e+01,1.822305568361749550e+01,-1.071190338588427493e-01,-3.935178990438861768e-01,-9.130537638704993020e-01,1.376020302749429447e+03
1.089570317908297392e+00,1.484497884558648373e+01,1.846798226588208891e+01,-1.357106544102427981e-01,-3.184742797116630886e-01,-9.381656311347706945e-01,1.384024178583495541e+03
1.183351731950109231e+00,1.388240421531669710e+01,1.863299416435045686e+01,-1.633414924971990367e-01,-2.411759728210169651e-01,-9.566356186988914656e-01,1.392028054417561634e+03
1.240495889839434041e+00,1.290543434294247227e+01,1.871283401829120052e+01,-1.898159315576269657e-01,-1.621702225436826850e-01,-9.683329649701039044e-01,1.400031930251627728e+03
1.262175077155774261e+00,1.191911978709586251e+01,1.870225944970917809e+01,-2.149465418496274982e-01,-8.201636130283175563e-02,-9.731748561416083687e-01,1.408035806085693821e+03
1.260279111070502944e+00,1.162610013220026950e+01,1.867154827207738421e+01,-2.385554073903031480e-01,-1.281849926265591190e-03,-9.711270125304325429e-01,1.410401198203851209e+03
1.225869922306364268e+00,1.063251407008291949e+01,1.847517912446104305e+01,-2.145639805303710679e-01,9.356962533989436615e-02,-9.722165517380568778e-01,1.418405074037917302e+03
1.156590701287456557e+00,9.640802013506936774e+00,1.819034239873452563e+01,-1.885184046434457694e-01,1.875253023990855750e-01,-9.639984813637152428e-01,1.426408949871983395e+03
1.052080356900811697e+00,8.655610738458433318e+00,1.782259369756533474e+01,-1.606680296615815851e-01,2.796856872664624794e-01,-9.465514780421010466e-01,1.434412825706049489e+03
9.121268233891659527e-01,7.681599705547325740e+00,1.737750320838245344e+01,-1.312794839385398316e-01,3.691684734198524831e-01,-9.200425725641335761e-01,1.442416701540115582e+03
7.366672350707914596e-01,6.723436916469758273e+00,1.686065471680860739e+01,-1.006341216477874417e-01,4.551169886656645236e-01,-8.847255507720054313e-01,1.450420577374181676e+03
5.257880563985690703e-01,5.785794767067440780e+00,1.627764461828482823e+01,-6.902532920191442600e-02,5.367083965852216254e-01,-8.409385238911650795e-01,1.458424453208247769e+03
2.797251673355358181e-01,4.873345897944677318e+00,1.563408092801842741e+01,-3.675571648153545812e-02,6.131615740430843564e-01,-7.891006915620539797e-01,1.466428329042313862e+03
-1.136095971648822976e-03,3.990759043608797629e+00,1.493558228939119559e+01,-4.134219764407654103e-03,6.837445893408652386e-01,-7.297083285634191618e-01,1.474432204876379956e+03
-3.162609452298881241e-01,3.142694881094785675e+00,1.418777698096006645e+01,2.852685590932199297e-02,7.477817094240105655e-01,-6.633300336511478434e-01,1.482436080710446049e+03
-6.649651887476077938e-01,2.333801879032937343e+00,1.339630192217994242e+01,6.091482662022872085e-02,8.046598690583777191e-01,-5.906012860006256693e-01,1.490439956544512143e+03
-1.046415324889447440e+00,1.568712148120228411e+00,1.256680167798114311e+01,9.271962307707691531e-02,8.538345400449215417e-01,-5.122183613689998971e-01,1.498443832378578236e+03
-1.459628680227033071e+00,8.520372939550119318e-01,1.170492746233320069e+01,1.236367590901871899e-01,8.948349442850748181e-01,-4.289316662229920585e-01,1.506447708212644329e+03
-1.903473592368777778e+00,1.883642731969469852e-01,1.081633614092693207e+01,1.533702465921458480e-01,9.272685607913999650e-01,-3.415385536494340291e-01,1.514451584046710423e+03
-2.376669637444490668e+00,-4.177487459848833184e-01,9.906689233108830095e+00,1.816354292992302111e-01,9.508248834976712471e-01,-2.508756898261894075e-01,1.522455459880776516e+03
-2.877787902211365267e+00,-9.617765182163940940e-01,8.981651913199895532e+00,2.081617078859703818e-01,9.652783938949637266e-01,-1.578110441331660729e-01,1.530459335714842609e+03
-3.279035239226451459e+00,-1.326855510484702405e+00,8.268824066088861002e+00,2.326951305839561612e-01,9.704907200369494724e-01,-6.323557958557791958e-02,1.536561334239258713e+03
-3.828062151003739366e+00,-1.737666799697263009e+00,7.328917834377318918e+00,2.610024920434818041e-01,9.619421966697755400e-01,-8.088825261319813886e-02,1.544565210073324806e+03
-4.396551998663414729e+00,-2.078223229708025421e+00,6.389569232746009853e+00,2.890002996804142410e-01,9.522528082649724945e-01,-9.844498937899974489e-02,1.552569085907390900e+03
-4.979169553239763957e+00,-2.348462970090104296e+00,5.456736039728269816e+00,3.166553490064473730e-01,9.414340466042611100e-01,-1.158849681268293158e-01,1.560572961741456993e+03
-5.570591329491483279e+00,-2.548503016066935523e+00,4.536374826147602235e+00,3.439348420369828241e-01,9.294987427573848660e-01,-1.331875055826494958e-01,1.568576837575523086e+03
-6.165507903508776977e+00,-2.678638801241144840e+00,3.634439904375247998e+00,3.708064261746968349e-01,9.164610518644913384e-01,-1.503320814759955826e-01,1.576580713409589180e+03
-6.758626225595480541e+00,-2.739343759733541717e+00,2.756882277888740074e+00,3.972382325655774427e-01,9.023364363515997688e-01,-1.672983628682603308e-01,1.584584589243655273e+03
-7.344671928059597121e+00,-2.731268837840218566e+00,1.909648591272135487e+00,4.231989138817054963e-01,8.871416475973664673e-01,-1.840662282589440868e-01,1.592588465077721366e+03
-7.918391627548160727e+00,-2.655241955322471092e+00,1.098680080792830971e+00,4.486576814861177875e-01,8.708947060728348122e-01,-2.006157914413735921e-01,1.600592340911787460e+03
-8.474555221555977624e+00,-2.512267416450892465e+00,3.299115256938706664e-01,4.735843419358212736e-01,8.536148799776470675e-01,-2.169274250796918990e-01,1.608596216745853553e+03
-9.007958178733050048e+00,-2.303525270932216706e+00,-3.907297996518472871e-01,4.979493327798008018e-01,8.353226623979611576e-01,-2.329817839792440171e-01,1.616600092579919647e+03
-9.032610627088637045e+00,-2.290472239808690080e+00,-4.231686082050883924e-01,5.217237576096926954e-01,8.160397470130538178e-01,-2.487598280228464354e-01,1.616988761600147200e+03
-9.511520912058236021e+00,-1.962520216829464648e+00,-1.035465005058122667e+00,5.537807139816902646e-01,7.975173903052220625e-01,-2.393552443089908555e-01,1.624992637434213293e+03
-9.956121270021785818e+00,-1.572245511555280917e+00,-1.587524324328874581e+00,5.850296011062879886e-01,7.778313199778813525e-01,-2.296014013166794154e-01,1.632996513268279386e+03
-1.036130150182534315e+01,-1.121377874865654656e+00,-2.073453201825584458e+00,6.154248242793030066e-01,7.570102604279888014e-01,-2.195125309938251723e-01,1.641000389102345480e+03
-1.072180144090647680e+01,-6.124282133934388916e-01,-2.488068138587158806e+00,6.449220342170033371e-01,7.350845918061835738e-01,-2.091033540293287529e-01,1.649004264936411573e+03
-1.103205894073441407e+01,-4.930529964140361460e-02,-2.827594548401587193e+00,6.734781917199259560e-01,7.120863057141586516e-01,-1.983890583870856761e-01,1.657008140770477667e+03
-1.128644294761364542e+01,5.632811775077518623e-01,-3.088969294477958982e+00,7.010516304296279255e-01,6.880489585568482225e-01,-1.873852771599970601e-01,1.665012016604543760e+03
-1.144536278311280597e+01,1.101304413776453384e+00,-3.236652588202569625e+00,7.276021175868427893e-01,6.630076226161617514e-01,-1.761080657758134771e-01,1.671566654257867413e+03
-1.157416341144353389e+01,1.798009562245164839e+00,-3.333190472009121219e+00,7.505753693202568133e-01,6.386262759562076896e-01,-1.696793877396776951e-01,1.679570530091933506e+03
-1.163181423129396208e+01,2.529682865087987675e+00,-3.343020136241916074e+00,7.726752848153716213e-01,6.135018598193247019e-01,-1.630532803396071428e-01,1.687574405925999599e+03
-1.161354137201941050e+01,3.290902814824252953e+00,-3.266080612202749922e+00,7.938761514435684896e-01,5.876636065168617806e-01,-1.562374530662251071e-01,1.695578281760065693e+03
-1.151537743414998438e+01,4.076105698276223599e+00,-3.108216352541334437e+00,8.141533024710745359e-01,5.611415787401005106e-01,-1.492398361042117649e-01,1.703582157594131786e+03
-1.133383111618556427e+01,4.879604188131231091e+00,-2.878231176513390110e+00,8.334831457379007214e-01,5.339666346029517952e-01,-1.420685711109746230e-01,1.711586033428197879e+03
-1.106677632211367346e+01,5.694980675379685664e+00,-2.584775607383306806e+00,8.518431910889259218e-01,5.061703917612020431e-01,-1.347320017498081779e-01,1.719589909262263973e+03
-1.071470392953501083e+01,6.514544084330831097e+00,-2.236179254786344384e+00,8.692120765254695014e-01,4.777851906498417067e-01,-1.272386639885011161e-01,1.727593785096330066e+03
-1.071268400528880527e+01,6.518486093454380459e+00,-2.234270908786057053e+00,8.855695930471120247e-01,4.488440568809726194e-01,-1.195972761746051244e-01,1.727632210915535779e+03
-1.022428623329404651e+01,7.336750140423086819e+00,-1.791976106189054008e+00,8.396429616090088643e-01,4.074914949266591480e-01,-3.590938297525151368e-01,1.735636086749601873e+03
-9.654933809797135780e+00,8.141725996026114132e+00,-1.310938888029635541e+00,7.423473225864551939e-01,3.412085691710004531e-01,-5.766239371915988787e-01,1.743639962583667966e+03
-9.007045438565254969e+00,8.925316873701170550e+00,-7.993519180127696133e-01,5.996327365541278542e-01,2.540491792609755883e-01,-7.588791706992733532e-01,1.751643838417734059e+03
-8.283276921693730088e+00,9.679517101224972109e+00,-2.654132762614248020e-01,4.202284320493104852e-01,1.513448280087514031e-01,-8.947071073079611025e-01,1.759647714251800153e+03
-7.486519880243061031e+00,1.039641857858412166e+01,2.826749929294248287e-01,2.151099677507177788e-01,3.937900156668763807e-02,-9.757945459639183472e-01,1.767651590085866246e+03
-6.619900406839988705e+00,1.106821720706970424e+01,8.367083338681950977e-01,-3.171875045273694731e-03,-7.499717628070351472e-02,-9.971776986462276282e-01,1.775655465919932340e+03
-5.686777650460253852e+00,1.168721928813974209e+01,1.388481132578676558e+00,-2.212596210113927098e-01,-1.847845485971587876e-01,-9.575473098666572591e-01,1.783659341753998433e+03
-4.690742333622076821e+00,1.224584789059582235e+01,1.929788170055599439e+00,-4.258076886429425501e-01,-2.832648843240855863e-01,-8.593292835326679091e-01,1.791663217588064526e+03
-3.635615202220899622e+00,1.273664918463222762e+01,2.452426075471423772e+00,-6.043002405975440583e-01,-3.644125579632228051e-01,-7.085356072666023630e-01,1.799667093422130620e+03
-2.525445408262495306e+00,1.315229874131050636e+01,2.948194779147529587e+00,-7.458175500585216833e-01,-4.232634216971156715e-01,-5.143950406522976859e-01,1.807670969256196713e+03
-1.366008806183526936e+00,1.348623168805019823e+01,3.411405232386776287e+00,-8.417036664511396982e-01,-4.562181894664077975e-01,-2.887869482272322208e-01,1.815674845090262806e+03
-1.219298774485100267e+00,1.351779868771492588e+01,3.463944120275010530e+00,-8.860947561340670742e-01,-4.612619470971273117e-01,-4.551372652976966998e-02,1.816653591133128202e+03
1.500160677844288200e-02,1.370146939091981508e+01,3.860434137125946741e+00,-9.049614978152848987e-01,-4.242120654805457969e-01,-3.296681621444735172e-02,1.824657466967194296e+03
1.278850708972485650e+00,1.380499547559255724e+01,4.223471403694556869e+00,-9.221214107612196731e-01,-3.863620926759679941e-01,-2.035772967639481318e-02,1.832661342801260389e+03
2.564330181282778565e+00,1.383051403587717765e+01,4.552827811499915889e+00,-9.375421312119037731e-01,-3.477834157538513549e-01,-7.710248252033989440e-03,1.840665218635326482e+03
3.863847572096524186e+00,1.377823255393712465e+01,4.848264532962022422e+00,-9.511945754713256873e-01,-3.085487960174406741e-01,4.951774333968290455e-03,1.848669094469392576e+03
5.169835596540258038e+00,1.364862312521886523e+01,5.109548730004751071e+00,-9.630529947453009276e-01,-2.687322317970168850e-01,1.760445694908129022e-02,1.856672970303458669e+03
6.474755673411319634e+00,1.344242166222348267e+01,5.336453593079040658e+00,-9.730950236898328054e-01,-2.284088189115926482e-01,3.022393608485546279e-02,1.864676846137524763e+03
7.771101452636479223e+00,1.316062702091735126e+01,5.528758379386482957e+00,-9.813017225821136780e-01,-1.876546090625349772e-01,4.278641085549028666e-02,1.872680721971590856e+03
9.051402332692600083e+00,1.280450004998835745e+01,5.686248450298132084e+00,-9.876576130348316829e-01,-1.465464664256665994e-01,5.526818787832637331e-02,1.880684597805656949e+03
1.030822696742244560e+01,1.237556256317092007e+01,5.808715307963016272e+00,-9.921507071865569571e-01,-1.051619227117768368e-01,6.764572595178469649e-02,1.888688473639723043e+03
1.153418676168112000e+01,1.187559623487315896e+01,5.895956631100427892e+00,-9.947725303132024521e-01,-6.357903096834459367e-02,7.989568044665514013e-02,1.896692349473789136e+03
1.184630892402763180e+01,1.172867332155414033e+01,5.909589488789514178e+00,-9.955181368178943613e-01,-2.187621839764940582e-02,9.199494732716978485e-02,1.898788793137455286e+03
1.299880099908608067e+01,1.110830535422920029e+01,5.926324349403743419e+00,-9.970356157693681665e-01,2.012939854882260515e-02,-7.424815284340663402e-02,1.906792668971521380e+03
1.410413687544808070e+01,1.042244641915628023e+01,5.908036626361926835e+00,-9.692366659616190594e-01,6.154312959513759396e-02,-2.383080539017815858e-01,1.914796544805587473e+03
1.453116790456029506e+01,1.012244947342964174e+01,5.887041763095644420e+00,-9.129386663375290700e-01,1.011472791890865724e-01,-3.953608723904200040e-01,1.918029671460766167e+03
1.553801707038481439e+01,9.325973730888621915e+00,5.802174202992811836e+00,-9.306162103944782826e-01,7.375659309287796450e-02,-3.584849145035501339e-01,1.926033547294832260e+03
1.648944424260287889e+01,8.473941100899407886e+00,5.684645168009598848e+00,-9.460392551696732433e-01,4.618722748526549876e-02,-3.207404989950217722e-01,1.934037423128898354e+03
1.738329999591561759e+01,7.571129937103433960e+00,5.534914688002965377e+00,-9.591704376650473929e-01,1.850597130653204234e-02,-2.822190647986958512e-01,1.942041298962964447e+03
1.821756838750849283e+01,6.622383703309304259e+00,5.353448468156854823e+00,-9.699779470501564971e-01,-9.220115485294482632e-03,-2.430139331545919934e-01,1.950045174797030541e+03
1.899036773229951081e+01,5.632607353243297865e+00,5.140717807436293363e+00,-9.784356017133113426e-01,-3.692386436467066241e-02,-2.032200815391968229e-01,1.958049050631096634e+03
1.969995134039391260e+01,4.606763693843412888e+00,4.897199516297771282e+00,-9.845229126767477412e-01,-6.453816095100860240e-02,-1.629339135849146025e-01,1.966052926465162727e+03
2.034470821662864282e+01,3.549869732908076614e+00,4.623375833667629387e+00,-9.882251332230952423e-01,-9.199610758933735033e-02,-1.222530255460830273e-01,1.974056802299228821e+03
2.092316372209478104e+01,2.466993011915332712e+00,4.319734343199577609e+00,-9.895332946131323304e-01,-1.192311854055055076e-01,-8.127596987703868125e-02,1.982060678133294914e+03
2.143398019753333017e+01,1.363247924828383084e+00,3.986767888821950656e+00,-9.884442278084665245e-01,-1.461774154435593331e-01,-4.010201649468316670e-02,1.990064553967361007e+03
2.187595754850754659e+01,2.437920237021878322e-01,3.624974489585471193e+00,-9.849605711466178359e-01,-1.727695184951571761e-01,1.169087696407456519e-03,1.998068429801427101e+03
2.224803379225821232e+01,-8.861776880895509967e-01,3.234857253822723155e+00,-9.790907639499597526e-01,-1.989430732340491947e-01,4.243736043409612746e-02,2.006072305635493194e+03
2.254928556615121948e+01,-2.021428474182215940e+00,2.816924292631011628e+00,-9.708490260839919284e-01,-2.246346722727521339e-01,8.360282629899332130e-02,2.014076181469559288e+03
2.277892859763580446e+01,-3.156695594279742778e+00,2.371688632690066800e+00,-9.602553235143893584e-01,-2.497820757635710598e-01,1.245657588985521619e-01,2.022080057303625381e+03
2.293631813563871802e+01,-4.286686043122594825e+00,1.899668128426291069e+00,-9.473353199461460594e-01,-2.743243621720546921e-01,1.652269224485720112e-01,2.030083933137691474e+03
2.302094934332362186e+01,-5.406082298537834063e+00,1.401385373534790091e+00,-9.321203146617800250e-01,-2.982020758578000086e-01,2.054878121671789848e-01,2.038087808971757568e+03
2.303245765215109842e+01,-6.509546077742792924e+00,8.773676118704117899e-01,-9.146471667089609570e-01,-3.213573711052343795e-01,2.452508928992042370e-01,2.046091684805823661e+03
2.302521713232593825e+01,-6.650948872050629568e+00,8.056777186473993435e-01,-8.949582056209381964e-01,-3.437341522555741324e-01,2.844198353931400303e-01,2.047136279865358347e+03
2.290278644069959668e+01,-7.711085045084079326e+00,2.313882857091438539e-01,-9.058917630119643905e-01,-2.836007936650776773e-01,3.145293365312937239e-01,2.055140155699424213e+03
2.270818907623237948e+01,-8.744090001442138771e+00,-3.659010787845108914e-01,-9.126200297890594282e-01,-2.221509268460375441e-01,3.431787390393064019e-01,2.063144031533490306e+03
2.244418737313143097e+01,-9.748190919012914790e+00,-9.808636512634419935e-01,-9.151117744826886558e-01,-1.596698085985496507e-01,3.702350502379254671e-01,2.071147907367556400e+03
2.211444922019730086e+01,-1.072290617762181064e+01,-1.606574948933588987e+00,-9.133554312703738853e-01,-9.644748242057443743e-02,3.955726725939267552e-01,2.079151783201622493e+03
2.172260322146953015e+01,-1.166788274770893530e+01,-2.236108571893750341e+00,-9.073591536123547518e-01,-3.277743228851939111e-02,4.190739866513683021e-01,2.087155659035688586e+03
2.127223697106741440e+01,-1.258289487239605897e+01,-2.862537428583009191e+00,-8.971507763935442359e-01,3.104477951901725430e-02,4.406298969434723767e-01,2.095159534869754680e+03
2.076729839260764976e+01,-1.346760867767619452e+01,-3.479862489322619101e+00,-8.827776867473466904e-01,9.472288424063156353e-02,4.601403383548671178e-01,2.103163410703820773e+03
2.047941474735407397e+01,-1.391351456958282995e+01,-3.794698545523942368e+00,-8.643066041593957527e-01,1.579612817361494559e-01,4.775147405868412354e-01,2.107331732485573866e+03
1.988272744879214571e+01,-1.474056216866551239e+01,-4.384012845331158204e+00,-8.523716756134511741e-01,1.823290569779132675e-01,4.901190075811249214e-01,2.115335608319639960e+03
1.924414277160353492e+01,-1.553530055163061263e+01,-4.955197238644958091e+00,-8.396737901691158079e-01,2.065336270855143985e-01,5.022845677351323035e-01,2.123339484153706053e+03
1.856874846598470086e+01,-1.629729615040682589e+01,-5.505044406794780798e+00,-8.262243137595310927e-01,2.305533268823178605e-01,5.140005319210292356e-01,2.131343359987772146e+03
1.786161502078050489e+01,-1.702629854816878563e+01,-6.030350782300730295e+00,-8.120352850216125962e-01,2.543666566766174530e-01,5.252564134307249333e-01,2.139347235821838240e+03
1.712779315675215841e+01,-1.772223986450585898e+01,-6.527917113608523003e+00,-7.971194045206640988e-01,2.779523015021816978e-01,5.360421373599244532e-01,2.147351111655904333e+03
1.637231132795557187e+01,-1.838523408567777295e+01,-6.994549029251044381e+00,-7.814900233830042175e-01,3.012891501934510941e-01,5.463480496237854700e-01,2.155354987489970426e+03
1.560017323163203251e+01,-1.901557634013958520e+01,-7.427057601363028283e+00,-7.651611313466600839e-01,3.243563142783243425e-01,5.561649255960703364e-01,2.163358863324036520e+03
1.481635532701256963e+01,-1.961374211952537649e+01,-7.822259908473999879e+00,-7.481473442408168584e-01,3.471331466716549574e-01,5.654839783640780437e-01,2.171362739158102613e+03
1.402580436344005577e+01,-2.018038644528646941e+01,-8.176979597501711439e+00,-7.304638909052125761e-01,3.695992601527556820e-01,5.742968665919845339e-01,2.179366614992168707e+03
1.323343491821168527e+01,-2.071634298118776840e+01,-8.488047444871565261e+00,-7.121265995611734123e-01,3.917345456104046053e-01,5.825957019855678709e-01,2.187370490826234800e+03
1.244412694453987100e+01,-2.122262309187591001e+01,-8.752301916689452455e+00,-6.931518836464654054e-01,4.135191900390488562e-01,5.903730563516493834e-01,2.195374366660300893e+03
1.166272333002690686e+01,-2.170041484774301566e+01,-8.966589727893602202e+00,-6.735567271266219569e-01,4.349336942701280129e-01,5.976219682459439353e-01,2.203378242494366987e+03
1.089402746604791439e+01,-2.215108197631756326e+01,-9.127766400309599959e+00,-6.533586692958698317e-01,4.559588904226733463e-01,6.043359492033777425e-01,2.211382118328433080e+03
1.014280082843573894e+01,-2.257616276042068293e+01,-9.232696819534375265e+00,-6.325757890812299111e-01,4.765759590575877058e-01,6.105089895453049698e-01,2.219385994162499173e+03
9.413760569860182059e+00,-2.297736888333361094e+01,-9.278255790576322326e+00,-6.112266888638135942e-01,4.967664460202761423e-01,6.161355637584282618e-01,2.227389869996565267e+03
8.711577124291657981e+00,-2.335658422123062650e+01,-9.261328592177603625e+00,-5.893304778317670634e-01,5.165122789565739225e-01,6.212106354406147224e-01,2.235393745830631360e+03
8.626370922695898003e+00,-2.340296101199768941e+01,-9.250961205061164705e+00,-5.669067548797286360e-01,5.357957834872073555e-01,6.257296618091791052e-01,2.236412113772757039e+03
7.991811835939439668e+00,-2.375416992625673984e+01,-9.103177720834011666e+00,-4.982404809108442745e-01,6.017430122055931196e-01,6.242273387499887027e-01,2.244415989606823132e+03
7.393988981784750614e+00,-2.408856308258557632e+01,-8.886325044382399341e+00,-4.250569898937399671e-01,6.622346049897405162e-01,6.170655421396747942e-01,2.252419865440889225e+03
6.837408538986556650e+00,-2.440855653253508351e+01,-8.597329805211467502e+00,-3.480197847838534253e-01,7.167221315146443672e-01,6.043092052879308618e-01,2.260423741274955319e+03
6.324434902501309352e+00,-2.471543806856275438e+01,-8.234942283564848253e+00,-2.678273055402062286e-01,7.647115945542628523e-01,5.860739813034878676e-01,2.268427617109021412e+03
5.853267844472723525e+00,-2.500796657925144828e+01,-7.801547540356034816e+00,-1.852065976996917496e-01,8.057679080088373524e-01,5.625251946277444182e-01,2.276431492943087505e+03
5.638614824645038048e+00,-2.514620449558438153e+01,-7.552947617364185184e+00,-1.009067217186833121e-01,8.395188410640949117e-01,5.338763424329175944e-01,2.280408773675207158e+03
5.242117576863460471e+00,-2.540862521442098299e+01,-6.990003361890010147e+00,-5.230742516084310734e-02,8.544685037299685204e-01,5.168612090354836042e-01,2.288412649509273251e+03
4.875308184264059541e+00,-2.565165447190742753e+01,-6.369808866153918281e+00,-3.557756942637797706e-03,8.669616493435862159e-01,4.983601518302060995e-01,2.296416525343339345e+03
4.532692806273929342e+00,-2.587316916342530959e+01,-5.698756202920503888e+00,4.520213401154942606e-02,8.769623627160613166e-01,4.784263594949590415e-01,2.304420401177405438e+03
4.208883941091050573e+00,-2.607083520572759028e+01,-4.983246428995590449e+00,9.383206953070653833e-02,8.844418938366991334e-01,4.571171394221941742e-01,2.312424277011471531e+03
3.898603445852538485e+00,-2.624211066556100391e+01,-4.229688453456033059e+00,1.421922451292592926e-01,8.893787404945622255e-01,4.344937529825008138e-01,2.320428152845537625e+03
3.596685521160350785e+00,-2.638424895441241702e+01,-3.444497904835730040e+00,1.901436318629046718e-01,8.917587100736236172e-01,4.106212394277782285e-01,2.328432028679603718e+03
3.298079659475957381e+00,-2.649430208860495739e+01,-2.634095997417585266e+00,2.375483759547537266e-01,8.915749603443267057e-01,3.855682289395860884e-01,2.336435904513669811e+03
2.997853556901437511e+00,-2.656912401395939227e+01,-1.804908396781568225e+00,2.842701950447273362e-01,8.888280191345697689e-01,3.594067453593416395e-01,2.344439780347735905e+03
2.691195987869334783e+00,-2.660537399422572236e+01,-9.633640847611384395e-01,3.301747699248095413e-01,8.835257828235549837e-01,3.322119991665558048e-01,2.352443656181801998e+03
2.679507276879830702e+00,-2.660529434683109784e+01,-9.320386658499866250e-01,3.751301306356503162e-01,8.756834936625446097e-01,3.040621712992153669e-01,2.352738983735501733e+03
2.350415858676091929e+00,-2.656277611661011306e+01,-7.896162121759206509e-02,3.655015239654864634e-01,9.007725404602163755e-01,2.345537600030601078e-01,2.360742859569567827e+03
2.006138690383843404e+00,-2.647409582676854711e+01,7.733709230315074512e-01,3.538430696607264281e-01,9.208590536554053241e-01,1.637427413777257368e-01,2.368746735403633920e+03
1.644134240035474148e+00,-2.633623757756654626e+01,1.619429085818996583e+00,3.402195143985627390e-01,9.358314835628394057e-01,9.202236899262562775e-02,2.376750611237700014e+03
1.265716845929963252e+00,-2.614786388683092611e+01,2.455489494540729734e+00,3.247065178421180143e-01,9.456066813028657370e-01,1.979094606892702751e-02,2.384754487071766107e+03
8.741077365089581219e-01,-2.590857719352161581e+01,3.278733239795614818e+00,3.073902324743931769e-01,9.501303604645937595e-01,-5.255038632430820977e-02,2.392758362905832200e+03
4.725282621716118125e-01,-2.561808522450644787e+01,4.086343669528487155e+00,2.883668251797689153e-01,9.493773985263920245e-01,-1.245998768178691041e-01,2.400762238739898294e+03
6.419855974369016727e-02,-2.527620092830561660e+01,4.875506882878818615e+00,2.677419432281709089e-01,9.433519763633368971e-01,-1.959573946747759643e-01,2.408766114573964387e+03
-3.476637815806833953e-01,-2.488284237972316149e+01,5.643412223663711202e+00,2.456301276247098986e-01,9.320875550675095100e-01,-2.662266517295847068e-01,2.416769990408030480e+03
-6.514536894824737301e-01,-2.455672758347504470e+01,6.190199836364836727e+00,2.221541770791278514e-01,9.156466902079183345e-01,-3.350174030064902442e-01,2.422651536278851381e+03
-1.063559864040345859e+00,-2.406257907217199588e+01,6.908055214064050098e+00,2.310249968968748346e-01,8.895653647648016360e-01,-3.940798302620562854e-01,2.430655412112917475e+03
-1.470204439281025399e+00,-2.351723737699615668e+01,7.596987359733272882e+00,2.389145818910710095e-01,8.597057875625312429e-01,-4.514684722005855577e-01,2.438659287946983568e+03
-1.868190970937712470e+00,-2.292101598592006795e+01,8.254202669401749404e+00,2.457894232128168543e-01,8.261947816878397743e-01,-5.069395843179039796e-01,2.446663163781049661e+03
-2.254331871897580442e+00,-2.227433266993151406e+01,8.876913113265137767e+00,2.516203218302440758e-01,7.891746783351636374e-01,-5.602575664072757533e-01,2.454667039615115755e+03
-2.625465730789779961e+00,-2.157830454626970251e+01,9.463064025692766279e+00,2.563825125222679580e-01,7.488027123111804517e-01,-6.111959630987199299e-01,2.462670915449181848e+03
-2.978504551546528045e+00,-2.083534207377045533e+01,1.001206176523465707e+01,2.600557690462156901e-01,7.052503542637965639e-01,-6.595384255648284455e-01,2.470674791283247941e+03
-3.310463937436529669e+00,-2.004855083925732018e+01,1.052404651551896642e+01,2.626244900333356003e-01,6.587025824696648435e-01,-7.050796303130799636e-01,2.478678667117314035e+03
-3.618463311609885658e+00,-1.922113313305327509e+01,1.099916495608809619e+01,2.640777652478120130e-01,6.093570972701907174e-01,-7.476261511664640258e-01,2.486682542951380128e+03
-3.899727137904462460e+00,-1.835638503661626686e+01,1.143757023230612901e+01,2.644094219280541114e-01,5.574234814888352485e-01,-7.869972807324200348e-01,2.494686418785446222e+03
-4.027069423620271316e+00,-1.790990308247958396e+01,1.163751902625977408e+01,2.636180510133555588e-01,5.031223103913327055e-01,-8.230257978738786395e-01,2.498666572844796974e+03
-4.255938289941366470e+00,-1.698154363087626706e+01,1.200341443463340418e+01,2.573667289983664896e-01,4.387972668255104569e-01,-8.609397919897606721e-01,2.506670448678863067e+03
-4.451340282685953831e+00,-1.602461742148858548e+01,1.233300913487880024e+01,2.496704810485740889e-01,3.720087039184640232e-01,-8.940202319311431056e-01,2.514674324512929161e+03
-4.610877047120689021e+00,-1.504273028906452936e+01,1.262648022055529751e+01,2.405725162659334004e-01,3.031315899598107655e-01,-9.220813974841559624e-01,2.522678200346995254e+03
-4.732260389661791855e+00,-1.403956843335127225e+01,1.288401110484923784e+01,2.301239131939757376e-01,2.325526184021838305e-01,-9.449657476602295603e-01,2.530682076181061348e+03
-4.813313322568445685e+00,-1.301889537013886233e+01,1.310579148568156960e+01,2.183833330486446289e-01,1.606680369626118376e-01,-9.625448050587835924e-01,2.538685952015127441e+03
-4.854537567871966885e+00,-1.198479428038504757e+01,1.329176956749321903e+01,2.054166903874939387e-01,8.788142310582834626e-02,-9.747198770845140192e-01,2.546689827849193534e+03
-4.861693718184452173e+00,-1.094178123369141353e+01,1.344140432620846504e+01,1.912967830657847368e-01,1.460141839217712380e-02,-9.814226099749787657e-01,2.554693703683259628e+03
-4.843252418274074600e+00,-9.894362580700263976e+00,1.355391334636411038e+01,1.761028835560521366e-01,-5.876056559721996864e-02,-9.826153725310653453e-01,2.562697579517325721e+03
-4.807830282362814955e+00,-8.846720979425862552e+00,1.362852070140533378e+01,1.599202939242155286e-01,-1.317926568862201053e-01,-9.782914673973236441e-01,2.570701455351391814e+03
-4.764185281006247052e+00,-7.802711358321948509e+00,1.366445709063240699e+01,1.428398669590009162e-01,-2.040848353212630084e-01,-9.684751687055623837e-01,2.578705331185457908e+03
-4.756577585472880898e+00,-7.591872457766719151e+00,1.366387551212156737e+01,1.249574961412103502e-01,-2.752312344068300609e-01,-9.532215858682198117e-01,2.580331318504142928e+03
-4.730757006331839598e+00,-6.562028537001849848e+00,1.362175804343964458e+01,1.950212841694545507e-01,-3.241099124760939421e-01,-9.256983652112789063e-01,2.588335194338209021e+03
-4.716583368159932732e+00,-5.542832930149448778e+00,1.353930175957550119e+01,2.635140437336818131e-01,-3.703776801175646116e-01,-8.907180939136781772e-01,2.596339070172275115e+03
-4.723234445293178041e+00,-4.537062967021673110e+00,1.341576220517976736e+01,3.298840322924947999e-01,-4.136618286790231247e-01,-8.485625591149971170e-01,2.604342946006341208e+03
-4.758892533010826931e+00,-3.547049117462556023e+00,1.325126808630663966e+01,3.935966071744030348e-01,-4.536136834917648963e-01,-7.995713457654726186e-01,2.612346821840407301e+03
-4.829617300365588228e+00,-2.574624366276896392e+00,1.304768721878424209e+01,4.541385316972313957e-01,-4.899114121455700466e-01,-7.441391014297296103e-01,2.620350697674473395e+03
-4.934774778119750849e+00,-1.673336597995143116e+00,1.282084360038866322e+01,5.110221089353976787e-01,-5.222626166426501682e-01,-6.827123577582093761e-01,2.627917929885181820e+03
-5.091501596507908900e+00,-7.404515433549102577e-01,1.254723021362407565e+01,4.550688179228268293e-01,-5.799872390512181841e-01,-6.756664661583479115e-01,2.635921805719247914e+03
-5.298435300194240583e+00,1.709606451726138066e-01,1.224262044921408865e+01,3.961518762899563506e-01,-6.339346487055166346e-01,-6.642202587105887623e-01,2.643925681553314007e+03
-5.558207707583378898e+00,1.060525933091362338e+00,1.190941355755333220e+01,3.346549792974041204e-01,-6.837535173596547278e-01,-6.484482803807936069e-01,2.651929557387380100e+03
-5.868147997105934266e+00,1.929115422793954204e+00,1.154929605377136959e+01,2.709786228704862965e-01,-7.291194027280840650e-01,-6.284532460825205114e-01,2.659933433221446194e+03
-6.222916526704505458e+00,2.778050937307342760e+00,1.116360028009065175e+01,2.055374958704233590e-01,-7.697368609529826600e-01,-6.043653718409141007e-01,2.667937309055512287e+03
-6.300235955659788445e+00,2.937558107738299729e+00,1.108459783039983115e+01,1.387577799928115252e-01,-8.053413703395909673e-01,-5.763415269695559839e-01,2.669480296999758139e+03
-6.744567382114444065e+00,3.744334029568150868e+00,1.065147493746512808e+01,2.713225601709232104e-01,-7.112609906502989077e-01,-6.484519037848588408e-01,2.677484172833824232e+03
-7.221589099129587908e+00,4.534536227258405994e+00,1.019506215234993185e+01,3.953069068545378983e-01,-5.946873219816639633e-01,-7.000553110062488482e-01,2.685488048667890325e+03
-7.723523871684474074e+00,5.309086303453252498e+00,9.714756278988126326e+00,5.067898723463177824e-01,-4.593069460283768501e-01,-7.295198109838452183e-01,2.693491924501956419e+03
-8.241778968448180365e+00,6.068695437884690236e+00,9.209308049783476946e+00,6.022458573026384654e-01,-3.094012007374249418e-01,-7.359135984234977945e-01,2.701495800336022512e+03
-8.767758903211259280e+00,6.813742937350466100e+00,8.677472586752369210e+00,6.786561075255052033e-01,-1.497107851301662240e-01,-7.190344696428604410e-01,2.709499676170088605e+03
-9.292870199992368185e+00,7.544276296062598419e+00,8.118009626646767174e+00,7.336041820982976969e-01,1.471416388837242135e-02,-6.794162180795442207e-01,2.717503552004154699e+03
-9.808526156201205382e+00,8.260011360879301989e+00,7.529683745464180511e+00,7.653523733109044436e-01,1.786737812320749463e-01,-6.183117535420048494e-01,2.725507427838220792e+03
-1.030615160307930545e+01,8.960332601372265060e+00,6.911264582312039551e+00,7.728966613069894187e-01,3.369829186621970396e-01,-5.376534789909402923e-01,2.733511303672286886e+03
-1.077718766264046479e+01,9.644293484656719428e+00,6.261527062599552274e+00,7.559984654024681783e-01,4.846351241349277084e-01,-4.399921780720117970e-01,2.741515179506352979e+03
-1.090631447308784807e+01,9.838610515621279973e+00,6.061842683161150269e+00,7.151921880438242285e-01,6.169609692628372777e-01,-3.284163463777974856e-01,2.743859125371373921e+03
-1.131266946036886267e+01,1.048206899250612523e+01,5.348869195096821905e+00,7.948622281152175617e-01,5.318752649778665242e-01,-2.920629055890970327e-01,2.751863001205440014e+03
-1.167685029776797734e+01,1.111105614437953548e+01,4.609026490626395578e+00,8.626820623021400625e-01,4.388601111916893838e-01,-2.513552509651386102e-01,2.759866877039506107e+03
-1.199381036293562452e+01,1.172931044552582591e+01,3.848343789696458739e+00,9.176406042661773288e-01,3.393022232526980431e-01,-2.069002723503523822e-01,2.767870752873572201e+03
-1.225832618932291496e+01,1.234037125241003707e+01,3.072853977860530161e+00,9.589185093663136206e-01,2.346858570685786405e-01,-1.593607256747300582e-01,2.775874628707638294e+03
-1.246500036215835827e+01,1.294757369905412503e+01,2.288592540613399340e+00,9.859003891952228260e-01,1.265706815082705827e-01,-1.094453524282452267e-01,2.783878504541704388e+03
-1.260945318166149676e+01,1.355238094049602893e+01,1.501144425983019337e+00,9.981839856458001314e-01,1.656852669331966219e-02,-5.789831365719615847e-02,2.791882380375770481e+03
-1.268959811754468348e+01,1.415277686971715987e+01,7.151909872250673539e-01,9.955861677965854861e-01,-9.368064525579040958e-02,-5.488095969628300520e-03,2.799886256209836574e+03
-1.270458068413389441e+01,1.474501736017038489e+01,-6.503877114864192732e-02,9.781456622355757524e-01,-2.025331888740958819e-01,4.700394509961365597e-02,2.807890132043902668e+03
-1.267937240589781922e+01,1.504386811741029639e+01,-4.616455728886214027e-01,9.461224761020116114e-01,-3.083662790112288166e-01,9.879523360953652855e-02,2.812008479671528221e+03
-1.256591227744031691e+01,1.561020188640947559e+01,-1.219808630727315046e+00,9.491309460353760663e-01,-2.630342413576106098e-01,1.730937178291707679e-01,2.820012355505594314e+03
-1.238563754585517707e+01,1.615828875382748109e+01,-1.961620754305737790e+00,9.449408997140146260e-01,-2.157072715697698206e-01,2.460793958058908881e-01,2.828016231339660408e+03
-1.213800066035478231e+01,1.668427816102465400e+01,-2.682860298129520427e+00,9.335841176813293174e-01,-1.667443122023753999e-01,3.171987225100355023e-01,2.836020107173726501e+03
-1.182254171393787523e+01,1.718429378168681509e+01,-3.379309255678956792e+00,9.151467346508911360e-01,-1.165167132764343694e-01,3.859123081553405554e-01,2.844023983007792594e+03
-1.143888886034387298e+01,1.765443579608947289e+01,-4.046754002994478405e+00,8.897685861576347666e-01,-6.540541593047777269e-02,4.516990089149403587e-01,2.852027858841858688e+03
-1.098675870860082071e+01,1.809078317440080497e+01,-4.680986041678099951e+00,8.576421479796310088e-01,-1.379806335197507859e-02,5.140598792527467653e-01,2.860031734675924781e+03
-1.046763127190735965e+01,1.849055518814734000e+01,-5.278595189839450974e+00,8.190110763754057110e-01,3.791393910726856276e-02,5.725219559077776577e-01,2.868035610509990875e+03
-9.886366861732595268e+00,1.885335664625586460e+01,-5.837762631493975896e+00,7.741683602055680069e-01,8.933839234352934644e-02,6.266418448449935230e-01,2.876039486344056968e+03
-9.249443297093108640e+00,1.918014459043029518e+01,-6.357468786311912368e+00,7.234540989474333994e-01,1.400852779372168677e-01,6.760090839788855943e-01,2.884043362178123061e+03
-8.563249510581806945e+00,1.947210886703645372e+01,-6.836701037695681826e+00,6.672529234454283031e-01,1.897697160624536306e-01,7.202492561742548371e-01,2.892047238012189155e+03
-8.253915372499699643e+00,1.958330880168549726e+01,-7.022533699066654478e+00,6.059910789470628334e-01,2.380148844445648670e-01,7.590268289196103746e-01,2.895442534093102950e+03
-7.486194910301858130e+00,1.981661188712279298e+01,-7.418737665022515415e+00,5.547554319753095209e-01,2.087097779303696832e-01,8.054096096340901401e-01,2.903446409927169043e+03
-6.684518810284448165e+00,2.001850868968133668e+01,-7.772045456331578173e+00,5.003935975597998409e-01,1.782285390252452972e-01,8.472537019092281074e-01,2.911450285761235136e+03
-5.854949678111541544e+00,2.019096923142738476e+01,-8.081471727699408802e+00,4.432119185102631476e-01,1.467429372726088144e-01,8.843233038045934524e-01,2.919454161595301230e+03
-5.003447377607347590e+00,2.033618379855675329e+01,-8.346038867503343894e+00,3.835326281433418250e-01,1.144304020384355053e-01,9.164095188503899037e-01,2.927458037429367323e+03
-4.135865993960325504e+00,2.045655991411535979e+01,-8.564777169012526059e+00,3.216920344161794953e-01,8.147302265251463171e-02,9.433315332235371331e-01,2.935461913263433416e+03
-3.257950831455536100e+00,2.055471924439881093e+01,-8.736725000557944654e+00,2.580386247474719674e-01,4.805652229042432083e-02,9.649376346710782926e-01,2.943465789097499510e+03
-2.375335446224186686e+00,2.063349443978182407e+01,-8.860928974628681232e+00,1.929311022058325109e-01,1.436921137862879998e-02,9.811060674396193670e-01,2.951469664931565603e+03
-1.493538714490958874e+00,2.069592591073839927e+01,-8.936444115872292926e+00,1.267363641318551282e-01,-1.939907357959989517e-02,9.917457183934446086e-01,2.959473540765631697e+03
-6.179619367952166042e-01,2.074525853982120438e+01,-8.962334027978892337e+00,5.982743458460044322e-02,-5.305803977760625845e-02,9.967966304551910683e-01,2.967477416599697790e+03
2.461140213433677393e-01,2.078493833038179162e+01,-8.937671059425184694e+00,-7.418637736634225467e-03,-8.641801044985925051e-02,9.962303404759661474e-01,2.975481292433763883e+03
1.093531551848880623e+00,2.081860899282453303e+01,-8.861536468053863302e+00,-7.462290424988281268e-02,-1.192909937448063395e-01,9.900500396310915052e-01,2.983485168267829977e+03
1.919259089143359187e+00,2.085010846919026761e+01,-8.733020584469086245e+00,-1.414066519542645228e-01,-1.514917421029068900e-01,9.782905554376698509e-01,2.991489044101896070e+03
2.718393857377292555e+00,2.088346539687693237e+01,-8.551222974227604468e+00,-2.073935375664458514e-01,-1.828387961701771480e-01,9.610181554952763605e-01,2.999492919935962163e+03
3.486164579386279883e+00,2.092289551231720779e+01,-8.315252598802494788e+00,-2.722117083037979279e-01,-2.131555073647112830e-01,9.383301740556153625e-01,3.007496795770028257e+03
4.217934146931778372e+00,2.097279799544034873e+01,-8.024227975297973714e+00,-3.354958973634542541e-01,-2.422710333339148647e-01,9.103544635252913686e-01,3.015500671604094350e+03
4.909202251791014326e+00,2.103775175575383116e+01,-7.677277334894044181e+00,-3.968894822890166596e-01,-2.700213006929221282e-01,8.772486739923085475e-01,3.023504547438160444e+03
5.555607977265159647e+00,2.112251166088976007e+01,-7.273538779999756620e+00,-4.560464946257275498e-01,-2.962499296190090337e-01,8.391993648359808988e-01,3.031508423272226537e+03
6.152932349679589130e+00,2.123200470847055499e+01,-6.812160440094312541e+00,-5.126335695393510195e-01,-3.208091150917215528e-01,7.964209534261357248e-01,3.039512299106292630e+03
6.697100849457497951e+00,2.137132614215656901e+01,-6.292300626235026506e+00,-5.663318244122381717e-01,-3.435604598127079967e-01,7.491545068355133230e-01,3.047516174940358724e+03
7.068982283319444448e+00,2.150522262872102885e+01,-5.849910675110600700e+00,-6.168386558301893752e-01,-3.643757541114906462e-01,6.976663833739246146e-01,3.053630985231456634e+03
7.497242025603988225e+00,2.171967092025663604e+01,-5.211960014358746562e+00,-6.592535186365351407e-01,-3.937698927533905824e-01,6.405685519342221301e-01,3.061634861065522728e+03
7.870656231365958710e+00,2.197257639572241317e+01,-4.517397599507868122e+00,-6.977634836332093915e-01,-4.208316490922682229e-01,5.796764994642471525e-01,3.069638736899588821e+03
8.194105075137743555e+00,2.226278538462273815e+01,-3.769562129617849866e+00,-7.321404484235161103e-01,-4.454007307896358792e-01,5.153509025849114522e-01,3.077642612733654914e+03
8.472375772620898360e+00,2.258897698855578184e+01,-2.971801731370599775e+00,-7.621807912733685741e-01,-4.673316101668710254e-01,4.479727754602627621e-01,3.085646488567721008e+03
8.710160374693593610e+00,2.294966591910229781e+01,-2.127473370218561755e+00,-7.877065771926634596e-01,-4.864943861883187504e-01,3.779412129624343808e-01,3.093650364401787101e+03
8.912053595038647913e+00,2.334320538364415754e+01,-1.239942260357143056e+00,-8.085666118675021163e-01,-5.027755538836083948e-01,3.056710267444415763e-01,3.101654240235853194e+03
9.082550671741161707e+00,2.376779001838053773e+01,-3.125812735989286217e-01,-8.246373372013495739e-01,-5.160786766521998636e-01,2.315902882230988502e-01,3.109658116069919288e+03
9.226045263199143420e+00,2.422145886780267787e+01,6.512296527721891382e-01,-8.358235631614155947e-01,-5.263249574684479848e-01,1.561377930255185564e-01,3.117661991903985381e+03
9.346827378685340193e+00,2.470209840988088246e+01,1.648104109088499580e+00,-8.420590315961362649e-01,-5.334537056043024972e-01,7.976046191762806159e-02,3.125665867738051475e+03
9.449081343893366736e+00,2.520744562621012719e+01,2.674649807247933886e+00,-8.433068086848338751e-01,-5.374226961056072227e-01,2.910693609177155122e-03,3.133669743572117568e+03
9.536883801795752902e+00,2.573509111635423707e+01,3.727469175446110672e+00,-8.395595036955979529e-01,-5.382084198931468277e-01,-7.395631488543338850e-02,3.141673619406183661e+03
9.614201749135903086e+00,2.628248225562241203e+01,4.803159953612834876e+00,-8.308393127561071179e-01,-5.358062230073715737e-01,-1.503852644591429089e-01,3.149677495240249755e+03
9.684890608870459161e+00,2.684692639550498328e+01,5.898315789474446902e+00,-8.171978873784482289e-01,-5.302303341722640617e-01,-2.259234507276332016e-01,3.157681371074315848e+03
9.752692338873330868e+00,2.742559410598862968e+01,7.009526835162459335e+00,-7.987160285168424245e-01,-5.215137805152110229e-01,-3.001234454752277347e-01,3.165685246908381941e+03
9.821233577207127752e+00,2.801552245896481708e+01,8.133380344289305341e+00,-7.755032079704113901e-01,-5.097081919421148077e-01,-3.725457468494330349e-01,3.173689122742448035e+03
9.894023824261854116e+00,2.861361835193947911e+01,9.266461269412060275e+00,-7.476969199656144927e-01,-4.948834953263775427e-01,-4.427613826073503178e-01,3.181692998576514128e+03
9.974453662055147163e+00,2.921666187124601777e+01,1.040535285980477376e+01,-7.154618667587065994e-01,-4.771275003229435985e-01,-5.103544509951944974e-01,3.189696874410580222e+03
1.006579301098275003e+01,2.982130969395725728e+01,1.154663725946043051e+01,-6.789889830815535321e-01,-4.565453792604132754e-01,-5.749245842114510952e-01,3.197700750244646315e+03
1.011436121423009027e+01,3.011187223253072176e+01,1.209559485127273071e+01,-6.384943052085871873e-01,-4.332590441915564194e-01,-6.360893198626073053e-01,3.201550333626436895e+03
